age,workclass,education.num,marital.status,occupation,relationship,race,sex,capital.gain,capital.loss,hours.per.week,native.country,income
90,Private,9,Widowed,Craft-repair,Not-in-family,White,Female,0,4356,40,United-States,15000
82,Private,9,Widowed,Exec-managerial,Not-in-family,White,Female,0,4356,18,United-States,29244
66,Private,10,Widowed,Exec-managerial,Unmarried,Black,Female,0,4356,40,United-States,17866
54,Private,4,Divorced,Machine-op-inspct,Unmarried,White,Female,0,3900,40,United-States,18246
41,Private,10,Separated,Prof-specialty,Own-child,White,Female,0,3900,40,United-States,36107
34,Private,9,Divorced,Other-service,Unmarried,White,Female,0,3770,45,United-States,33109
38,Private,6,Separated,Adm-clerical,Unmarried,White,Male,0,3770,40,United-States,29873
74,State-gov,16,Never-married,Prof-specialty,Other-relative,White,Female,0,3683,20,United-States,82699
68,Federal-gov,9,Divorced,Prof-specialty,Not-in-family,White,Female,0,3683,40,United-States,17997
41,Private,10,Never-married,Craft-repair,Unmarried,White,Male,0,3004,60,United-States,148590
45,Private,16,Divorced,Prof-specialty,Unmarried,Black,Female,0,3004,35,United-States,72130
38,Self-emp-not-inc,15,Never-married,Prof-specialty,Not-in-family,White,Male,0,2824,45,United-States,119638
52,Private,13,Widowed,Other-service,Not-in-family,White,Female,0,2824,20,United-States,96308
32,Private,14,Separated,Exec-managerial,Not-in-family,White,Male,0,2824,55,United-States,83310
51,Private,16,Never-married,Exec-managerial,Not-in-family,White,Male,0,2824,40,United-States,50001
46,Private,15,Divorced,Prof-specialty,Not-in-family,White,Male,0,2824,40,United-States,50001
45,Private,7,Divorced,Transport-moving,Not-in-family,White,Male,0,2824,76,United-States,119392
57,Private,14,Divorced,Exec-managerial,Not-in-family,White,Male,0,2824,50,United-States,70780
22,Private,12,Never-married,Handlers-cleaners,Not-in-family,Black,Male,0,2824,40,United-States,67832
34,Private,13,Separated,Sales,Not-in-family,White,Male,0,2824,50,United-States,103180
37,Private,13,Never-married,Exec-managerial,Not-in-family,White,Male,0,2824,40,United-States,50001
29,Private,7,Separated,Sales,Not-in-family,White,Female,0,2754,42,United-States,20011
61,Private,9,Divorced,Sales,Unmarried,White,Female,0,2754,25,United-States,31538
51,Private,10,Married-civ-spouse,Transport-moving,Husband,White,Male,0,2603,40,United-States,42526
61,Private,9,Married-civ-spouse,Transport-moving,Husband,White,Male,0,2603,32,United-States,50000
21,Private,11,Married-civ-spouse,Craft-repair,Husband,White,Male,0,2603,40,United-States,50000
33,Private,2,Married-civ-spouse,Craft-repair,Not-in-family,White,Male,0,2603,32,Mexico,22518
49,Private,3,Married-civ-spouse,Other-service,Husband,White,Male,0,2603,40,Greece,26886
37,Self-emp-inc,6,Never-married,Transport-moving,Not-in-family,White,Male,0,2559,50,United-States,102959
38,Private,6,Never-married,Prof-specialty,Not-in-family,White,Male,0,2559,90,United-States,150817
23,Private,10,Separated,Other-service,Not-in-family,White,Male,0,2559,40,United-States,129821
59,Self-emp-inc,6,Widowed,Exec-managerial,Unmarried,White,Female,0,2559,50,United-States,50001
52,Private,15,Divorced,Exec-managerial,Not-in-family,White,Male,0,2559,60,United-States,58962
51,Private,13,Divorced,Exec-managerial,Not-in-family,White,Male,0,2559,50,United-States,50001
60,Self-emp-not-inc,9,Never-married,Exec-managerial,Not-in-family,Black,Male,0,2559,50,United-States,99477
63,Federal-gov,16,Divorced,Exec-managerial,Not-in-family,White,Female,0,2559,60,United-States,50001
53,Private,9,Never-married,Sales,Not-in-family,White,Male,0,2559,48,United-States,89443
51,Private,15,Never-married,Prof-specialty,Not-in-family,White,Female,0,2559,50,United-States,65459
37,Self-emp-not-inc,16,Never-married,Prof-specialty,Not-in-family,White,Female,0,2559,60,United-States,57813
54,Private,14,Divorced,Prof-specialty,Not-in-family,White,Female,0,2559,40,United-States,126565
44,Private,13,Divorced,Exec-managerial,Unmarried,White,Male,0,2547,50,United-States,50001
43,Private,14,Divorced,Exec-managerial,Unmarried,White,Female,0,2547,40,United-States,61661
51,Private,10,Divorced,Adm-clerical,Unmarried,White,Female,0,2547,40,United-States,50350
43,Private,14,Divorced,Prof-specialty,Unmarried,White,Female,0,2547,40,United-States,104739
71,Private,9,Married-civ-spouse,Prof-specialty,Husband,White,Male,0,2489,15,United-States,41778
48,Private,13,Married-spouse-absent,Sales,Unmarried,White,Female,0,2472,70,United-States,50001
71,Private,9,Married-civ-spouse,Sales,Husband,White,Male,0,2467,52,United-States,27785
73,Self-emp-not-inc,9,Married-civ-spouse,Farming-fishing,Husband,Asian-Pac-Islander,Male,0,2457,40,Vietnam,38330
68,Self-emp-not-inc,10,Married-civ-spouse,Farming-fishing,Wife,White,Female,0,2457,40,United-States,17803
67,Self-emp-not-inc,10,Married-civ-spouse,Farming-fishing,Husband,White,Male,0,2457,40,United-States,39179
40,Self-emp-not-inc,15,Never-married,Prof-specialty,Not-in-family,White,Male,0,2444,45,United-States,95750
50,Private,9,Widowed,Sales,Not-in-family,White,Female,0,2444,72,United-States,55579
51,State-gov,11,Divorced,Tech-support,Not-in-family,White,Male,0,2444,39,United-States,119125
42,Private,10,Never-married,Exec-managerial,Not-in-family,White,Female,0,2444,40,United-States,84118
39,Private,14,Never-married,Sales,Not-in-family,White,Male,0,2444,45,United-States,77002
32,Private,13,Never-married,Exec-managerial,Other-relative,White,Male,0,2444,50,United-States,137737
53,Private,10,Separated,Craft-repair,Not-in-family,White,Male,0,2444,45,United-States,61392
40,Local-gov,10,Never-married,Protective-serv,Not-in-family,White,Male,0,2444,40,United-States,121653
38,Private,13,Never-married,Sales,Not-in-family,White,Female,0,2444,45,United-States,123189
33,Private,11,Separated,Craft-repair,Not-in-family,White,Male,0,2444,42,United-States,122399
43,Private,12,Divorced,Craft-repair,Not-in-family,White,Male,0,2444,70,United-States,103925
50,Self-emp-inc,7,Never-married,Exec-managerial,Other-relative,White,Male,0,2444,40,United-States,54897
44,Private,10,Married-civ-spouse,Adm-clerical,Wife,White,Female,0,2415,6,United-States,99072
51,Self-emp-not-inc,13,Married-civ-spouse,Sales,Husband,Asian-Pac-Islander,Male,0,2415,40,China,56829
41,Private,15,Married-civ-spouse,Prof-specialty,Husband,White,Male,0,2415,40,United-States,250000
60,Self-emp-inc,11,Married-civ-spouse,Machine-op-inspct,Husband,White,Male,0,2415,70,United-States,57206
37,Private,14,Married-civ-spouse,Exec-managerial,Husband,White,Male,0,2415,60,United-States,50001
55,Self-emp-inc,15,Married-civ-spouse,Prof-specialty,Husband,White,Male,0,2415,35,Greece,56121
39,Self-emp-inc,13,Married-civ-spouse,Sales,Husband,White,Male,0,2415,60,United-States,225625
42,Self-emp-inc,15,Married-civ-spouse,Prof-specialty,Husband,White,Male,0,2415,60,United-States,79443
49,Private,13,Married-civ-spouse,Sales,Husband,White,Male,0,2415,55,United-States,50001
47,Self-emp-not-inc,9,Married-civ-spouse,Exec-managerial,Husband,White,Male,0,2415,50,United-States,50001
41,Local-gov,15,Married-civ-spouse,Prof-specialty,Husband,White,Male,0,2415,45,United-States,103469
55,Self-emp-inc,13,Married-civ-spouse,Exec-managerial,Husband,White,Male,0,2415,50,United-States,50001
39,Private,14,Married-civ-spouse,Exec-managerial,Wife,White,Female,0,2415,65,United-States,50001
42,Private,13,Married-civ-spouse,Exec-managerial,Husband,White,Male,0,2415,60,United-States,75855
41,Private,11,Married-civ-spouse,Exec-managerial,Husband,White,Male,0,2415,12,United-States,87779
46,Private,14,Married-civ-spouse,Sales,Husband,White,Male,0,2415,65,United-States,196646
40,Private,14,Married-civ-spouse,Exec-managerial,Husband,White,Male,0,2415,45,United-States,50001
32,Private,13,Married-civ-spouse,Prof-specialty,Husband,White,Male,0,2415,48,United-States,59599
41,Self-emp-inc,10,Married-civ-spouse,Exec-managerial,Husband,White,Male,0,2415,55,United-States,77409
60,Self-emp-inc,15,Married-civ-spouse,Prof-specialty,Husband,White,Male,0,2415,80,United-States,131555
31,Private,14,Married-civ-spouse,Exec-managerial,Husband,White,Male,0,2415,70,Taiwan,111418
58,Self-emp-not-inc,10,Married-civ-spouse,Farming-fishing,Husband,White,Male,0,2415,40,United-States,60388
37,Self-emp-inc,13,Married-civ-spouse,Sales,Husband,White,Male,0,2415,50,United-States,51954
44,Self-emp-not-inc,13,Married-civ-spouse,Exec-managerial,Husband,White,Male,0,2415,50,United-States,91775
39,Self-emp-not-inc,15,Married-civ-spouse,Prof-specialty,Husband,White,Male,0,2415,50,United-States,83845
43,Federal-gov,15,Married-civ-spouse,Prof-specialty,Husband,Asian-Pac-Islander,Male,0,2415,55,United-States,129903
55,Self-emp-inc,13,Married-civ-spouse,Exec-managerial,Husband,White,Male,0,2415,50,United-States,50001
44,Self-emp-inc,14,Married-civ-spouse,Prof-specialty,Husband,White,Male,0,2415,55,United-States,105699
39,Private,15,Married-civ-spouse,Prof-specialty,Husband,Asian-Pac-Islander,Male,0,2415,67,India,73091
46,Self-emp-not-inc,13,Married-civ-spouse,Sales,Husband,White,Male,0,2415,40,United-States,57238
39,Private,10,Married-civ-spouse,Farming-fishing,Husband,White,Male,0,2415,99,United-States,107477
62,Self-emp-inc,13,Married-civ-spouse,Farming-fishing,Husband,White,Male,0,2415,60,United-States,50001
31,Self-emp-not-inc,9,Married-civ-spouse,Other-service,Wife,White,Female,0,2415,40,United-States,50001
46,Private,13,Married-civ-spouse,Adm-clerical,Husband,Asian-Pac-Islander,Male,0,2415,35,Philippines,64099
46,Self-emp-not-inc,15,Married-civ-spouse,Prof-specialty,Husband,White,Male,0,2415,80,United-States,52736
39,Self-emp-inc,11,Married-civ-spouse,Craft-repair,Husband,White,Male,0,2415,40,United-States,150121
39,Private,15,Married-civ-spouse,Sales,Husband,White,Male,0,2415,99,United-States,58462
59,Private,16,Married-civ-spouse,Prof-specialty,Husband,White,Male,0,2415,45,United-States,127536
50,Self-emp-inc,15,Married-civ-spouse,Prof-specialty,Husband,White,Male,0,2415,60,United-States,56994
46,Private,16,Married-civ-spouse,Prof-specialty,Husband,White,Male,0,2415,55,United-States,108735
53,Self-emp-not-inc,13,Married-civ-spouse,Exec-managerial,Husband,White,Male,0,2415,40,United-States,117959
50,Self-emp-not-inc,15,Married-civ-spouse,Prof-specialty,Husband,White,Male,0,2415,30,United-States,63222
41,Self-emp-inc,15,Married-civ-spouse,Exec-managerial,Wife,White,Female,0,2415,55,United-States,110165
36,Private,13,Married-civ-spouse,Sales,Husband,White,Male,0,2415,45,United-States,50001
38,Private,15,Married-civ-spouse,Prof-specialty,Husband,White,Male,0,2415,90,United-States,60673
54,Private,10,Married-civ-spouse,Sales,Husband,White,Male,0,2415,50,United-States,56802
50,Private,13,Married-civ-spouse,Exec-managerial,Wife,White,Female,0,2415,20,United-States,97710
47,Private,13,Married-civ-spouse,Exec-managerial,Husband,White,Male,0,2415,60,United-States,72388
47,Self-emp-inc,15,Married-civ-spouse,Prof-specialty,Husband,White,Male,0,2415,45,United-States,72519
67,Private,13,Widowed,Exec-managerial,Not-in-family,White,Male,0,2392,40,United-States,169701
67,Self-emp-inc,13,Married-civ-spouse,Exec-managerial,Husband,White,Male,0,2392,75,United-States,50001
72,Self-emp-not-inc,16,Married-civ-spouse,Prof-specialty,Husband,White,Male,0,2392,25,United-States,50001
72,Self-emp-not-inc,16,Married-civ-spouse,Prof-specialty,Husband,White,Male,0,2392,6,United-States,129508
46,Self-emp-inc,14,Married-civ-spouse,Exec-managerial,Husband,White,Male,0,2392,50,United-States,83283
78,Self-emp-inc,13,Married-civ-spouse,Exec-managerial,Husband,White,Male,0,2392,40,United-States,63136
71,Self-emp-inc,13,Married-civ-spouse,Exec-managerial,Husband,White,Male,0,2392,60,United-States,130063
83,Self-emp-inc,13,Married-civ-spouse,Exec-managerial,Husband,White,Male,0,2392,55,United-States,73513
68,Private,14,Married-civ-spouse,Exec-managerial,Husband,White,Male,0,2392,40,United-States,103459
26,Private,11,Married-civ-spouse,Adm-clerical,Husband,White,Male,0,2377,45,United-States,31022
68,State-gov,16,Married-civ-spouse,Prof-specialty,Husband,White,Male,0,2377,60,United-States,50195
49,Self-emp-inc,9,Married-civ-spouse,Adm-clerical,Wife,White,Female,0,2377,40,United-States,62550
36,Private,9,Married-civ-spouse,Prof-specialty,Husband,White,Male,0,2377,60,United-States,34970
70,Self-emp-not-inc,13,Married-civ-spouse,Craft-repair,Husband,White,Male,0,2377,12,United-States,75275
27,Private,10,Married-civ-spouse,Adm-clerical,Wife,Black,Female,0,2377,20,United-States,16670
35,Local-gov,10,Married-civ-spouse,Exec-managerial,Husband,White,Male,0,2377,40,United-States,50000
23,Private,9,Married-civ-spouse,Sales,Husband,White,Male,0,2377,40,United-States,21568
81,Private,9,Married-civ-spouse,Exec-managerial,Husband,White,Male,0,2377,26,United-States,53734
66,Self-emp-not-inc,16,Married-civ-spouse,Sales,Husband,White,Male,0,2377,25,United-States,87590
71,Private,9,Married-civ-spouse,Exec-managerial,Husband,White,Male,0,2377,45,United-States,69370
68,Private,10,Married-civ-spouse,Sales,Husband,White,Male,0,2377,55,United-States,111230
68,State-gov,14,Married-civ-spouse,Prof-specialty,Husband,White,Male,0,2377,42,United-States,83650
65,State-gov,13,Married-civ-spouse,Prof-specialty,Husband,White,Male,0,2377,40,United-States,50001
52,Private,9,Married-civ-spouse,Sales,Husband,Black,Male,0,2377,40,United-States,39428
40,Self-emp-inc,12,Married-civ-spouse,Craft-repair,Husband,White,Male,0,2377,50,United-States,43903
68,Self-emp-inc,13,Married-civ-spouse,Craft-repair,Husband,White,Male,0,2377,35,United-States,50001
21,Private,10,Married-civ-spouse,Exec-managerial,Husband,White,Male,0,2377,48,United-States,50000
35,Private,9,Married-civ-spouse,Craft-repair,Husband,White,Male,0,2377,40,United-States,31073
70,Self-emp-inc,13,Married-civ-spouse,Exec-managerial,Husband,White,Male,0,2377,50,United-States,75032
61,Self-emp-not-inc,9,Married-civ-spouse,Farming-fishing,Husband,White,Male,0,2352,50,United-States,36414
65,Self-emp-inc,9,Married-civ-spouse,Farming-fishing,Husband,White,Male,0,2352,65,United-States,15000
46,Private,3,Divorced,Craft-repair,Not-in-family,White,Female,0,2339,45,United-States,43381
26,Local-gov,13,Never-married,Prof-specialty,Not-in-family,White,Male,0,2339,55,United-States,50000
59,Local-gov,9,Widowed,Farming-fishing,Unmarried,White,Male,0,2339,40,United-States,47278
61,Private,3,Never-married,Handlers-cleaners,Not-in-family,Black,Male,0,2339,40,United-States,50000
60,State-gov,13,Divorced,Prof-specialty,Not-in-family,White,Female,0,2339,40,United-States,35761
49,Self-emp-inc,10,Divorced,Exec-managerial,Not-in-family,White,Male,0,2339,50,United-States,15000
34,Private,13,Married-spouse-absent,Machine-op-inspct,Not-in-family,Asian-Pac-Islander,Male,0,2339,40,United-States,41600
25,Private,13,Never-married,Prof-specialty,Own-child,White,Female,0,2339,35,United-States,50000
55,Private,10,Never-married,Adm-clerical,Not-in-family,Black,Female,0,2339,45,United-States,35899
59,Local-gov,9,Separated,Protective-serv,Other-relative,Black,Female,0,2339,40,United-States,43810
28,State-gov,10,Separated,Exec-managerial,Own-child,White,Male,0,2339,40,United-States,26955
43,State-gov,11,Widowed,Exec-managerial,Not-in-family,White,Female,0,2339,36,United-States,30232
56,Self-emp-not-inc,14,Divorced,Sales,Unmarried,White,Female,0,2339,60,United-States,30206
41,Private,9,Divorced,Craft-repair,Not-in-family,White,Male,0,2339,40,United-States,24380
42,Private,9,Never-married,Adm-clerical,Other-relative,Black,Female,0,2339,40,Trinadad&Tobago,15000
28,Private,15,Never-married,Prof-specialty,Not-in-family,White,Male,0,2339,40,Canada,35331
40,Self-emp-not-inc,15,Divorced,Other-service,Not-in-family,White,Female,0,2339,35,United-States,47363
69,Private,13,Widowed,Prof-specialty,Not-in-family,White,Male,0,2282,40,United-States,175402
66,Local-gov,9,Married-civ-spouse,Craft-repair,Husband,White,Male,0,2267,40,United-States,47098
69,Private,3,Married-civ-spouse,Machine-op-inspct,Husband,White,Male,0,2267,40,United-States,27826
55,Local-gov,14,Married-civ-spouse,Prof-specialty,Wife,White,Female,0,2267,40,United-States,50000
57,Federal-gov,9,Never-married,Adm-clerical,Not-in-family,White,Male,0,2258,40,United-States,50000
20,Self-emp-not-inc,10,Never-married,Farming-fishing,Own-child,White,Male,0,2258,10,United-States,28876
33,Private,9,Divorced,Craft-repair,Not-in-family,White,Male,0,2258,84,United-States,50000
30,Self-emp-not-inc,10,Never-married,Sales,Other-relative,Asian-Pac-Islander,Male,0,2258,40,South,29457
40,Private,13,Never-married,Tech-support,Not-in-family,Asian-Pac-Islander,Female,0,2258,48,Philippines,41417
38,Private,10,Separated,Machine-op-inspct,Not-in-family,White,Male,0,2258,55,United-States,92758
46,State-gov,12,Divorced,Adm-clerical,Unmarried,White,Male,0,2258,38,United-States,65880
29,Private,13,Never-married,Exec-managerial,Not-in-family,White,Female,0,2258,45,United-States,73361
57,Federal-gov,13,Never-married,Adm-clerical,Not-in-family,White,Male,0,2258,40,United-States,38428
39,Private,9,Never-married,Craft-repair,Own-child,White,Male,0,2258,42,United-States,110643
47,Private,13,Divorced,Exec-managerial,Not-in-family,White,Male,0,2258,40,United-States,134636
26,Private,13,Never-married,Exec-managerial,Not-in-family,White,Male,0,2258,45,United-States,112004
27,Self-emp-not-inc,9,Never-married,Craft-repair,Not-in-family,White,Male,0,2258,50,United-States,35249
23,Private,13,Never-married,Prof-specialty,Own-child,White,Female,0,2258,40,United-States,82663
34,Private,14,Never-married,Prof-specialty,Not-in-family,White,Male,0,2258,50,United-States,50000
33,Private,8,Divorced,Craft-repair,Not-in-family,White,Male,0,2258,42,United-States,50000
38,Local-gov,14,Never-married,Prof-specialty,Not-in-family,White,Female,0,2258,60,United-States,33011
57,Private,10,Widowed,Adm-clerical,Unmarried,White,Female,0,2258,38,United-States,81913
36,Private,9,Never-married,Exec-managerial,Not-in-family,White,Male,0,2258,70,United-States,42342
44,Federal-gov,13,Divorced,Tech-support,Not-in-family,White,Male,0,2258,40,United-States,129978
49,State-gov,16,Never-married,Exec-managerial,Not-in-family,White,Female,0,2258,50,United-States,88365
44,Self-emp-inc,10,Never-married,Sales,Not-in-family,White,Male,0,2258,60,United-States,20021
55,Private,10,Widowed,Farming-fishing,Not-in-family,White,Male,0,2258,62,United-States,83028
45,Private,9,Divorced,Farming-fishing,Not-in-family,White,Male,0,2258,44,United-States,152193
48,Private,9,Divorced,Exec-managerial,Not-in-family,White,Female,0,2258,40,United-States,96392
31,Private,13,Married-civ-spouse,Exec-managerial,Husband,White,Male,0,2246,45,United-States,117997
55,Local-gov,9,Married-civ-spouse,Prof-specialty,Other-relative,White,Female,0,2246,40,United-States,62803
70,Self-emp-not-inc,10,Married-civ-spouse,Exec-managerial,Husband,White,Male,0,2246,40,United-States,105787
70,Self-emp-not-inc,14,Married-civ-spouse,Exec-managerial,Husband,White,Male,0,2246,8,United-States,57090
73,Private,13,Married-civ-spouse,Prof-specialty,Husband,White,Male,0,2246,40,United-States,63626
72,Self-emp-not-inc,15,Married-civ-spouse,Prof-specialty,Husband,White,Male,0,2246,28,United-States,154750
31,Private,9,Separated,Machine-op-inspct,Unmarried,White,Female,0,2238,40,United-States,22761
28,Private,6,Widowed,Adm-clerical,Unmarried,White,Female,0,2238,35,United-States,40097
23,Self-emp-not-inc,13,Never-married,Adm-clerical,Own-child,White,Male,0,2231,40,United-States,86809
49,Local-gov,5,Widowed,Handlers-cleaners,Unmarried,White,Male,0,2231,40,United-States,51547
27,Local-gov,10,Never-married,Protective-serv,Not-in-family,White,Male,0,2231,40,United-States,54238
90,Private,9,Never-married,Other-service,Not-in-family,Black,Male,0,2206,40,United-States,34826
68,Private,9,Widowed,Adm-clerical,Not-in-family,White,Female,0,2206,30,United-States,30681
65,Private,9,Divorced,Adm-clerical,Unmarried,White,Female,0,2206,59,Canada,50000
65,Private,9,Widowed,Adm-clerical,Unmarried,White,Female,0,2206,10,United-States,50000
67,Private,13,Divorced,Exec-managerial,Not-in-family,White,Female,0,2206,5,United-States,26079
66,Local-gov,13,Widowed,Prof-specialty,Not-in-family,Black,Female,0,2206,25,United-States,26488
24,Private,10,Never-married,Adm-clerical,Not-in-family,White,Male,0,2205,24,United-States,24860
44,Self-emp-not-inc,10,Divorced,Machine-op-inspct,Not-in-family,White,Male,0,2205,35,United-States,50000
35,Private,10,Never-married,Adm-clerical,Own-child,White,Female,0,2205,40,United-States,30172
20,Private,12,Never-married,Other-service,Own-child,White,Female,0,2205,18,United-States,17787
38,Private,9,Divorced,Craft-repair,Not-in-family,White,Male,0,2205,40,United-States,21770
39,Private,10,Never-married,Other-service,Own-child,Black,Female,0,2205,40,United-States,36697
32,Private,10,Never-married,Machine-op-inspct,Other-relative,White,Female,0,2205,40,Holand-Netherlands,41798
42,Private,4,Never-married,Handlers-cleaners,Not-in-family,Black,Male,0,2205,40,United-States,50000
63,Private,9,Divorced,Handlers-cleaners,Not-in-family,White,Female,0,2205,40,United-States,26331
42,Self-emp-inc,14,Divorced,Exec-managerial,Unmarried,Asian-Pac-Islander,Male,0,2201,60,India,50001
64,Private,7,Married-civ-spouse,Craft-repair,Husband,White,Male,0,2179,40,United-States,29880
28,Private,4,Married-civ-spouse,Handlers-cleaners,Husband,Other,Male,0,2179,40,Puerto-Rico,33064
41,Self-emp-inc,11,Married-civ-spouse,Sales,Husband,Other,Male,0,2179,84,Mexico,20474
41,Self-emp-not-inc,4,Married-civ-spouse,Craft-repair,Husband,White,Male,0,2179,40,United-States,38022
58,Self-emp-not-inc,2,Married-civ-spouse,Transport-moving,Husband,White,Male,0,2179,18,United-States,35127
59,State-gov,10,Married-civ-spouse,Exec-managerial,Husband,White,Male,0,2179,40,United-States,32798
34,Self-emp-not-inc,9,Married-civ-spouse,Farming-fishing,Wife,White,Female,0,2179,12,United-States,38455
45,Private,9,Married-civ-spouse,Transport-moving,Husband,White,Male,0,2179,45,United-States,36839
29,Private,9,Married-civ-spouse,Adm-clerical,Wife,White,Female,0,2179,40,United-States,30777
47,Private,6,Married-civ-spouse,Sales,Husband,White,Male,0,2179,52,United-States,17061
40,Private,10,Married-civ-spouse,Machine-op-inspct,Husband,White,Male,0,2179,40,United-States,20084
47,Self-emp-not-inc,3,Married-civ-spouse,Sales,Husband,White,Male,0,2179,50,Mexico,18030
63,Self-emp-not-inc,13,Married-civ-spouse,Sales,Husband,White,Male,0,2179,45,United-States,37368
41,Self-emp-not-inc,9,Married-civ-spouse,Handlers-cleaners,Husband,White,Male,0,2179,40,United-States,47365
34,Private,10,Married-civ-spouse,Transport-moving,Husband,Black,Male,0,2179,40,United-States,33954
66,Private,13,Married-civ-spouse,Transport-moving,Husband,White,Male,0,2174,40,United-States,50001
65,Self-emp-not-inc,10,Married-civ-spouse,Exec-managerial,Husband,White,Male,0,2174,10,United-States,88677
70,Private,9,Married-civ-spouse,Handlers-cleaners,Husband,White,Male,0,2174,40,United-States,81868
75,Self-emp-not-inc,15,Married-civ-spouse,Prof-specialty,Husband,White,Male,0,2174,50,United-States,85902
65,State-gov,9,Married-civ-spouse,Adm-clerical,Husband,White,Male,0,2174,40,United-States,67096
65,Federal-gov,10,Married-civ-spouse,Exec-managerial,Husband,Black,Male,0,2174,40,United-States,83343
73,Private,10,Married-civ-spouse,Prof-specialty,Husband,White,Male,0,2174,50,United-States,56553
60,Private,13,Married-civ-spouse,Prof-specialty,Husband,Asian-Pac-Islander,Male,0,2163,25,South,19892
68,Self-emp-not-inc,11,Married-civ-spouse,Prof-specialty,Husband,White,Male,0,2149,40,United-States,41849
74,Self-emp-not-inc,9,Married-civ-spouse,Sales,Husband,White,Male,0,2149,20,United-States,26638
43,Private,3,Married-civ-spouse,Machine-op-inspct,Wife,Asian-Pac-Islander,Female,0,2129,72,United-States,25801
19,Self-emp-not-inc,7,Married-civ-spouse,Craft-repair,Own-child,White,Male,0,2129,55,United-States,17679
37,Self-emp-not-inc,9,Married-civ-spouse,Craft-repair,Husband,White,Male,0,2129,40,United-States,27622
45,Federal-gov,12,Divorced,Adm-clerical,Unmarried,Asian-Pac-Islander,Male,0,2080,40,Philippines,20536
64,Private,14,Married-civ-spouse,Prof-specialty,Husband,Asian-Pac-Islander,Male,0,2057,60,China,24364
30,Private,9,Married-civ-spouse,Transport-moving,Husband,White,Male,0,2057,40,United-States,20191
51,Self-emp-not-inc,10,Married-civ-spouse,Prof-specialty,Wife,White,Female,0,2057,60,Canada,50000
35,Private,7,Married-civ-spouse,Craft-repair,Husband,White,Male,0,2057,40,United-States,47121
29,Private,9,Married-civ-spouse,Adm-clerical,Wife,White,Female,0,2057,20,United-States,18336
34,Private,10,Married-civ-spouse,Adm-clerical,Wife,White,Female,0,2057,40,United-States,44157
41,Private,9,Married-civ-spouse,Craft-repair,Husband,White,Male,0,2051,60,United-States,34268
35,Private,10,Married-civ-spouse,Craft-repair,Husband,White,Male,0,2051,45,United-States,15441
26,Private,10,Married-civ-spouse,Adm-clerical,Husband,White,Male,0,2051,40,United-States,21109
54,Private,9,Married-civ-spouse,Transport-moving,Husband,White,Male,0,2051,50,United-States,50000
52,Local-gov,9,Married-civ-spouse,Craft-repair,Husband,White,Male,0,2051,40,United-States,37529
50,Self-emp-not-inc,9,Married-civ-spouse,Farming-fishing,Husband,White,Male,0,2051,20,United-States,35688
31,Private,10,Married-civ-spouse,Adm-clerical,Husband,White,Male,0,2051,40,United-States,22998
38,Federal-gov,9,Married-civ-spouse,Transport-moving,Husband,White,Male,0,2051,40,United-States,30485
30,Private,10,Married-civ-spouse,Craft-repair,Husband,White,Male,0,2051,40,United-States,31527
34,Local-gov,13,Married-civ-spouse,Prof-specialty,Husband,White,Male,0,2051,40,United-States,37153
31,Private,10,Married-civ-spouse,Sales,Husband,White,Male,0,2051,57,United-States,50000
52,Private,9,Married-civ-spouse,Machine-op-inspct,Husband,White,Male,0,2051,38,United-States,40627
54,Private,9,Married-civ-spouse,Craft-repair,Husband,White,Male,0,2051,40,United-States,27547
38,Private,9,Married-civ-spouse,Craft-repair,Husband,White,Male,0,2051,44,United-States,31669
39,Private,9,Married-civ-spouse,Machine-op-inspct,Husband,White,Male,0,2051,40,United-States,34476
29,Private,11,Married-civ-spouse,Tech-support,Husband,White,Male,0,2051,40,United-States,42089
45,Private,9,Married-civ-spouse,Craft-repair,Husband,White,Male,0,2051,40,United-States,34484
34,Private,9,Married-civ-spouse,Transport-moving,Husband,White,Male,0,2051,55,United-States,50000
38,Private,9,Married-civ-spouse,Craft-repair,Husband,White,Male,0,2051,40,Poland,50000
39,Private,6,Married-civ-spouse,Craft-repair,Husband,White,Male,0,2051,40,United-States,26932
61,Private,9,Married-civ-spouse,Craft-repair,Husband,White,Male,0,2051,20,United-States,47096
43,Private,7,Married-civ-spouse,Transport-moving,Husband,White,Male,0,2042,40,United-States,15171
35,Private,10,Married-civ-spouse,Handlers-cleaners,Husband,White,Male,0,2042,40,United-States,30545
46,Private,10,Married-civ-spouse,Sales,Husband,White,Male,0,2042,50,United-States,28781
38,Private,9,Married-civ-spouse,Handlers-cleaners,Husband,White,Male,0,2042,40,United-States,27193
42,Self-emp-not-inc,9,Married-civ-spouse,Craft-repair,Husband,White,Male,0,2042,48,United-States,30325
34,Private,12,Married-civ-spouse,Tech-support,Husband,White,Male,0,2042,10,United-States,24574
29,Private,4,Married-civ-spouse,Farming-fishing,Husband,White,Male,0,2042,40,United-States,26915
32,Private,7,Married-civ-spouse,Craft-repair,Husband,White,Male,0,2042,30,United-States,40101
60,Private,9,Married-civ-spouse,Protective-serv,Husband,White,Male,0,2042,34,United-States,17428
49,Local-gov,9,Married-civ-spouse,Craft-repair,Husband,White,Male,0,2002,40,United-States,50000
53,Local-gov,9,Married-civ-spouse,Other-service,Husband,White,Male,0,2002,45,United-States,32370
56,Private,4,Married-civ-spouse,Handlers-cleaners,Husband,White,Male,0,2002,40,United-States,28848
48,Private,7,Married-civ-spouse,Transport-moving,Husband,White,Male,0,2002,40,United-States,42544
32,Federal-gov,13,Married-civ-spouse,Prof-specialty,Husband,Asian-Pac-Islander,Male,0,2002,40,Iran,44367
42,Self-emp-not-inc,9,Married-civ-spouse,Craft-repair,Husband,White,Male,0,2002,40,United-States,15462
32,Private,12,Married-civ-spouse,Prof-specialty,Husband,White,Male,0,2002,42,United-States,15000
28,Local-gov,12,Married-civ-spouse,Protective-serv,Husband,White,Male,0,2002,40,England,36935
26,Private,11,Married-civ-spouse,Craft-repair,Husband,White,Male,0,2002,40,United-States,36152
59,Private,13,Married-civ-spouse,Exec-managerial,Husband,White,Male,0,2002,50,United-States,15000
47,Self-emp-not-inc,13,Married-civ-spouse,Prof-specialty,Husband,White,Male,0,2002,30,United-States,37358
26,Self-emp-not-inc,13,Married-civ-spouse,Prof-specialty,Husband,White,Male,0,2002,40,United-States,43449
41,Private,9,Married-civ-spouse,Craft-repair,Husband,White,Male,0,2002,60,United-States,50000
36,Private,9,Married-civ-spouse,Craft-repair,Own-child,White,Female,0,2002,40,United-States,15759
45,Private,13,Married-civ-spouse,Sales,Husband,White,Male,0,2002,55,United-States,41115
30,Private,12,Married-civ-spouse,Prof-specialty,Husband,White,Male,0,2002,40,United-States,40700
36,Private,9,Married-civ-spouse,Transport-moving,Husband,White,Male,0,2002,40,United-States,33669
34,Self-emp-inc,9,Married-civ-spouse,Exec-managerial,Husband,White,Male,0,2002,40,United-States,29802
53,Private,9,Married-civ-spouse,Transport-moving,Husband,White,Male,0,2002,40,United-States,15000
51,Private,9,Married-civ-spouse,Sales,Husband,White,Male,0,2002,45,United-States,50000
47,Self-emp-not-inc,16,Married-civ-spouse,Transport-moving,Husband,White,Male,0,2002,45,United-States,44444
19,Self-emp-not-inc,9,Never-married,Transport-moving,Unmarried,White,Male,0,2001,40,United-States,41189
30,Private,9,Never-married,Adm-clerical,Unmarried,White,Male,0,2001,42,United-States,50000
20,Private,9,Never-married,Other-service,Unmarried,White,Male,0,2001,40,United-States,34832
42,Federal-gov,14,Divorced,Adm-clerical,Not-in-family,White,Male,0,2001,60,United-States,38847
31,Private,7,Never-married,Craft-repair,Not-in-family,White,Male,0,2001,40,United-States,18981
33,Private,13,Never-married,Handlers-cleaners,Not-in-family,White,Male,0,2001,40,United-States,25412
25,Private,12,Never-married,Tech-support,Not-in-family,White,Female,0,2001,30,United-States,39301
20,Private,9,Never-married,Other-service,Not-in-family,White,Male,0,2001,40,United-States,30062
23,Private,9,Never-married,Adm-clerical,Own-child,Black,Male,0,2001,40,United-States,50000
55,Private,9,Separated,Adm-clerical,Not-in-family,Black,Female,0,2001,40,United-States,46681
41,Self-emp-not-inc,10,Divorced,Craft-repair,Not-in-family,White,Male,0,2001,50,United-States,43665
54,Self-emp-not-inc,9,Widowed,Craft-repair,Not-in-family,White,Male,0,2001,35,United-States,50000
25,Private,9,Never-married,Craft-repair,Not-in-family,White,Male,0,2001,50,United-States,40784
19,Private,10,Never-married,Adm-clerical,Own-child,White,Female,0,2001,40,United-States,35167
24,Private,9,Never-married,Adm-clerical,Not-in-family,White,Female,0,2001,37,United-States,42248
56,Federal-gov,13,Never-married,Transport-moving,Not-in-family,Black,Male,0,2001,65,United-States,15090
21,Local-gov,10,Never-married,Other-service,Not-in-family,White,Female,0,2001,40,United-States,31349
34,Private,9,Never-married,Machine-op-inspct,Not-in-family,Black,Male,0,2001,40,United-States,25332
19,Private,9,Never-married,Adm-clerical,Own-child,White,Male,0,2001,40,United-States,17675
21,Private,10,Never-married,Adm-clerical,Not-in-family,White,Male,0,2001,45,United-States,46444
48,Private,9,Separated,Adm-clerical,Not-in-family,White,Female,0,2001,40,United-States,26067
34,Private,13,Never-married,Other-service,Not-in-family,White,Male,0,2001,40,United-States,31801
31,Private,9,Never-married,Farming-fishing,Not-in-family,White,Male,0,2001,40,United-States,35662
36,Private,9,Never-married,Other-service,Not-in-family,Black,Female,0,2001,40,United-States,43018
27,Private,9,Never-married,Other-service,Not-in-family,White,Male,0,1980,40,United-States,39811
27,Private,10,Never-married,Craft-repair,Own-child,Asian-Pac-Islander,Male,0,1980,40,Philippines,25529
35,Private,13,Divorced,Sales,Not-in-family,White,Female,0,1980,65,United-States,29918
31,Self-emp-not-inc,13,Married-spouse-absent,Exec-managerial,Not-in-family,White,Male,0,1980,60,United-States,28374
27,Federal-gov,9,Never-married,Craft-repair,Not-in-family,Black,Male,0,1980,40,United-States,50000
28,Local-gov,12,Never-married,Adm-clerical,Not-in-family,White,Female,0,1980,40,United-States,21737
42,Private,9,Divorced,Transport-moving,Not-in-family,White,Male,0,1980,46,United-States,20939
44,Private,10,Separated,Exec-managerial,Not-in-family,White,Male,0,1980,45,England,25161
41,Private,13,Divorced,Sales,Not-in-family,White,Male,0,1980,56,United-States,46839
28,Private,13,Never-married,Tech-support,Not-in-family,White,Female,0,1980,35,United-States,28699
41,Federal-gov,9,Never-married,Adm-clerical,Not-in-family,White,Female,0,1980,40,United-States,39817
35,Private,6,Widowed,Other-service,Not-in-family,Black,Female,0,1980,40,United-States,31530
58,Private,14,Divorced,Adm-clerical,Not-in-family,White,Female,0,1980,45,United-States,37329
40,Private,9,Divorced,Machine-op-inspct,Not-in-family,White,Male,0,1980,48,United-States,19918
31,Private,11,Never-married,Transport-moving,Own-child,White,Male,0,1980,60,United-States,19274
30,Private,9,Never-married,Sales,Not-in-family,White,Female,0,1980,40,United-States,25900
32,Private,10,Separated,Tech-support,Not-in-family,Amer-Indian-Eskimo,Male,0,1980,40,United-States,31574
25,Private,10,Never-married,Adm-clerical,Not-in-family,White,Male,0,1980,40,United-States,32920
34,Private,9,Never-married,Transport-moving,Own-child,White,Male,0,1980,40,United-States,23287
56,Private,10,Divorced,Exec-managerial,Not-in-family,White,Female,0,1980,40,United-States,38827
45,Private,9,Divorced,Other-service,Not-in-family,White,Male,0,1980,40,United-States,17305
50,Private,9,Never-married,Adm-clerical,Not-in-family,White,Male,0,1980,40,United-States,35056
27,Private,6,Never-married,Sales,Other-relative,White,Male,0,1980,40,United-States,44923
51,Private,10,Married-civ-spouse,Sales,Husband,White,Male,0,1977,40,United-States,55467
40,Private,12,Married-civ-spouse,Tech-support,Husband,White,Male,0,1977,60,United-States,56033
41,Private,14,Married-civ-spouse,Exec-managerial,Husband,White,Male,0,1977,65,United-States,66211
49,Private,14,Married-civ-spouse,Exec-managerial,Husband,White,Male,0,1977,45,United-States,156653
37,Private,11,Married-civ-spouse,Craft-repair,Husband,White,Male,0,1977,40,United-States,87582
36,Self-emp-inc,13,Married-civ-spouse,Exec-managerial,Wife,White,Female,0,1977,45,United-States,61785
35,Private,15,Married-civ-spouse,Prof-specialty,Husband,White,Male,0,1977,80,United-States,65693
29,Self-emp-inc,9,Married-civ-spouse,Sales,Wife,White,Female,0,1977,25,United-States,50001
50,Private,13,Married-civ-spouse,Prof-specialty,Wife,White,Female,0,1977,40,United-States,79308
46,Private,13,Married-civ-spouse,Sales,Husband,White,Male,0,1977,40,United-States,50001
44,Self-emp-not-inc,9,Married-civ-spouse,Exec-managerial,Husband,White,Male,0,1977,45,United-States,56786
42,Local-gov,14,Married-civ-spouse,Exec-managerial,Husband,White,Male,0,1977,40,United-States,137340
38,Federal-gov,15,Married-civ-spouse,Prof-specialty,Husband,White,Male,0,1977,50,United-States,57729
45,Private,13,Married-civ-spouse,Exec-managerial,Husband,White,Male,0,1977,55,United-States,50805
43,Local-gov,14,Married-civ-spouse,Exec-managerial,Husband,White,Male,0,1977,60,United-States,148027
47,Self-emp-inc,15,Married-civ-spouse,Prof-specialty,Husband,White,Male,0,1977,60,United-States,80814
58,Self-emp-inc,15,Married-civ-spouse,Prof-specialty,Husband,White,Male,0,1977,50,United-States,50001
48,Private,15,Married-civ-spouse,Tech-support,Husband,White,Male,0,1977,40,United-States,109353
42,Local-gov,13,Married-civ-spouse,Exec-managerial,Husband,White,Male,0,1977,48,United-States,50001
55,Private,14,Married-civ-spouse,Exec-managerial,Husband,White,Male,0,1977,50,United-States,69879
51,Private,6,Married-civ-spouse,Sales,Husband,White,Male,0,1977,40,United-States,58829
32,Private,14,Married-civ-spouse,Exec-managerial,Husband,Black,Male,0,1977,40,United-States,176320
45,Local-gov,13,Married-civ-spouse,Exec-managerial,Husband,White,Male,0,1977,50,United-States,50060
56,Private,14,Married-civ-spouse,Craft-repair,Husband,White,Male,0,1977,44,United-States,179977
38,Private,14,Married-civ-spouse,Exec-managerial,Husband,White,Male,0,1977,60,United-States,107730
45,Private,11,Married-civ-spouse,Sales,Husband,White,Male,0,1977,50,United-States,54117
49,Private,14,Married-civ-spouse,Prof-specialty,Wife,White,Female,0,1977,40,United-States,51215
36,Private,9,Married-civ-spouse,Prof-specialty,Husband,White,Male,0,1977,40,United-States,63261
49,Private,14,Married-civ-spouse,Exec-managerial,Husband,White,Male,0,1977,40,United-States,91282
30,Private,16,Married-civ-spouse,Prof-specialty,Husband,Asian-Pac-Islander,Male,0,1977,40,China,50001
42,Self-emp-inc,15,Married-civ-spouse,Prof-specialty,Husband,White,Male,0,1977,50,United-States,134707
55,Private,14,Married-civ-spouse,Exec-managerial,Husband,White,Male,0,1977,40,United-States,50001
34,Private,13,Married-civ-spouse,Exec-managerial,Husband,White,Male,0,1977,45,United-States,50001
54,Private,16,Married-civ-spouse,Prof-specialty,Husband,White,Male,0,1977,50,United-States,79327
42,Self-emp-not-inc,13,Married-civ-spouse,Exec-managerial,Husband,White,Male,0,1977,70,United-States,83570
25,Local-gov,13,Married-civ-spouse,Prof-specialty,Husband,White,Male,0,1977,40,United-States,66045
55,Self-emp-inc,9,Married-civ-spouse,Exec-managerial,Husband,White,Male,0,1977,45,United-States,94684
58,State-gov,14,Married-civ-spouse,Prof-specialty,Husband,White,Male,0,1977,50,United-States,50001
62,Private,9,Married-civ-spouse,Transport-moving,Husband,White,Male,0,1977,60,United-States,97435
43,Self-emp-inc,15,Married-civ-spouse,Prof-specialty,Husband,White,Male,0,1977,40,United-States,59981
57,Local-gov,14,Married-civ-spouse,Prof-specialty,Wife,Black,Female,0,1977,40,United-States,71535
42,Self-emp-inc,16,Married-civ-spouse,Prof-specialty,Husband,White,Male,0,1977,60,United-States,60545
63,Self-emp-not-inc,13,Married-civ-spouse,Prof-specialty,Husband,Asian-Pac-Islander,Male,0,1977,32,China,55283
47,Self-emp-not-inc,15,Married-civ-spouse,Prof-specialty,Husband,White,Male,0,1977,50,United-States,66639
37,Private,13,Married-civ-spouse,Exec-managerial,Husband,White,Male,0,1977,50,United-States,108054
40,Private,13,Married-civ-spouse,Sales,Husband,White,Male,0,1977,60,United-States,85767
43,Private,13,Married-civ-spouse,Prof-specialty,Husband,White,Male,0,1977,50,United-States,143573
43,State-gov,15,Married-civ-spouse,Prof-specialty,Husband,White,Male,0,1977,70,United-States,73718
41,Self-emp-not-inc,15,Married-civ-spouse,Prof-specialty,Husband,White,Male,0,1977,60,United-States,53807
32,Private,15,Married-civ-spouse,Prof-specialty,Husband,White,Male,0,1977,60,United-States,100452
47,Private,13,Married-civ-spouse,Sales,Husband,White,Male,0,1977,40,United-States,62153
39,Federal-gov,10,Married-civ-spouse,Handlers-cleaners,Husband,White,Male,0,1977,60,United-States,104843
53,Private,10,Married-civ-spouse,Exec-managerial,Husband,White,Male,0,1977,40,United-States,54835
34,Private,13,Married-civ-spouse,Exec-managerial,Husband,White,Male,0,1977,45,United-States,50001
36,Private,13,Married-civ-spouse,Exec-managerial,Husband,White,Male,0,1977,40,United-States,64465
47,Local-gov,14,Married-civ-spouse,Exec-managerial,Husband,White,Male,0,1977,41,United-States,50001
52,Private,11,Married-civ-spouse,Exec-managerial,Husband,White,Male,0,1977,45,United-States,92143
40,Self-emp-not-inc,15,Married-civ-spouse,Prof-specialty,Husband,Amer-Indian-Eskimo,Male,0,1977,60,United-States,83133
42,Self-emp-inc,13,Married-civ-spouse,Prof-specialty,Husband,White,Male,0,1977,40,United-States,85183
51,Private,14,Married-civ-spouse,Protective-serv,Husband,White,Male,0,1977,40,United-States,110664
55,Private,14,Married-civ-spouse,Tech-support,Husband,White,Male,0,1977,20,United-States,66980
38,Private,9,Married-civ-spouse,Sales,Husband,White,Male,0,1977,99,United-States,76808
52,Private,10,Married-civ-spouse,Exec-managerial,Husband,White,Male,0,1977,50,United-States,122221
60,Federal-gov,9,Married-civ-spouse,Tech-support,Husband,White,Male,0,1977,40,United-States,50001
55,Private,11,Married-civ-spouse,Prof-specialty,Husband,White,Male,0,1977,50,Germany,59034
47,Local-gov,14,Married-civ-spouse,Exec-managerial,Husband,Black,Male,0,1977,50,United-States,127475
46,Private,14,Married-civ-spouse,Tech-support,Husband,White,Male,0,1977,40,United-States,80106
35,Private,14,Married-civ-spouse,Prof-specialty,Husband,White,Male,0,1977,45,United-States,50001
59,Self-emp-inc,13,Married-civ-spouse,Exec-managerial,Husband,White,Male,0,1977,50,United-States,141653
57,Private,14,Married-civ-spouse,Prof-specialty,Husband,White,Male,0,1977,45,United-States,73162
46,Private,10,Married-civ-spouse,Prof-specialty,Husband,White,Male,0,1977,50,United-States,66496
46,Federal-gov,14,Married-civ-spouse,Exec-managerial,Husband,White,Male,0,1977,40,United-States,149731
52,Private,9,Married-civ-spouse,Craft-repair,Husband,White,Male,0,1977,40,United-States,119802
45,Private,16,Married-civ-spouse,Prof-specialty,Wife,White,Female,0,1977,30,United-States,81671
37,Private,13,Married-civ-spouse,Tech-support,Husband,White,Male,0,1977,40,United-States,50001
46,Private,14,Married-civ-spouse,Exec-managerial,Husband,White,Male,0,1977,45,United-States,50001
44,Private,13,Married-civ-spouse,Prof-specialty,Husband,Black,Male,0,1977,50,United-States,96734
45,Private,11,Married-civ-spouse,Exec-managerial,Husband,White,Male,0,1977,50,United-States,94795
43,Private,9,Married-civ-spouse,Machine-op-inspct,Husband,White,Male,0,1977,52,United-States,50001
54,Local-gov,14,Married-civ-spouse,Prof-specialty,Husband,White,Male,0,1977,40,United-States,92932
50,Private,14,Married-civ-spouse,Prof-specialty,Husband,White,Male,0,1977,40,United-States,50001
51,Private,13,Married-civ-spouse,Exec-managerial,Husband,White,Male,0,1977,60,United-States,50001
45,Private,13,Married-civ-spouse,Prof-specialty,Husband,White,Male,0,1977,40,United-States,54408
36,Private,14,Married-civ-spouse,Prof-specialty,Husband,White,Male,0,1977,60,United-States,50001
27,Private,13,Married-civ-spouse,Exec-managerial,Husband,White,Male,0,1977,50,United-States,135493
36,Private,13,Married-civ-spouse,Sales,Husband,White,Male,0,1977,35,United-States,77579
53,Private,14,Married-civ-spouse,Exec-managerial,Husband,White,Male,0,1977,55,United-States,55450
51,Local-gov,14,Married-civ-spouse,Prof-specialty,Husband,White,Male,0,1977,35,United-States,50001
28,Private,13,Married-civ-spouse,Prof-specialty,Wife,White,Female,0,1977,24,United-States,109936
47,Self-emp-not-inc,10,Married-civ-spouse,Craft-repair,Husband,White,Male,0,1977,40,United-States,117815
45,Private,13,Married-civ-spouse,Exec-managerial,Husband,White,Male,0,1977,60,United-States,90785
45,Local-gov,14,Married-civ-spouse,Prof-specialty,Wife,White,Female,0,1977,35,United-States,50001
39,Self-emp-not-inc,15,Married-civ-spouse,Prof-specialty,Husband,White,Male,0,1977,50,United-States,90987
39,Private,13,Married-civ-spouse,Exec-managerial,Husband,White,Male,0,1977,40,United-States,50001
55,Self-emp-not-inc,14,Married-civ-spouse,Prof-specialty,Husband,White,Male,0,1977,40,United-States,51215
62,Private,10,Married-civ-spouse,Exec-managerial,Husband,White,Male,0,1977,98,United-States,113248
49,Private,13,Married-civ-spouse,Sales,Husband,Asian-Pac-Islander,Male,0,1977,50,South,80676
53,Self-emp-not-inc,14,Married-civ-spouse,Exec-managerial,Husband,White,Male,0,1977,40,United-States,59161
31,Private,14,Married-civ-spouse,Exec-managerial,Husband,White,Male,0,1977,48,United-States,103109
42,Self-emp-inc,9,Married-civ-spouse,Exec-managerial,Husband,White,Male,0,1977,60,Italy,50001
39,Private,13,Married-civ-spouse,Transport-moving,Husband,White,Male,0,1977,45,Philippines,50001
60,Self-emp-not-inc,13,Married-civ-spouse,Exec-managerial,Husband,White,Male,0,1977,45,United-States,91866
26,Private,15,Married-civ-spouse,Prof-specialty,Husband,White,Male,0,1977,40,United-States,50001
37,Private,14,Married-civ-spouse,Exec-managerial,Husband,White,Male,0,1977,40,United-States,127762
45,State-gov,13,Married-civ-spouse,Exec-managerial,Husband,White,Male,0,1977,60,United-States,64607
37,Private,12,Married-civ-spouse,Sales,Husband,White,Male,0,1977,45,United-States,94267
32,Private,13,Married-civ-spouse,Sales,Husband,White,Male,0,1977,45,United-States,114865
39,Self-emp-inc,9,Married-civ-spouse,Exec-managerial,Husband,White,Male,0,1977,40,United-States,98744
58,Self-emp-not-inc,6,Married-civ-spouse,Craft-repair,Wife,White,Female,0,1977,35,United-States,50001
45,Private,14,Married-civ-spouse,Exec-managerial,Husband,White,Male,0,1977,43,United-States,99205
41,Private,13,Married-civ-spouse,Prof-specialty,Husband,White,Male,0,1977,45,United-States,118795
36,Self-emp-not-inc,9,Married-civ-spouse,Farming-fishing,Husband,White,Male,0,1977,65,United-States,75339
51,State-gov,14,Married-civ-spouse,Prof-specialty,Husband,White,Male,0,1977,60,United-States,83749
39,Private,10,Married-civ-spouse,Exec-managerial,Husband,White,Male,0,1977,62,United-States,73889
56,Self-emp-not-inc,15,Married-civ-spouse,Prof-specialty,Husband,White,Male,0,1977,50,United-States,56026
53,Federal-gov,9,Married-civ-spouse,Adm-clerical,Husband,Black,Male,0,1977,40,United-States,61564
40,Self-emp-not-inc,11,Married-civ-spouse,Prof-specialty,Wife,White,Female,0,1977,15,United-States,105968
57,Private,14,Married-civ-spouse,Exec-managerial,Husband,Black,Male,0,1977,40,United-States,126439
50,Local-gov,9,Married-civ-spouse,Craft-repair,Husband,White,Male,0,1977,35,United-States,50001
34,Private,15,Married-civ-spouse,Prof-specialty,Husband,White,Male,0,1977,55,United-States,103080
35,Private,13,Married-civ-spouse,Exec-managerial,Wife,White,Female,0,1977,30,United-States,50001
30,Self-emp-not-inc,9,Married-civ-spouse,Prof-specialty,Husband,White,Male,0,1977,15,United-States,66498
53,Local-gov,14,Married-civ-spouse,Prof-specialty,Husband,White,Male,0,1977,55,United-States,175759
31,State-gov,16,Married-civ-spouse,Prof-specialty,Husband,White,Male,0,1977,70,United-States,70837
37,Private,13,Married-civ-spouse,Exec-managerial,Husband,White,Male,0,1977,60,United-States,94270
34,Private,13,Married-civ-spouse,Sales,Husband,White,Male,0,1977,50,United-States,50191
36,Private,14,Married-civ-spouse,Prof-specialty,Husband,White,Male,0,1977,50,United-States,95759
40,Private,13,Married-civ-spouse,Exec-managerial,Husband,White,Male,0,1977,50,United-States,234060
51,Private,10,Married-civ-spouse,Craft-repair,Husband,White,Male,0,1977,60,United-States,104328
33,Private,9,Married-civ-spouse,Sales,Husband,White,Male,0,1977,45,United-States,79382
40,Private,16,Married-civ-spouse,Prof-specialty,Wife,White,Female,0,1977,20,United-States,57207
50,Self-emp-inc,4,Married-civ-spouse,Craft-repair,Husband,White,Male,0,1977,63,United-States,50887
46,Self-emp-inc,14,Married-civ-spouse,Sales,Husband,White,Male,0,1977,60,United-States,50182
54,Private,16,Married-civ-spouse,Exec-managerial,Husband,White,Male,0,1977,50,United-States,56474
39,Private,14,Married-civ-spouse,Prof-specialty,Wife,White,Female,0,1977,24,United-States,61412
54,Self-emp-inc,10,Married-civ-spouse,Sales,Husband,White,Male,0,1977,40,United-States,101750
31,Private,16,Married-civ-spouse,Prof-specialty,Husband,White,Male,0,1977,99,United-States,86297
51,Private,14,Married-civ-spouse,Exec-managerial,Husband,White,Male,0,1977,50,United-States,104028
55,Private,16,Married-civ-spouse,Prof-specialty,Husband,White,Male,0,1977,55,United-States,68223
36,Private,14,Married-civ-spouse,Adm-clerical,Husband,White,Male,0,1977,40,Japan,109343
41,Self-emp-inc,13,Married-civ-spouse,Exec-managerial,Husband,Asian-Pac-Islander,Male,0,1977,60,Taiwan,67664
56,Self-emp-not-inc,10,Married-civ-spouse,Exec-managerial,Wife,White,Female,0,1977,50,United-States,67756
38,Private,13,Married-civ-spouse,Tech-support,Husband,White,Male,0,1977,40,United-States,140513
47,Private,9,Married-civ-spouse,Craft-repair,Husband,White,Male,0,1977,45,United-States,91528
39,Local-gov,14,Married-civ-spouse,Prof-specialty,Husband,White,Male,0,1977,45,United-States,63690
59,Private,13,Married-civ-spouse,Exec-managerial,Husband,White,Male,0,1977,50,United-States,75470
54,Private,16,Married-civ-spouse,Exec-managerial,Husband,White,Male,0,1977,43,United-States,79217
54,Self-emp-not-inc,13,Married-civ-spouse,Exec-managerial,Wife,White,Female,0,1977,35,United-States,50001
31,Private,13,Married-civ-spouse,Exec-managerial,Husband,White,Male,0,1977,55,United-States,67296
59,Self-emp-inc,10,Married-civ-spouse,Exec-managerial,Husband,White,Male,0,1977,48,United-States,179505
46,Private,14,Married-civ-spouse,Prof-specialty,Husband,White,Male,0,1977,50,United-States,57833
57,Private,16,Married-civ-spouse,Tech-support,Husband,White,Male,0,1977,40,Germany,119361
36,Private,14,Married-civ-spouse,Prof-specialty,Wife,White,Female,0,1977,44,United-States,126481
44,Private,13,Married-civ-spouse,Machine-op-inspct,Husband,White,Male,0,1977,40,United-States,50001
33,Private,15,Married-civ-spouse,Prof-specialty,Husband,White,Male,0,1977,50,United-States,130490
54,Private,10,Married-civ-spouse,Tech-support,Husband,White,Male,0,1977,18,United-States,62471
55,Private,14,Married-civ-spouse,Exec-managerial,Husband,White,Male,0,1977,60,United-States,105055
36,Private,14,Married-civ-spouse,Sales,Husband,White,Male,0,1977,50,United-States,58930
49,Local-gov,15,Married-civ-spouse,Prof-specialty,Wife,White,Female,0,1977,60,United-States,78056
41,Private,15,Married-civ-spouse,Prof-specialty,Husband,White,Male,0,1977,50,United-States,241967
40,Private,16,Married-civ-spouse,Prof-specialty,Husband,Asian-Pac-Islander,Male,0,1977,45,Hong,50001
43,Private,13,Married-civ-spouse,Exec-managerial,Husband,White,Male,0,1977,50,United-States,89045
39,Local-gov,14,Married-civ-spouse,Prof-specialty,Wife,White,Female,0,1977,20,United-States,199505
26,Local-gov,13,Married-civ-spouse,Prof-specialty,Wife,White,Female,0,1977,40,United-States,50001
48,Private,15,Married-civ-spouse,Prof-specialty,Husband,White,Male,0,1977,45,United-States,87213
43,Private,13,Married-civ-spouse,Exec-managerial,Husband,White,Male,0,1977,50,United-States,88039
42,Self-emp-inc,13,Married-civ-spouse,Exec-managerial,Husband,White,Male,0,1977,60,United-States,155222
36,Private,13,Married-civ-spouse,Prof-specialty,Husband,White,Male,0,1977,45,United-States,50001
39,Private,14,Never-married,Exec-managerial,Not-in-family,White,Male,0,1974,40,United-States,20230
21,Private,10,Never-married,Prof-specialty,Own-child,Asian-Pac-Islander,Male,0,1974,40,United-States,45187
23,Private,10,Never-married,Sales,Not-in-family,White,Female,0,1974,40,United-States,33223
47,Private,9,Divorced,Exec-managerial,Not-in-family,White,Female,0,1974,40,United-States,37318
30,Private,9,Never-married,Adm-clerical,Other-relative,White,Female,0,1974,40,United-States,35920
35,Private,10,Never-married,Machine-op-inspct,Not-in-family,White,Male,0,1974,40,United-States,38711
26,Private,10,Never-married,Adm-clerical,Not-in-family,White,Female,0,1974,40,United-States,23859
26,Private,13,Never-married,Exec-managerial,Not-in-family,White,Male,0,1974,55,United-States,29944
41,Local-gov,14,Divorced,Prof-specialty,Not-in-family,White,Male,0,1974,40,United-States,30522
30,Local-gov,10,Never-married,Protective-serv,Not-in-family,Black,Male,0,1974,40,United-States,22665
28,Private,9,Separated,Craft-repair,Not-in-family,White,Male,0,1974,40,United-States,23662
56,Private,9,Widowed,Sales,Not-in-family,White,Female,0,1974,40,United-States,22934
35,Private,9,Never-married,Machine-op-inspct,Own-child,White,Male,0,1974,40,United-States,34761
34,Private,11,Never-married,Tech-support,Not-in-family,White,Female,0,1974,40,United-States,26190
29,Private,9,Never-married,Craft-repair,Not-in-family,White,Male,0,1974,35,United-States,29507
23,Private,12,Never-married,Adm-clerical,Own-child,White,Female,0,1974,20,United-States,30833
24,Federal-gov,9,Never-married,Adm-clerical,Not-in-family,White,Female,0,1974,40,United-States,18344
62,Private,10,Divorced,Adm-clerical,Not-in-family,White,Male,0,1974,40,United-States,15299
77,Self-emp-not-inc,10,Widowed,Adm-clerical,Not-in-family,White,Female,0,1944,1,United-States,50000
47,Private,15,Married-civ-spouse,Prof-specialty,Wife,White,Female,0,1902,60,Honduras,155515
48,Self-emp-not-inc,16,Married-civ-spouse,Prof-specialty,Husband,White,Male,0,1902,60,United-States,50001
42,Self-emp-not-inc,15,Married-civ-spouse,Prof-specialty,Husband,White,Male,0,1902,50,United-States,68019
31,Private,14,Married-civ-spouse,Tech-support,Husband,White,Male,0,1902,40,United-States,57553
43,Private,13,Married-civ-spouse,Exec-managerial,Husband,White,Male,0,1902,40,England,50001
50,Private,16,Married-civ-spouse,Prof-specialty,Husband,White,Male,0,1902,65,United-States,122663
36,Private,13,Married-civ-spouse,Prof-specialty,Husband,White,Male,0,1902,50,United-States,186334
49,Local-gov,14,Married-civ-spouse,Prof-specialty,Husband,White,Male,0,1902,40,United-States,75877
38,Private,9,Married-civ-spouse,Craft-repair,Husband,White,Male,0,1902,40,United-States,51501
48,State-gov,16,Married-civ-spouse,Prof-specialty,Wife,White,Female,0,1902,46,United-States,150484
46,Private,13,Married-civ-spouse,Prof-specialty,Husband,White,Male,0,1902,40,United-States,50001
56,Self-emp-not-inc,9,Married-civ-spouse,Other-service,Husband,White,Male,0,1902,60,United-States,73165
37,Private,9,Married-civ-spouse,Exec-managerial,Husband,White,Male,0,1902,45,United-States,81412
51,Private,9,Married-civ-spouse,Machine-op-inspct,Husband,Black,Male,0,1902,40,United-States,52671
43,Private,14,Married-civ-spouse,Exec-managerial,Husband,White,Male,0,1902,40,United-States,158409
46,Local-gov,9,Married-civ-spouse,Craft-repair,Husband,White,Male,0,1902,40,United-States,26420
42,Local-gov,14,Married-civ-spouse,Exec-managerial,Husband,White,Male,0,1902,60,United-States,51006
45,Private,10,Married-civ-spouse,Adm-clerical,Wife,White,Female,0,1902,35,United-States,79725
23,Private,10,Married-civ-spouse,Machine-op-inspct,Husband,White,Male,0,1902,40,United-States,22405
45,Private,13,Married-civ-spouse,Sales,Husband,White,Male,0,1902,40,United-States,124417
30,State-gov,9,Married-civ-spouse,Adm-clerical,Husband,White,Male,0,1902,40,United-States,32151
49,State-gov,16,Married-civ-spouse,Prof-specialty,Husband,Black,Male,0,1902,60,United-States,77924
49,Private,12,Married-civ-spouse,Sales,Wife,White,Female,0,1902,40,United-States,149787
57,Private,15,Married-civ-spouse,Craft-repair,Husband,Asian-Pac-Islander,Male,0,1902,40,Philippines,149045
42,Self-emp-not-inc,13,Married-civ-spouse,Farming-fishing,Husband,White,Male,0,1902,80,United-States,66934
43,Local-gov,10,Married-civ-spouse,Adm-clerical,Wife,White,Female,0,1902,40,United-States,51043
43,Private,10,Married-civ-spouse,Exec-managerial,Husband,White,Male,0,1902,40,United-States,84950
42,Private,15,Married-civ-spouse,Prof-specialty,Husband,White,Male,0,1902,60,United-States,50001
53,Private,13,Married-civ-spouse,Exec-managerial,Husband,White,Male,0,1902,55,United-States,85140
40,Local-gov,14,Married-civ-spouse,Prof-specialty,Husband,White,Male,0,1902,48,United-States,86119
46,Private,14,Married-civ-spouse,Tech-support,Husband,White,Male,0,1902,40,United-States,54385
41,Private,13,Married-civ-spouse,Exec-managerial,Husband,White,Male,0,1902,60,United-States,76684
49,Private,13,Married-civ-spouse,Craft-repair,Husband,White,Male,0,1902,40,United-States,77771
31,Self-emp-not-inc,13,Married-civ-spouse,Prof-specialty,Husband,White,Male,0,1902,50,Puerto-Rico,54833
34,Private,14,Married-civ-spouse,Exec-managerial,Husband,White,Male,0,1902,50,United-States,57320
40,Federal-gov,14,Married-civ-spouse,Tech-support,Husband,Asian-Pac-Islander,Male,0,1902,40,Philippines,62105
50,Private,10,Married-civ-spouse,Adm-clerical,Wife,White,Female,0,1902,38,United-States,50001
54,Private,9,Married-civ-spouse,Craft-repair,Husband,Asian-Pac-Islander,Male,0,1902,40,United-States,75838
49,Private,10,Married-civ-spouse,Adm-clerical,Husband,White,Male,0,1902,50,United-States,50001
44,Self-emp-not-inc,14,Married-civ-spouse,Exec-managerial,Wife,White,Female,0,1902,60,United-States,50001
57,Local-gov,13,Married-civ-spouse,Prof-specialty,Husband,White,Male,0,1902,40,United-States,51585
28,Local-gov,14,Married-civ-spouse,Prof-specialty,Wife,White,Female,0,1902,55,United-States,23271
57,Private,10,Married-civ-spouse,Sales,Husband,White,Male,0,1902,40,United-States,95834
59,Private,13,Married-civ-spouse,Prof-specialty,Husband,White,Male,0,1902,43,United-States,94004
38,Private,12,Married-civ-spouse,Exec-managerial,Wife,White,Female,0,1902,40,United-States,53145
36,Self-emp-not-inc,9,Married-civ-spouse,Farming-fishing,Husband,White,Male,0,1902,60,United-States,69215
55,Private,10,Married-civ-spouse,Exec-managerial,Husband,White,Male,0,1902,40,United-States,55068
34,Self-emp-not-inc,9,Married-civ-spouse,Sales,Husband,White,Male,0,1902,60,United-States,151518
51,Private,10,Married-civ-spouse,Sales,Husband,White,Male,0,1902,50,United-States,57776
46,Private,9,Married-civ-spouse,Transport-moving,Husband,White,Male,0,1902,70,Canada,56004
33,Private,14,Married-civ-spouse,Exec-managerial,Husband,White,Male,0,1902,45,Germany,87199
31,State-gov,13,Married-civ-spouse,Prof-specialty,Wife,White,Female,0,1902,35,United-States,56173
31,Private,13,Married-civ-spouse,Exec-managerial,Wife,White,Female,0,1902,35,United-States,50001
59,Self-emp-not-inc,9,Married-civ-spouse,Exec-managerial,Husband,White,Male,0,1902,52,United-States,83878
48,Private,12,Married-civ-spouse,Sales,Husband,White,Male,0,1902,40,United-States,136133
33,Private,13,Married-civ-spouse,Exec-managerial,Husband,White,Male,0,1902,45,United-States,65995
46,Private,10,Married-civ-spouse,Craft-repair,Husband,White,Male,0,1902,50,United-States,66368
53,Private,13,Married-civ-spouse,Exec-managerial,Husband,Black,Male,0,1902,40,United-States,78821
39,Private,14,Married-civ-spouse,Prof-specialty,Wife,White,Female,0,1902,18,United-States,68656
44,Self-emp-not-inc,9,Married-civ-spouse,Prof-specialty,Husband,White,Male,0,1902,40,United-States,50001
45,Private,14,Married-civ-spouse,Exec-managerial,Husband,White,Male,0,1902,50,United-States,124162
42,Local-gov,13,Married-civ-spouse,Protective-serv,Husband,White,Male,0,1902,40,United-States,90656
24,Self-emp-not-inc,4,Married-civ-spouse,Transport-moving,Husband,White,Male,0,1902,40,United-States,57834
57,Private,13,Married-civ-spouse,Sales,Husband,White,Male,0,1902,40,United-States,54127
51,Local-gov,13,Married-civ-spouse,Prof-specialty,Husband,White,Male,0,1902,40,United-States,58589
50,Private,13,Married-civ-spouse,Exec-managerial,Husband,White,Male,0,1902,40,United-States,50001
50,Private,13,Married-civ-spouse,Adm-clerical,Husband,White,Male,0,1902,50,United-States,50001
52,Private,14,Married-civ-spouse,Exec-managerial,Husband,White,Male,0,1902,50,Greece,50001
46,Self-emp-inc,13,Married-civ-spouse,Sales,Husband,White,Male,0,1902,42,Greece,50001
44,Private,10,Married-civ-spouse,Sales,Husband,Asian-Pac-Islander,Male,0,1902,40,United-States,238135
47,Self-emp-inc,13,Married-civ-spouse,Exec-managerial,Husband,White,Male,0,1902,45,United-States,89908
36,Private,13,Married-civ-spouse,Sales,Husband,White,Male,0,1902,45,United-States,50001
34,Private,10,Married-civ-spouse,Prof-specialty,Husband,White,Male,0,1902,38,United-States,107710
49,Private,13,Married-civ-spouse,Exec-managerial,Husband,White,Male,0,1902,50,United-States,169859
45,Private,13,Married-civ-spouse,Sales,Husband,White,Male,0,1902,45,United-States,78284
46,Private,13,Married-civ-spouse,Exec-managerial,Husband,White,Male,0,1902,50,United-States,56396
53,Self-emp-inc,13,Married-civ-spouse,Exec-managerial,Husband,White,Male,0,1902,48,United-States,58298
63,State-gov,16,Married-civ-spouse,Exec-managerial,Husband,White,Male,0,1902,50,United-States,50001
52,Private,13,Married-civ-spouse,Prof-specialty,Husband,White,Male,0,1902,40,United-States,50001
44,Private,13,Married-civ-spouse,Exec-managerial,Husband,Black,Male,0,1902,40,United-States,161000
37,Private,13,Married-civ-spouse,Sales,Husband,White,Male,0,1902,40,United-States,109212
44,State-gov,16,Married-civ-spouse,Prof-specialty,Husband,White,Male,0,1902,40,United-States,50001
53,Private,13,Married-civ-spouse,Prof-specialty,Husband,White,Male,0,1902,40,United-States,106253
32,Private,13,Married-civ-spouse,Tech-support,Husband,White,Male,0,1902,40,United-States,50001
50,State-gov,16,Married-civ-spouse,Prof-specialty,Husband,White,Male,0,1902,45,United-States,50001
42,Federal-gov,14,Married-civ-spouse,Prof-specialty,Husband,Asian-Pac-Islander,Male,0,1902,40,South,108488
50,Private,12,Married-civ-spouse,Craft-repair,Husband,White,Male,0,1902,40,United-States,95183
33,Private,13,Married-civ-spouse,Sales,Husband,White,Male,0,1902,55,United-States,72084
50,Local-gov,14,Married-civ-spouse,Prof-specialty,Wife,White,Female,0,1902,40,United-States,50001
32,Private,13,Married-civ-spouse,Prof-specialty,Wife,White,Female,0,1902,32,United-States,74105
41,Private,9,Married-civ-spouse,Prof-specialty,Husband,White,Male,0,1902,40,United-States,50001
54,Private,9,Married-civ-spouse,Exec-managerial,Husband,White,Male,0,1902,55,United-States,50001
34,Private,12,Married-civ-spouse,Sales,Husband,Black,Male,0,1902,50,United-States,50001
41,Self-emp-inc,13,Married-civ-spouse,Exec-managerial,Husband,White,Male,0,1902,55,United-States,50001
39,Self-emp-inc,15,Married-civ-spouse,Prof-specialty,Husband,White,Male,0,1902,50,United-States,82200
42,Federal-gov,14,Married-civ-spouse,Prof-specialty,Husband,White,Male,0,1902,40,United-States,64544
31,Private,13,Married-civ-spouse,Sales,Husband,White,Male,0,1902,45,United-States,61607
45,Private,11,Married-civ-spouse,Prof-specialty,Husband,White,Male,0,1902,42,United-States,61484
41,Private,13,Married-civ-spouse,Tech-support,Husband,White,Male,0,1902,42,United-States,152275
48,Private,14,Married-civ-spouse,Exec-managerial,Wife,White,Female,0,1902,38,United-States,55854
32,Self-emp-inc,9,Married-civ-spouse,Farming-fishing,Husband,White,Male,0,1902,55,United-States,80029
41,Private,10,Married-civ-spouse,Machine-op-inspct,Husband,Black,Male,0,1902,40,United-States,54277
31,Self-emp-not-inc,13,Married-civ-spouse,Exec-managerial,Wife,White,Female,0,1902,40,United-States,196518
30,Self-emp-inc,10,Married-civ-spouse,Exec-managerial,Husband,Asian-Pac-Islander,Male,0,1902,40,South,63125
41,Private,10,Married-civ-spouse,Exec-managerial,Wife,White,Female,0,1902,40,United-States,138673
48,Private,14,Married-civ-spouse,Prof-specialty,Husband,White,Male,0,1902,40,United-States,63959
60,State-gov,16,Married-civ-spouse,Prof-specialty,Husband,White,Male,0,1902,40,United-States,54581
38,Self-emp-not-inc,13,Married-civ-spouse,Exec-managerial,Husband,Asian-Pac-Islander,Male,0,1902,65,United-States,81213
46,Private,3,Married-civ-spouse,Transport-moving,Husband,Amer-Indian-Eskimo,Male,0,1902,40,United-States,24511
28,Private,10,Married-civ-spouse,Sales,Husband,White,Male,0,1902,55,United-States,94842
64,Self-emp-inc,16,Married-civ-spouse,Exec-managerial,Husband,White,Male,0,1902,60,United-States,121508
31,Self-emp-inc,13,Married-civ-spouse,Exec-managerial,Wife,White,Female,0,1902,20,United-States,107952
42,Private,14,Married-civ-spouse,Prof-specialty,Husband,White,Male,0,1902,50,United-States,50001
43,Private,11,Married-civ-spouse,Tech-support,Wife,White,Female,0,1902,32,United-States,66084
61,Self-emp-inc,10,Married-civ-spouse,Sales,Husband,White,Male,0,1902,35,United-States,50001
48,Private,16,Married-civ-spouse,Prof-specialty,Husband,Asian-Pac-Islander,Male,0,1902,40,China,64711
46,Local-gov,14,Married-civ-spouse,Exec-managerial,Husband,White,Male,0,1902,45,United-States,99510
44,Private,13,Married-civ-spouse,Exec-managerial,Husband,White,Male,0,1902,50,United-States,50001
39,Federal-gov,10,Married-civ-spouse,Exec-managerial,Husband,White,Male,0,1902,50,United-States,240875
46,Self-emp-not-inc,13,Married-civ-spouse,Sales,Husband,White,Male,0,1902,40,United-States,59692
48,Private,16,Married-civ-spouse,Prof-specialty,Husband,White,Male,0,1902,50,United-States,50001
27,Private,7,Married-civ-spouse,Craft-repair,Husband,White,Male,0,1902,40,United-States,50001
22,Federal-gov,10,Married-civ-spouse,Sales,Husband,White,Male,0,1902,37,United-States,42945
51,Federal-gov,13,Married-civ-spouse,Exec-managerial,Husband,White,Male,0,1902,40,United-States,21584
48,State-gov,10,Married-civ-spouse,Protective-serv,Husband,White,Male,0,1902,40,United-States,107999
52,Private,11,Married-civ-spouse,Craft-repair,Husband,White,Male,0,1902,40,United-States,82893
31,Self-emp-not-inc,9,Married-civ-spouse,Craft-repair,Husband,White,Male,0,1902,40,United-States,89883
53,Private,13,Married-civ-spouse,Adm-clerical,Husband,White,Male,0,1902,40,United-States,76943
51,Private,14,Married-civ-spouse,Prof-specialty,Husband,White,Male,0,1902,60,United-States,50001
46,Local-gov,16,Married-civ-spouse,Prof-specialty,Wife,White,Female,0,1902,52,United-States,103592
25,Private,10,Married-civ-spouse,Adm-clerical,Husband,Black,Male,0,1902,36,United-States,154278
46,Private,9,Married-civ-spouse,Craft-repair,Husband,Black,Male,0,1902,40,United-States,250000
57,Self-emp-inc,9,Married-civ-spouse,Sales,Husband,White,Male,0,1902,30,United-States,91909
44,Private,13,Married-civ-spouse,Prof-specialty,Husband,White,Male,0,1902,50,United-States,169096
42,Private,9,Married-civ-spouse,Transport-moving,Husband,White,Male,0,1902,50,United-States,103753
42,Private,14,Married-civ-spouse,Adm-clerical,Husband,White,Male,0,1902,40,United-States,202264
30,Private,13,Married-civ-spouse,Prof-specialty,Husband,White,Male,0,1902,55,United-States,88806
54,State-gov,16,Married-civ-spouse,Exec-managerial,Husband,White,Male,0,1902,50,United-States,54419
46,Self-emp-not-inc,15,Married-civ-spouse,Prof-specialty,Husband,White,Male,0,1902,45,United-States,50001
33,Private,13,Married-civ-spouse,Adm-clerical,Husband,White,Male,0,1902,50,United-States,94982
38,Private,10,Married-civ-spouse,Exec-managerial,Husband,White,Male,0,1902,50,United-States,67611
50,Private,14,Married-civ-spouse,Craft-repair,Husband,White,Male,0,1902,45,United-States,73884
46,Private,7,Married-civ-spouse,Craft-repair,Husband,White,Male,0,1902,40,United-States,50001
41,Self-emp-not-inc,14,Married-civ-spouse,Sales,Wife,White,Female,0,1902,35,United-States,103597
56,Private,13,Married-civ-spouse,Prof-specialty,Husband,White,Male,0,1902,65,United-States,131196
39,Private,13,Married-civ-spouse,Prof-specialty,Husband,White,Male,0,1902,50,United-States,51772
46,Self-emp-not-inc,16,Married-civ-spouse,Prof-specialty,Husband,White,Male,0,1902,50,United-States,85994
48,Local-gov,4,Married-civ-spouse,Transport-moving,Husband,White,Male,0,1902,40,United-States,42956
35,Private,16,Married-civ-spouse,Prof-specialty,Husband,Asian-Pac-Islander,Male,0,1902,40,Taiwan,123946
56,Private,10,Married-civ-spouse,Craft-repair,Husband,White,Male,0,1902,60,United-States,102723
49,Self-emp-inc,9,Married-civ-spouse,Exec-managerial,Husband,White,Male,0,1902,60,United-States,85672
61,State-gov,15,Married-civ-spouse,Prof-specialty,Husband,White,Male,0,1902,40,United-States,230967
43,Private,9,Married-civ-spouse,Craft-repair,Husband,White,Male,0,1902,40,United-States,78976
37,Private,9,Married-civ-spouse,Craft-repair,Husband,White,Male,0,1902,50,United-States,23470
43,Private,13,Married-civ-spouse,Machine-op-inspct,Husband,White,Male,0,1902,40,United-States,80443
41,Private,9,Married-civ-spouse,Sales,Husband,White,Male,0,1902,40,United-States,56144
61,Private,9,Married-civ-spouse,Sales,Husband,White,Male,0,1902,40,United-States,50001
30,Private,13,Married-civ-spouse,Adm-clerical,Husband,White,Male,0,1902,40,United-States,87353
58,Private,10,Married-civ-spouse,Protective-serv,Husband,White,Male,0,1902,40,United-States,100400
40,Private,9,Married-civ-spouse,Prof-specialty,Husband,White,Male,0,1902,40,United-States,50001
44,State-gov,14,Married-civ-spouse,Exec-managerial,Husband,White,Male,0,1902,40,United-States,118247
40,Private,13,Married-civ-spouse,Exec-managerial,Husband,White,Male,0,1902,32,United-States,57606
58,Private,9,Married-civ-spouse,Craft-repair,Husband,White,Male,0,1902,40,United-States,34337
48,Self-emp-not-inc,9,Married-civ-spouse,Craft-repair,Husband,White,Male,0,1902,40,United-States,96629
49,Private,9,Married-civ-spouse,Machine-op-inspct,Husband,White,Male,0,1902,40,United-States,28728
50,Private,13,Married-civ-spouse,Exec-managerial,Husband,White,Male,0,1902,50,United-States,63906
43,Private,13,Married-civ-spouse,Sales,Husband,White,Male,0,1902,55,United-States,50001
53,Private,9,Married-civ-spouse,Transport-moving,Husband,White,Male,0,1902,40,United-States,84693
42,Private,16,Married-civ-spouse,Prof-specialty,Husband,White,Male,0,1902,50,United-States,120854
56,Self-emp-inc,9,Married-civ-spouse,Sales,Husband,White,Male,0,1902,40,United-States,50001
44,Private,13,Married-civ-spouse,Exec-managerial,Husband,White,Male,0,1902,56,United-States,54114
29,Private,13,Married-civ-spouse,Prof-specialty,Wife,White,Female,0,1902,50,United-States,50001
35,Private,9,Married-civ-spouse,Sales,Husband,White,Male,0,1902,40,United-States,76696
44,Private,9,Married-civ-spouse,Sales,Husband,White,Male,0,1902,40,United-States,50001
34,Federal-gov,13,Married-civ-spouse,Protective-serv,Husband,White,Male,0,1902,48,United-States,50001
42,Private,14,Married-civ-spouse,Prof-specialty,Husband,Asian-Pac-Islander,Male,0,1902,55,India,50001
43,Private,13,Married-civ-spouse,Prof-specialty,Husband,White,Male,0,1902,40,United-States,50001
57,Private,11,Married-civ-spouse,Prof-specialty,Husband,White,Male,0,1902,45,United-States,21604
50,Private,13,Married-civ-spouse,Prof-specialty,Husband,Black,Male,0,1902,60,United-States,168908
45,Private,10,Married-civ-spouse,Craft-repair,Husband,White,Male,0,1902,40,United-States,68937
32,Private,13,Married-civ-spouse,Exec-managerial,Husband,White,Male,0,1902,60,United-States,81805
33,Private,13,Married-civ-spouse,Adm-clerical,Husband,White,Male,0,1902,45,United-States,50001
43,Self-emp-not-inc,10,Married-civ-spouse,Exec-managerial,Husband,White,Male,0,1902,15,United-States,50001
32,Private,9,Married-civ-spouse,Sales,Husband,White,Male,0,1902,50,United-States,50001
36,Private,9,Married-civ-spouse,Craft-repair,Husband,White,Male,0,1902,48,United-States,87828
50,Self-emp-not-inc,9,Married-civ-spouse,Sales,Husband,White,Male,0,1902,60,United-States,143199
27,Private,9,Married-civ-spouse,Transport-moving,Husband,White,Male,0,1902,45,United-States,49252
60,Private,15,Married-civ-spouse,Exec-managerial,Husband,White,Male,0,1902,40,United-States,106955
53,Private,14,Married-civ-spouse,Exec-managerial,Husband,White,Male,0,1902,50,United-States,57604
61,State-gov,16,Married-civ-spouse,Prof-specialty,Husband,White,Male,0,1902,40,United-States,95977
32,Private,13,Married-civ-spouse,Sales,Husband,White,Male,0,1902,40,United-States,99074
52,Self-emp-inc,13,Married-civ-spouse,Exec-managerial,Husband,White,Male,0,1902,60,Cuba,133836
37,Private,9,Married-civ-spouse,Exec-managerial,Husband,White,Male,0,1902,55,United-States,85872
33,Private,9,Married-civ-spouse,Tech-support,Wife,White,Female,0,1902,40,United-States,194379
57,Self-emp-not-inc,16,Married-civ-spouse,Sales,Husband,White,Male,0,1902,40,United-States,76540
43,Private,9,Married-civ-spouse,Craft-repair,Husband,White,Male,0,1902,99,United-States,244555
50,Private,9,Married-civ-spouse,Exec-managerial,Husband,White,Male,0,1902,40,United-States,90607
43,Private,10,Married-civ-spouse,Craft-repair,Husband,White,Male,0,1902,40,United-States,227793
45,Private,9,Married-civ-spouse,Other-service,Husband,White,Male,0,1902,40,United-States,72463
37,Self-emp-not-inc,9,Married-civ-spouse,Sales,Husband,White,Male,0,1902,45,United-States,76673
31,Private,14,Married-civ-spouse,Prof-specialty,Husband,White,Male,0,1902,43,United-States,141690
33,Private,12,Married-civ-spouse,Craft-repair,Husband,White,Male,0,1902,50,United-States,127597
56,Self-emp-not-inc,9,Married-civ-spouse,Other-service,Husband,White,Male,0,1887,50,Canada,148584
43,Private,10,Married-civ-spouse,Prof-specialty,Wife,White,Female,0,1887,50,United-States,99110
28,Private,10,Married-civ-spouse,Prof-specialty,Wife,White,Female,0,1887,40,United-States,64928
52,Private,6,Married-civ-spouse,Craft-repair,Husband,White,Male,0,1887,47,United-States,55988
38,Private,13,Married-civ-spouse,Prof-specialty,Husband,White,Male,0,1887,40,United-States,50754
40,Local-gov,4,Married-civ-spouse,Craft-repair,Husband,Black,Male,0,1887,40,United-States,83061
57,Private,9,Married-civ-spouse,Transport-moving,Husband,White,Male,0,1887,40,United-States,50001
41,Private,10,Married-civ-spouse,Craft-repair,Husband,White,Male,0,1887,50,United-States,83259
37,Private,9,Married-civ-spouse,Exec-managerial,Husband,White,Male,0,1887,50,United-States,76802
42,Private,9,Married-civ-spouse,Craft-repair,Husband,White,Male,0,1887,40,United-States,67236
44,Private,14,Married-civ-spouse,Prof-specialty,Husband,White,Male,0,1887,35,United-States,67090
39,Private,13,Married-civ-spouse,Exec-managerial,Husband,White,Male,0,1887,50,United-States,94727
53,Federal-gov,10,Married-civ-spouse,Exec-managerial,Wife,Asian-Pac-Islander,Female,0,1887,40,Philippines,50001
51,Private,10,Married-civ-spouse,Exec-managerial,Husband,White,Male,0,1887,65,United-States,71034
38,Private,13,Married-civ-spouse,Exec-managerial,Husband,White,Male,0,1887,50,United-States,90101
43,Local-gov,10,Married-civ-spouse,Protective-serv,Husband,White,Male,0,1887,40,United-States,82619
33,Self-emp-inc,12,Married-civ-spouse,Exec-managerial,Husband,White,Male,0,1887,60,United-States,142369
43,Private,13,Married-civ-spouse,Sales,Husband,White,Male,0,1887,40,United-States,50001
35,Private,13,Married-civ-spouse,Exec-managerial,Husband,White,Male,0,1887,45,United-States,132760
41,Private,10,Married-civ-spouse,Exec-managerial,Husband,White,Male,0,1887,50,United-States,62879
45,Private,10,Married-civ-spouse,Craft-repair,Husband,White,Male,0,1887,40,United-States,50001
59,Private,9,Married-civ-spouse,Machine-op-inspct,Husband,White,Male,0,1887,40,United-States,67118
30,Local-gov,14,Married-civ-spouse,Prof-specialty,Husband,White,Male,0,1887,45,United-States,76329
32,State-gov,13,Married-civ-spouse,Protective-serv,Husband,White,Male,0,1887,45,United-States,50001
39,Federal-gov,13,Married-civ-spouse,Protective-serv,Husband,White,Male,0,1887,60,United-States,50001
43,Self-emp-not-inc,13,Married-civ-spouse,Prof-specialty,Wife,White,Female,0,1887,70,United-States,62817
32,Private,13,Married-civ-spouse,Exec-managerial,Husband,White,Male,0,1887,55,United-States,108881
39,Local-gov,9,Married-civ-spouse,Protective-serv,Husband,White,Male,0,1887,40,United-States,50001
37,Local-gov,13,Married-civ-spouse,Prof-specialty,Husband,White,Male,0,1887,40,United-States,99040
34,Private,10,Married-civ-spouse,Exec-managerial,Wife,White,Female,0,1887,40,United-States,50001
46,Private,10,Married-civ-spouse,Tech-support,Husband,White,Male,0,1887,45,United-States,50001
51,Local-gov,16,Married-civ-spouse,Prof-specialty,Husband,White,Male,0,1887,40,United-States,102249
29,Private,9,Married-civ-spouse,Sales,Husband,White,Male,0,1887,55,United-States,50001
34,Private,13,Married-civ-spouse,Prof-specialty,Wife,White,Female,0,1887,40,United-States,164295
50,Private,10,Married-civ-spouse,Craft-repair,Husband,White,Male,0,1887,35,United-States,63363
34,Private,10,Married-civ-spouse,Handlers-cleaners,Husband,White,Male,0,1887,40,United-States,69418
58,Private,6,Married-civ-spouse,Transport-moving,Husband,White,Male,0,1887,40,United-States,95453
56,Self-emp-not-inc,3,Married-civ-spouse,Exec-managerial,Husband,White,Male,0,1887,67,United-States,149584
34,Self-emp-not-inc,13,Married-civ-spouse,Prof-specialty,Husband,Black,Male,0,1887,48,United-States,154930
36,Local-gov,13,Married-civ-spouse,Prof-specialty,Husband,White,Male,0,1887,40,United-States,56178
46,Private,9,Married-civ-spouse,Machine-op-inspct,Husband,White,Male,0,1887,40,United-States,87650
35,Private,13,Married-civ-spouse,Exec-managerial,Husband,Asian-Pac-Islander,Male,0,1887,50,United-States,62118
50,Self-emp-not-inc,9,Married-civ-spouse,Exec-managerial,Husband,White,Male,0,1887,40,United-States,55485
27,Self-emp-inc,13,Married-civ-spouse,Exec-managerial,Husband,White,Male,0,1887,45,United-States,50001
32,Private,12,Married-civ-spouse,Craft-repair,Husband,White,Male,0,1887,40,Ireland,89127
44,Self-emp-inc,9,Married-civ-spouse,Exec-managerial,Husband,White,Male,0,1887,70,United-States,107293
39,Private,9,Married-civ-spouse,Sales,Husband,White,Male,0,1887,46,United-States,50001
33,Private,9,Married-civ-spouse,Adm-clerical,Wife,White,Female,0,1887,20,United-States,84464
59,Federal-gov,9,Married-civ-spouse,Craft-repair,Husband,White,Male,0,1887,40,United-States,50001
59,Private,10,Married-civ-spouse,Craft-repair,Husband,White,Male,0,1887,55,United-States,64561
51,State-gov,10,Married-civ-spouse,Sales,Husband,White,Male,0,1887,40,United-States,94923
37,Private,11,Married-civ-spouse,Craft-repair,Husband,White,Male,0,1887,40,United-States,83281
57,Private,9,Married-civ-spouse,Tech-support,Husband,Black,Male,0,1887,40,Trinadad&Tobago,75295
25,Private,11,Married-civ-spouse,Prof-specialty,Wife,White,Female,0,1887,40,United-States,64252
54,Private,9,Married-civ-spouse,Transport-moving,Husband,White,Male,0,1887,65,United-States,50001
47,Local-gov,10,Married-civ-spouse,Transport-moving,Husband,White,Male,0,1887,40,United-States,50001
52,State-gov,16,Married-civ-spouse,Prof-specialty,Husband,White,Male,0,1887,70,Germany,137137
40,Private,13,Married-civ-spouse,Prof-specialty,Husband,White,Male,0,1887,40,United-States,74969
27,Private,13,Married-civ-spouse,Machine-op-inspct,Husband,White,Male,0,1887,60,United-States,118009
31,Private,13,Married-civ-spouse,Exec-managerial,Husband,Black,Male,0,1887,40,United-States,83615
41,Self-emp-inc,9,Married-civ-spouse,Sales,Husband,White,Male,0,1887,55,United-States,95594
41,Private,9,Married-civ-spouse,Transport-moving,Husband,White,Male,0,1887,45,United-States,125249
50,Private,9,Married-civ-spouse,Exec-managerial,Husband,Black,Male,0,1887,55,United-States,57775
36,Private,10,Married-civ-spouse,Machine-op-inspct,Husband,White,Male,0,1887,40,United-States,66838
27,Private,9,Married-civ-spouse,Adm-clerical,Wife,Black,Female,0,1887,40,United-States,52383
46,Private,10,Married-civ-spouse,Sales,Husband,White,Male,0,1887,40,United-States,50001
61,Self-emp-not-inc,9,Married-civ-spouse,Exec-managerial,Husband,White,Male,0,1887,40,United-States,110213
39,Local-gov,13,Married-civ-spouse,Prof-specialty,Husband,White,Male,0,1887,40,United-States,63355
47,Private,9,Married-civ-spouse,Transport-moving,Husband,White,Male,0,1887,45,United-States,91017
45,Private,9,Married-civ-spouse,Machine-op-inspct,Husband,White,Male,0,1887,40,United-States,50001
55,State-gov,9,Married-civ-spouse,Tech-support,Wife,White,Female,0,1887,40,United-States,128764
38,Self-emp-not-inc,7,Married-civ-spouse,Exec-managerial,Husband,White,Male,0,1887,45,United-States,50001
57,Private,13,Married-civ-spouse,Sales,Husband,White,Male,0,1887,55,United-States,51849
38,Self-emp-not-inc,6,Married-civ-spouse,Sales,Husband,White,Male,0,1887,40,United-States,100774
28,Private,13,Married-civ-spouse,Adm-clerical,Husband,White,Male,0,1887,40,United-States,50001
40,Private,10,Married-civ-spouse,Handlers-cleaners,Husband,White,Male,0,1887,40,United-States,207849
36,Private,13,Married-civ-spouse,Prof-specialty,Husband,White,Male,0,1887,50,United-States,75004
36,Private,9,Married-civ-spouse,Craft-repair,Husband,White,Male,0,1887,60,United-States,61036
30,Self-emp-not-inc,9,Married-civ-spouse,Exec-managerial,Husband,White,Male,0,1887,50,United-States,54945
35,Private,9,Married-civ-spouse,Adm-clerical,Wife,White,Female,0,1887,42,United-States,50001
32,Self-emp-not-inc,9,Married-civ-spouse,Transport-moving,Husband,White,Male,0,1887,60,United-States,146574
55,Private,9,Married-civ-spouse,Handlers-cleaners,Husband,White,Male,0,1887,40,United-States,67471
29,Private,9,Married-civ-spouse,Machine-op-inspct,Husband,White,Male,0,1887,30,United-States,76811
37,Self-emp-inc,12,Married-civ-spouse,Sales,Husband,White,Male,0,1887,40,United-States,52317
36,Private,11,Married-civ-spouse,Exec-managerial,Husband,White,Male,0,1887,50,United-States,50001
42,Private,14,Married-civ-spouse,Exec-managerial,Wife,White,Female,0,1887,48,United-States,50001
40,State-gov,16,Married-civ-spouse,Prof-specialty,Husband,White,Male,0,1887,50,United-States,198385
26,Private,14,Married-civ-spouse,Prof-specialty,Husband,White,Male,0,1887,40,United-States,250000
44,Private,14,Married-civ-spouse,Prof-specialty,Husband,White,Male,0,1887,60,United-States,58567
47,Private,13,Married-civ-spouse,Exec-managerial,Husband,White,Male,0,1887,40,United-States,109888
35,Private,14,Married-civ-spouse,Prof-specialty,Husband,White,Male,0,1887,40,United-States,59147
58,Private,10,Married-civ-spouse,Sales,Husband,White,Male,0,1887,40,United-States,99618
41,Self-emp-inc,9,Married-civ-spouse,Sales,Husband,White,Male,0,1887,55,United-States,120296
41,Private,9,Married-civ-spouse,Craft-repair,Husband,White,Male,0,1887,40,United-States,86853
38,Local-gov,16,Married-civ-spouse,Exec-managerial,Husband,White,Male,0,1887,50,United-States,78101
47,Self-emp-not-inc,13,Married-civ-spouse,Sales,Husband,White,Male,0,1887,40,United-States,68371
39,Private,9,Married-civ-spouse,Transport-moving,Husband,Black,Male,0,1887,40,United-States,50001
42,Private,10,Married-civ-spouse,Sales,Husband,White,Male,0,1887,50,United-States,55548
42,Private,13,Married-civ-spouse,Sales,Husband,White,Male,0,1887,40,United-States,125121
37,Private,11,Married-civ-spouse,Prof-specialty,Wife,White,Female,0,1887,35,United-States,53338
41,Private,13,Married-civ-spouse,Prof-specialty,Husband,White,Male,0,1887,40,United-States,140520
51,Private,9,Married-civ-spouse,Craft-repair,Husband,White,Male,0,1887,40,United-States,83291
50,Private,13,Married-civ-spouse,Craft-repair,Husband,White,Male,0,1887,50,United-States,50001
43,Private,6,Married-civ-spouse,Machine-op-inspct,Husband,Black,Male,0,1887,40,United-States,50001
28,Private,12,Married-civ-spouse,Tech-support,Husband,White,Male,0,1887,70,United-States,56488
35,Self-emp-inc,12,Married-civ-spouse,Sales,Husband,White,Male,0,1887,45,United-States,62268
59,Private,9,Married-civ-spouse,Exec-managerial,Husband,White,Male,0,1887,40,United-States,151487
28,Private,13,Married-civ-spouse,Prof-specialty,Husband,White,Male,0,1887,40,United-States,66336
42,Self-emp-not-inc,15,Married-civ-spouse,Prof-specialty,Husband,White,Male,0,1887,40,United-States,53503
51,Private,14,Married-civ-spouse,Exec-managerial,Husband,White,Male,0,1887,47,United-States,64137
54,Private,14,Married-civ-spouse,Exec-managerial,Husband,White,Male,0,1887,44,United-States,98742
45,Private,9,Married-civ-spouse,Craft-repair,Husband,White,Male,0,1887,40,United-States,96475
38,Local-gov,13,Married-civ-spouse,Prof-specialty,Wife,Black,Female,0,1887,40,United-States,135196
46,Federal-gov,14,Married-civ-spouse,Armed-Forces,Husband,White,Male,0,1887,40,United-States,166135
33,Local-gov,10,Married-civ-spouse,Protective-serv,Husband,White,Male,0,1887,40,United-States,75143
36,Private,13,Married-civ-spouse,Exec-managerial,Husband,White,Male,0,1887,40,United-States,50001
36,Local-gov,16,Married-civ-spouse,Prof-specialty,Husband,White,Male,0,1887,50,United-States,96234
61,Federal-gov,10,Married-civ-spouse,Adm-clerical,Husband,White,Male,0,1887,40,United-States,50001
30,Self-emp-inc,9,Married-civ-spouse,Craft-repair,Husband,White,Male,0,1887,48,United-States,50001
50,Private,11,Married-civ-spouse,Prof-specialty,Wife,White,Female,0,1887,36,United-States,74426
58,Private,11,Married-civ-spouse,Craft-repair,Husband,White,Male,0,1887,48,United-States,180520
43,Private,13,Married-civ-spouse,Machine-op-inspct,Husband,White,Male,0,1887,40,United-States,103801
40,Private,10,Married-civ-spouse,Craft-repair,Husband,White,Male,0,1887,68,United-States,161033
55,Federal-gov,9,Married-civ-spouse,Tech-support,Husband,White,Male,0,1887,40,United-States,82444
52,Private,13,Married-civ-spouse,Exec-managerial,Husband,White,Male,0,1887,40,United-States,63524
44,Self-emp-not-inc,10,Married-civ-spouse,Craft-repair,Husband,White,Male,0,1887,55,United-States,52400
39,Federal-gov,15,Married-civ-spouse,Prof-specialty,Husband,White,Male,0,1887,50,United-States,50001
45,Private,13,Married-civ-spouse,Sales,Husband,White,Male,0,1887,60,United-States,84199
42,Self-emp-not-inc,13,Married-civ-spouse,Prof-specialty,Husband,White,Male,0,1887,40,United-States,50001
29,Private,10,Married-civ-spouse,Exec-managerial,Husband,White,Male,0,1887,50,United-States,141376
46,Private,10,Married-civ-spouse,Transport-moving,Husband,White,Male,0,1887,40,United-States,58770
55,Private,13,Married-civ-spouse,Exec-managerial,Husband,White,Male,0,1887,40,United-States,75137
33,Self-emp-not-inc,15,Married-civ-spouse,Prof-specialty,Husband,White,Male,0,1887,40,United-States,109700
44,Private,10,Married-civ-spouse,Transport-moving,Husband,White,Male,0,1887,60,United-States,55524
37,Private,13,Married-civ-spouse,Exec-managerial,Husband,White,Male,0,1887,47,United-States,91574
64,Self-emp-inc,12,Married-civ-spouse,Sales,Husband,White,Male,0,1887,50,United-States,145165
43,State-gov,14,Married-civ-spouse,Prof-specialty,Husband,White,Male,0,1887,45,United-States,79709
36,Private,13,Married-civ-spouse,Sales,Husband,White,Male,0,1887,35,United-States,92668
55,Private,13,Married-civ-spouse,Exec-managerial,Husband,White,Male,0,1887,40,United-States,133956
34,Private,9,Married-civ-spouse,Exec-managerial,Husband,White,Male,0,1887,45,United-States,56692
29,Private,11,Married-civ-spouse,Machine-op-inspct,Husband,White,Male,0,1887,48,United-States,57227
37,Private,10,Married-civ-spouse,Exec-managerial,Husband,Black,Male,0,1887,60,Cuba,112712
42,Private,13,Married-civ-spouse,Adm-clerical,Wife,Asian-Pac-Islander,Female,0,1887,40,Philippines,50001
41,Self-emp-not-inc,12,Married-civ-spouse,Craft-repair,Husband,White,Male,0,1887,40,United-States,105804
45,Local-gov,10,Married-civ-spouse,Craft-repair,Husband,White,Male,0,1887,40,Mexico,63261
35,Private,9,Married-civ-spouse,Sales,Husband,Asian-Pac-Islander,Male,0,1887,50,Iran,60013
61,Private,11,Married-civ-spouse,Craft-repair,Husband,White,Male,0,1887,60,United-States,50001
49,Private,10,Married-civ-spouse,Exec-managerial,Husband,White,Male,0,1887,40,United-States,77886
52,Self-emp-not-inc,9,Married-civ-spouse,Farming-fishing,Husband,White,Male,0,1887,60,United-States,55908
46,Local-gov,12,Married-civ-spouse,Protective-serv,Husband,White,Male,0,1887,50,United-States,79858
23,Private,14,Married-civ-spouse,Prof-specialty,Husband,Asian-Pac-Islander,Male,0,1887,50,India,50001
36,Private,10,Married-civ-spouse,Craft-repair,Husband,White,Male,0,1887,40,United-States,51310
43,Local-gov,9,Married-civ-spouse,Exec-managerial,Husband,Other,Male,0,1887,40,United-States,50001
35,Local-gov,14,Married-civ-spouse,Prof-specialty,Husband,White,Male,0,1887,40,United-States,189460
39,Private,9,Married-civ-spouse,Machine-op-inspct,Husband,White,Male,0,1887,40,United-States,131198
39,Private,13,Married-civ-spouse,Exec-managerial,Husband,White,Male,0,1887,40,United-States,50001
47,Local-gov,14,Married-civ-spouse,Prof-specialty,Husband,White,Male,0,1887,50,United-States,50001
53,Local-gov,10,Married-civ-spouse,Protective-serv,Husband,White,Male,0,1887,40,United-States,94314
53,Private,10,Married-civ-spouse,Transport-moving,Husband,White,Male,0,1887,45,United-States,83835
26,Private,14,Never-married,Prof-specialty,Not-in-family,White,Female,0,1876,40,United-States,29469
52,Private,9,Never-married,Sales,Not-in-family,White,Male,0,1876,50,United-States,27157
61,Private,3,Divorced,Transport-moving,Not-in-family,White,Male,0,1876,56,United-States,36301
28,Local-gov,9,Never-married,Protective-serv,Other-relative,Black,Male,0,1876,40,United-States,25837
42,Private,14,Divorced,Prof-specialty,Not-in-family,White,Female,0,1876,40,United-States,16764
44,Local-gov,14,Never-married,Prof-specialty,Not-in-family,White,Male,0,1876,42,United-States,43758
51,Private,9,Separated,Machine-op-inspct,Not-in-family,White,Male,0,1876,40,United-States,27956
39,Local-gov,9,Divorced,Craft-repair,Not-in-family,White,Male,0,1876,40,United-States,50000
36,State-gov,13,Divorced,Prof-specialty,Not-in-family,White,Male,0,1876,44,United-States,20738
45,Private,10,Divorced,Exec-managerial,Not-in-family,White,Male,0,1876,50,United-States,41452
27,Private,13,Never-married,Exec-managerial,Not-in-family,White,Male,0,1876,40,United-States,44162
40,Local-gov,14,Never-married,Adm-clerical,Not-in-family,White,Female,0,1876,35,United-States,28442
25,Private,13,Never-married,Sales,Not-in-family,White,Female,0,1876,40,United-States,32977
47,Private,9,Divorced,Sales,Own-child,White,Male,0,1876,40,United-States,23112
32,Private,13,Never-married,Prof-specialty,Not-in-family,White,Male,0,1876,50,United-States,50000
53,Private,9,Separated,Adm-clerical,Unmarried,White,Female,0,1876,38,United-States,21613
32,Private,10,Never-married,Sales,Own-child,White,Male,0,1876,60,United-States,34154
49,Private,9,Divorced,Craft-repair,Not-in-family,White,Male,0,1876,40,United-States,33669
27,Private,11,Never-married,Prof-specialty,Not-in-family,White,Female,0,1876,36,Canada,28260
26,Private,13,Never-married,Exec-managerial,Not-in-family,White,Male,0,1876,38,United-States,50000
60,Self-emp-not-inc,9,Separated,Other-service,Not-in-family,Black,Male,0,1876,50,United-States,50000
56,Self-emp-not-inc,14,Divorced,Sales,Not-in-family,White,Male,0,1876,60,United-States,35377
58,Private,12,Divorced,Adm-clerical,Not-in-family,White,Male,0,1876,40,United-States,15949
39,Private,13,Never-married,Sales,Not-in-family,White,Male,0,1876,50,United-States,28966
53,Private,14,Divorced,Prof-specialty,Unmarried,White,Female,0,1876,38,United-States,50000
27,Private,10,Never-married,Craft-repair,Not-in-family,Asian-Pac-Islander,Male,0,1876,45,Cambodia,50000
46,Local-gov,14,Divorced,Prof-specialty,Not-in-family,White,Female,0,1876,60,United-States,34217
30,Private,9,Never-married,Exec-managerial,Not-in-family,White,Male,0,1876,45,United-States,29040
38,Local-gov,9,Never-married,Craft-repair,Not-in-family,White,Male,0,1876,40,Canada,19847
41,Private,13,Never-married,Prof-specialty,Not-in-family,White,Female,0,1876,40,United-States,15000
27,Private,9,Never-married,Transport-moving,Not-in-family,White,Male,0,1876,75,United-States,31631
43,Private,13,Divorced,Tech-support,Not-in-family,White,Male,0,1876,40,United-States,34041
30,Federal-gov,13,Never-married,Prof-specialty,Not-in-family,White,Male,0,1876,40,United-States,28693
25,Private,13,Never-married,Prof-specialty,Not-in-family,White,Female,0,1876,40,United-States,22770
26,Self-emp-not-inc,13,Divorced,Exec-managerial,Not-in-family,White,Male,0,1876,38,United-States,35433
53,Local-gov,13,Divorced,Prof-specialty,Not-in-family,White,Female,0,1876,54,United-States,24409
39,Private,7,Divorced,Craft-repair,Not-in-family,White,Male,0,1876,46,United-States,39520
47,Local-gov,10,Divorced,Prof-specialty,Not-in-family,White,Female,0,1876,40,United-States,15152
44,Private,10,Separated,Craft-repair,Not-in-family,White,Male,0,1876,55,United-States,18348
61,Self-emp-not-inc,9,Married-civ-spouse,Farming-fishing,Husband,White,Male,0,1848,60,United-States,140341
44,Private,12,Married-civ-spouse,Craft-repair,Husband,White,Male,0,1848,40,United-States,50001
28,Private,9,Married-civ-spouse,Craft-repair,Husband,White,Male,0,1848,42,United-States,79613
34,Private,13,Married-civ-spouse,Prof-specialty,Husband,White,Male,0,1848,40,Peru,175997
39,Private,13,Married-civ-spouse,Sales,Husband,White,Male,0,1848,40,United-States,91350
41,Private,11,Married-civ-spouse,Tech-support,Husband,White,Male,0,1848,48,United-States,63276
35,Private,13,Married-civ-spouse,Exec-managerial,Husband,White,Male,0,1848,70,United-States,73788
34,Private,9,Married-civ-spouse,Craft-repair,Husband,White,Male,0,1848,50,United-States,84964
30,Private,12,Married-civ-spouse,Exec-managerial,Husband,White,Male,0,1848,50,United-States,159372
30,Private,9,Married-civ-spouse,Craft-repair,Husband,White,Male,0,1848,50,United-States,70643
33,Local-gov,13,Married-civ-spouse,Adm-clerical,Husband,White,Male,0,1848,45,United-States,96883
60,Local-gov,9,Married-civ-spouse,Adm-clerical,Husband,White,Male,0,1848,40,United-States,86779
31,Private,9,Married-civ-spouse,Craft-repair,Husband,White,Male,0,1848,40,United-States,72508
50,Private,9,Married-civ-spouse,Tech-support,Husband,White,Male,0,1848,40,United-States,98901
27,Private,9,Married-civ-spouse,Prof-specialty,Husband,White,Male,0,1848,45,United-States,64156
37,Self-emp-not-inc,9,Married-civ-spouse,Exec-managerial,Husband,White,Male,0,1848,65,United-States,50001
30,Private,9,Married-civ-spouse,Craft-repair,Husband,White,Male,0,1848,40,United-States,117048
49,Private,10,Married-civ-spouse,Prof-specialty,Husband,White,Male,0,1848,44,United-States,235085
52,State-gov,14,Married-civ-spouse,Prof-specialty,Wife,Black,Female,0,1848,40,United-States,65170
39,Local-gov,8,Married-civ-spouse,Transport-moving,Husband,White,Male,0,1848,40,Nicaragua,135916
37,Private,9,Married-civ-spouse,Machine-op-inspct,Husband,White,Male,0,1848,48,United-States,88209
39,Private,14,Married-civ-spouse,Prof-specialty,Husband,White,Male,0,1848,50,United-States,78099
38,Private,13,Married-civ-spouse,Exec-managerial,Husband,White,Male,0,1848,54,United-States,125982
44,Private,13,Married-civ-spouse,Prof-specialty,Husband,White,Male,0,1848,40,United-States,50001
45,Private,10,Married-civ-spouse,Craft-repair,Husband,White,Male,0,1848,40,United-States,161593
54,Private,9,Married-civ-spouse,Sales,Husband,White,Male,0,1848,40,United-States,75976
58,Private,12,Married-civ-spouse,Machine-op-inspct,Husband,Black,Male,0,1848,40,United-States,69138
36,Federal-gov,13,Married-civ-spouse,Adm-clerical,Husband,White,Male,0,1848,55,United-States,72503
45,Private,5,Married-civ-spouse,Other-service,Husband,White,Male,0,1848,40,United-States,69644
46,Federal-gov,11,Married-civ-spouse,Tech-support,Husband,White,Male,0,1848,40,United-States,50001
41,Private,9,Married-civ-spouse,Sales,Husband,White,Male,0,1848,45,United-States,50001
41,Federal-gov,14,Married-civ-spouse,Exec-managerial,Husband,White,Male,0,1848,40,United-States,50001
34,Private,9,Married-civ-spouse,Craft-repair,Husband,White,Male,0,1848,50,United-States,50001
33,Federal-gov,16,Married-civ-spouse,Prof-specialty,Husband,White,Male,0,1848,40,United-States,58279
63,Private,13,Married-civ-spouse,Sales,Husband,White,Male,0,1848,40,United-States,113620
56,Private,10,Married-civ-spouse,Sales,Husband,White,Male,0,1848,50,United-States,137145
48,Local-gov,9,Married-civ-spouse,Tech-support,Wife,White,Female,0,1848,40,United-States,50001
40,Private,12,Married-civ-spouse,Exec-managerial,Husband,White,Male,0,1848,55,United-States,117741
59,Private,10,Married-civ-spouse,Exec-managerial,Husband,White,Male,0,1848,45,United-States,200525
32,Private,13,Married-civ-spouse,Sales,Husband,White,Male,0,1848,50,United-States,100747
29,Local-gov,13,Married-civ-spouse,Prof-specialty,Husband,White,Male,0,1848,60,Germany,50001
41,Private,9,Married-civ-spouse,Craft-repair,Husband,White,Male,0,1848,40,United-States,61241
30,Private,10,Married-civ-spouse,Sales,Husband,White,Male,0,1848,40,United-States,73193
34,State-gov,14,Married-civ-spouse,Machine-op-inspct,Husband,White,Male,0,1848,40,United-States,50501
41,Private,10,Married-civ-spouse,Transport-moving,Husband,White,Male,0,1848,65,United-States,76517
46,Private,13,Married-civ-spouse,Prof-specialty,Husband,White,Male,0,1848,45,United-States,106709
39,Private,14,Married-civ-spouse,Exec-managerial,Husband,White,Male,0,1848,45,United-States,94519
26,Private,9,Married-civ-spouse,Craft-repair,Husband,Black,Male,0,1848,60,United-States,50001
27,Private,13,Married-civ-spouse,Sales,Husband,White,Male,0,1848,55,United-States,127342
61,Private,13,Married-civ-spouse,Prof-specialty,Husband,White,Male,0,1848,40,United-States,250000
37,Private,13,Married-civ-spouse,Exec-managerial,Wife,White,Female,0,1848,40,United-States,50001
67,Private,10,Married-civ-spouse,Sales,Husband,White,Male,0,1844,70,United-States,28658
66,Private,10,Married-civ-spouse,Sales,Husband,White,Male,0,1825,40,United-States,86340
66,Self-emp-inc,9,Married-civ-spouse,Sales,Husband,White,Male,0,1825,10,United-States,50001
74,Self-emp-not-inc,13,Married-civ-spouse,Exec-managerial,Husband,White,Male,0,1825,12,United-States,52952
66,State-gov,9,Married-civ-spouse,Exec-managerial,Husband,White,Male,0,1825,40,United-States,65331
71,Self-emp-not-inc,10,Separated,Sales,Unmarried,Black,Male,0,1816,2,United-States,39300
80,Private,10,Never-married,Prof-specialty,Not-in-family,White,Male,0,1816,60,United-States,20737
24,Private,9,Never-married,Other-service,Not-in-family,White,Female,0,1762,40,United-States,50000
20,Private,7,Married-spouse-absent,Other-service,Own-child,Asian-Pac-Islander,Female,0,1762,40,South,28313
28,Self-emp-not-inc,10,Never-married,Transport-moving,Not-in-family,White,Male,0,1762,40,United-States,25897
59,Private,9,Divorced,Sales,Unmarried,White,Female,0,1762,30,United-States,43186
24,Private,9,Never-married,Sales,Own-child,White,Female,0,1762,32,United-States,29282
24,Private,10,Never-married,Sales,Own-child,White,Male,0,1762,40,United-States,20365
52,Private,9,Widowed,Sales,Unmarried,White,Female,0,1762,40,United-States,16427
39,Self-emp-not-inc,13,Divorced,Adm-clerical,Not-in-family,White,Male,0,1762,40,United-States,30405
43,Private,9,Divorced,Other-service,Not-in-family,Black,Female,0,1762,35,United-States,24939
22,Private,6,Never-married,Sales,Not-in-family,White,Female,0,1762,25,United-States,32100
30,Private,12,Divorced,Adm-clerical,Own-child,White,Female,0,1762,40,United-States,21194
21,Private,7,Married-spouse-absent,Handlers-cleaners,Own-child,White,Male,0,1762,40,Dominican-Republic,20927
24,Private,9,Divorced,Protective-serv,Own-child,White,Female,0,1762,40,United-States,25734
21,Private,10,Never-married,Sales,Own-child,White,Female,0,1762,28,United-States,37613
49,Private,14,Divorced,Exec-managerial,Unmarried,White,Male,0,1755,45,United-States,50001
52,Private,13,Divorced,Prof-specialty,Unmarried,White,Female,0,1755,40,United-States,50001
38,Private,10,Divorced,Craft-repair,Not-in-family,White,Male,0,1741,40,United-States,44133
30,Private,13,Never-married,Sales,Not-in-family,White,Male,0,1741,48,United-States,19954
38,Local-gov,13,Never-married,Exec-managerial,Unmarried,Asian-Pac-Islander,Male,0,1741,40,Vietnam,28937
25,Private,8,Never-married,Machine-op-inspct,Not-in-family,White,Male,0,1741,40,United-States,22908
34,Private,13,Never-married,Exec-managerial,Other-relative,White,Female,0,1741,45,United-States,31971
24,Federal-gov,13,Never-married,Prof-specialty,Not-in-family,White,Male,0,1741,45,United-States,17233
25,Private,13,Never-married,Prof-specialty,Not-in-family,White,Male,0,1741,40,United-States,18201
31,Private,13,Never-married,Exec-managerial,Not-in-family,White,Male,0,1741,38,United-States,50000
39,Federal-gov,13,Never-married,Adm-clerical,Not-in-family,White,Male,0,1741,40,United-States,23517
35,Private,9,Divorced,Transport-moving,Not-in-family,White,Male,0,1741,60,United-States,16314
31,Local-gov,6,Never-married,Transport-moving,Other-relative,White,Male,0,1741,40,United-States,16557
30,Private,9,Never-married,Machine-op-inspct,Not-in-family,White,Male,0,1741,42,United-States,17191
42,Local-gov,14,Never-married,Prof-specialty,Not-in-family,White,Female,0,1741,35,United-States,27567
42,Private,10,Divorced,Exec-managerial,Not-in-family,White,Female,0,1741,50,United-States,21743
41,Private,13,Never-married,Prof-specialty,Not-in-family,White,Female,0,1741,40,United-States,18176
46,Private,9,Divorced,Craft-repair,Not-in-family,White,Male,0,1741,40,United-States,34729
34,Private,13,Never-married,Exec-managerial,Not-in-family,White,Male,0,1741,40,United-States,37072
33,Private,9,Divorced,Exec-managerial,Not-in-family,Black,Male,0,1741,40,United-States,50000
36,Private,13,Divorced,Exec-managerial,Not-in-family,White,Male,0,1741,40,United-States,43190
36,Private,13,Never-married,Sales,Not-in-family,White,Female,0,1741,40,United-States,21418
44,Federal-gov,12,Divorced,Adm-clerical,Not-in-family,Black,Female,0,1741,40,United-States,30280
28,Private,9,Divorced,Other-service,Not-in-family,White,Female,0,1741,52,United-States,39944
52,Private,9,Divorced,Adm-clerical,Unmarried,White,Female,0,1741,38,United-States,22446
43,Private,13,Never-married,Adm-clerical,Not-in-family,White,Male,0,1741,40,United-States,15000
45,Private,9,Married-civ-spouse,Machine-op-inspct,Wife,White,Female,0,1740,40,United-States,37314
30,Private,13,Married-civ-spouse,Prof-specialty,Husband,White,Male,0,1740,45,United-States,30124
50,Local-gov,10,Married-civ-spouse,Adm-clerical,Husband,White,Male,0,1740,48,United-States,47290
41,Local-gov,13,Married-civ-spouse,Prof-specialty,Wife,White,Female,0,1740,20,United-States,26849
31,Private,10,Married-civ-spouse,Adm-clerical,Wife,White,Female,0,1740,20,United-States,44075
27,Self-emp-inc,9,Married-civ-spouse,Craft-repair,Husband,White,Male,0,1740,40,United-States,50000
63,Private,13,Married-civ-spouse,Sales,Husband,White,Male,0,1740,35,United-States,50000
33,Private,9,Married-civ-spouse,Adm-clerical,Wife,White,Female,0,1740,25,United-States,31039
28,Private,9,Married-civ-spouse,Transport-moving,Husband,White,Male,0,1740,40,United-States,18577
34,Local-gov,10,Married-civ-spouse,Craft-repair,Husband,White,Male,0,1740,40,United-States,19959
31,Private,11,Married-civ-spouse,Craft-repair,Husband,White,Male,0,1740,40,United-States,37575
30,Private,15,Married-civ-spouse,Prof-specialty,Husband,Black,Male,0,1740,40,Haiti,42306
47,State-gov,12,Married-civ-spouse,Protective-serv,Husband,White,Male,0,1740,40,United-States,23117
35,Private,9,Married-civ-spouse,Craft-repair,Husband,White,Male,0,1740,40,United-States,37027
32,Private,10,Married-civ-spouse,Sales,Husband,White,Male,0,1740,47,United-States,15000
33,Self-emp-not-inc,10,Married-civ-spouse,Sales,Husband,White,Male,0,1740,50,United-States,27839
38,Private,9,Married-civ-spouse,Craft-repair,Husband,White,Male,0,1740,48,United-States,38779
35,Self-emp-inc,10,Married-civ-spouse,Sales,Husband,White,Male,0,1740,40,United-States,30149
42,Private,9,Married-civ-spouse,Transport-moving,Husband,White,Male,0,1740,43,United-States,39275
47,Federal-gov,13,Married-civ-spouse,Craft-repair,Husband,White,Male,0,1740,40,United-States,27965
34,Local-gov,9,Married-civ-spouse,Other-service,Wife,White,Female,0,1740,35,United-States,40582
53,Private,10,Married-civ-spouse,Exec-managerial,Husband,White,Male,0,1740,40,United-States,36098
37,Private,12,Married-civ-spouse,Prof-specialty,Husband,White,Male,0,1740,45,United-States,15000
33,Private,10,Married-civ-spouse,Craft-repair,Husband,White,Male,0,1740,40,United-States,48277
32,Private,10,Married-civ-spouse,Adm-clerical,Wife,Other,Female,0,1740,40,United-States,37327
38,Local-gov,13,Married-civ-spouse,Craft-repair,Husband,White,Male,0,1740,40,United-States,44126
52,Private,10,Married-civ-spouse,Exec-managerial,Husband,White,Male,0,1740,60,United-States,50000
35,Local-gov,13,Married-civ-spouse,Exec-managerial,Husband,White,Male,0,1740,80,United-States,50000
46,Private,14,Married-civ-spouse,Adm-clerical,Husband,White,Male,0,1740,60,United-States,36120
28,Private,9,Married-civ-spouse,Craft-repair,Husband,White,Male,0,1740,30,United-States,43685
58,Private,12,Married-civ-spouse,Craft-repair,Husband,White,Male,0,1740,40,United-States,50000
29,Self-emp-inc,13,Married-civ-spouse,Exec-managerial,Husband,White,Male,0,1740,70,United-States,25897
30,Private,10,Married-civ-spouse,Craft-repair,Husband,White,Male,0,1740,40,United-States,43416
53,Federal-gov,9,Married-civ-spouse,Transport-moving,Husband,White,Male,0,1740,50,United-States,46988
53,Private,9,Married-civ-spouse,Other-service,Husband,Black,Male,0,1740,40,United-States,28196
31,Private,12,Married-civ-spouse,Adm-clerical,Wife,White,Female,0,1740,40,United-States,20145
46,State-gov,10,Married-civ-spouse,Exec-managerial,Husband,White,Male,0,1740,40,United-States,33152
59,Private,11,Married-civ-spouse,Sales,Husband,White,Male,0,1740,50,United-States,50000
62,Self-emp-not-inc,9,Married-civ-spouse,Craft-repair,Husband,White,Male,0,1740,40,United-States,26934
46,Private,9,Married-civ-spouse,Handlers-cleaners,Husband,White,Male,0,1740,35,United-States,26061
45,Private,10,Married-civ-spouse,Sales,Husband,White,Male,0,1740,50,United-States,30492
63,State-gov,10,Married-civ-spouse,Adm-clerical,Husband,White,Male,0,1740,40,United-States,27990
73,Private,2,Married-civ-spouse,Transport-moving,Husband,White,Male,0,1735,20,United-States,35981
75,Self-emp-not-inc,10,Married-civ-spouse,Craft-repair,Husband,Black,Male,0,1735,40,United-States,32938
45,Local-gov,15,Divorced,Prof-specialty,Unmarried,Black,Female,0,1726,40,United-States,50000
39,Private,9,Divorced,Machine-op-inspct,Unmarried,White,Male,0,1726,40,United-States,23212
32,State-gov,10,Divorced,Protective-serv,Unmarried,White,Female,0,1726,38,United-States,30618
25,Private,13,Never-married,Exec-managerial,Own-child,White,Female,0,1726,60,United-States,18524
24,Private,5,Never-married,Machine-op-inspct,Not-in-family,White,Male,0,1721,40,United-States,22723
24,Private,9,Never-married,Other-service,Own-child,Black,Male,0,1721,30,United-States,46880
31,Private,7,Divorced,Handlers-cleaners,Other-relative,Black,Male,0,1721,40,United-States,46877
31,Private,10,Never-married,Other-service,Own-child,White,Male,0,1721,16,United-States,19096
20,Private,9,Never-married,Adm-clerical,Not-in-family,Black,Female,0,1721,30,United-States,47591
39,Private,10,Divorced,Other-service,Not-in-family,White,Female,0,1721,55,United-States,30803
19,Private,9,Never-married,Other-service,Own-child,White,Female,0,1721,40,United-States,39739
18,Private,9,Never-married,Sales,Not-in-family,White,Female,0,1721,40,United-States,26116
18,Private,10,Never-married,Other-service,Own-child,White,Male,0,1721,20,United-States,44487
23,Private,12,Never-married,Other-service,Own-child,White,Male,0,1721,20,United-States,36986
19,Local-gov,10,Never-married,Adm-clerical,Own-child,White,Female,0,1721,30,United-States,50000
17,Private,7,Never-married,Other-service,Own-child,White,Male,0,1721,15,United-States,29354
17,Private,8,Never-married,Other-service,Own-child,White,Female,0,1721,25,United-States,29620
22,Private,10,Never-married,Other-service,Own-child,Black,Male,0,1721,20,United-States,24962
19,Private,10,Never-married,Sales,Own-child,Amer-Indian-Eskimo,Female,0,1721,25,United-States,45895
21,Private,10,Never-married,Adm-clerical,Own-child,White,Female,0,1721,35,United-States,21534
23,Private,10,Never-married,Adm-clerical,Not-in-family,White,Female,0,1721,40,United-States,36750
39,Self-emp-not-inc,6,Married-spouse-absent,Other-service,Not-in-family,White,Female,0,1721,15,United-States,31085
20,Private,10,Never-married,Adm-clerical,Own-child,White,Female,0,1719,28,United-States,33487
20,State-gov,12,Never-married,Other-service,Own-child,White,Male,0,1719,20,United-States,31447
21,Private,9,Never-married,Other-service,Not-in-family,White,Female,0,1719,16,United-States,30548
18,Private,9,Never-married,Handlers-cleaners,Own-child,White,Female,0,1719,15,United-States,50000
30,Private,10,Never-married,Handlers-cleaners,Not-in-family,White,Female,0,1719,25,United-States,28741
19,Private,10,Never-married,Tech-support,Own-child,White,Male,0,1719,16,United-States,46061
22,Private,10,Never-married,Transport-moving,Own-child,White,Male,0,1719,30,United-States,33738
26,Private,1,Married-spouse-absent,Machine-op-inspct,Not-in-family,White,Male,0,1719,40,Mexico,35323
19,Private,9,Never-married,Other-service,Not-in-family,White,Female,0,1719,40,United-States,22533
22,Private,9,Married-spouse-absent,Sales,Not-in-family,White,Male,0,1719,40,United-States,16405
37,Private,13,Never-married,Machine-op-inspct,Not-in-family,Black,Male,0,1719,32,United-States,31740
47,Private,5,Divorced,Other-service,Not-in-family,White,Female,0,1719,30,United-States,33077
57,Private,9,Widowed,Other-service,Other-relative,White,Female,0,1719,25,United-States,34640
21,Private,10,Never-married,Craft-repair,Own-child,White,Male,0,1719,30,United-States,16638
21,Private,9,Never-married,Other-service,Other-relative,Black,Male,0,1719,25,United-States,44377
25,Local-gov,9,Never-married,Farming-fishing,Own-child,White,Male,0,1719,16,United-States,44028
23,Private,13,Never-married,Machine-op-inspct,Own-child,White,Female,0,1719,40,United-States,32139
17,Private,5,Never-married,Handlers-cleaners,Own-child,White,Male,0,1719,15,United-States,32654
19,Private,5,Never-married,Handlers-cleaners,Other-relative,White,Male,0,1719,35,El-Salvador,50000
17,Private,7,Never-married,Handlers-cleaners,Own-child,White,Male,0,1719,18,United-States,36472
20,Private,10,Never-married,Other-service,Own-child,White,Male,0,1719,36,United-States,36188
21,Private,10,Never-married,Tech-support,Own-child,White,Female,0,1719,9,United-States,44964
32,Private,9,Married-civ-spouse,Exec-managerial,Husband,White,Male,0,1672,60,United-States,27959
50,Self-emp-inc,9,Married-civ-spouse,Craft-repair,Husband,White,Male,0,1672,60,United-States,27096
31,Private,10,Married-civ-spouse,Other-service,Husband,White,Male,0,1672,50,United-States,17193
60,Self-emp-not-inc,5,Married-civ-spouse,Farming-fishing,Husband,White,Male,0,1672,84,United-States,34067
34,Private,9,Married-civ-spouse,Craft-repair,Husband,White,Male,0,1672,40,United-States,15141
34,Private,11,Married-civ-spouse,Machine-op-inspct,Husband,White,Male,0,1672,50,United-States,47853
45,Federal-gov,9,Married-civ-spouse,Adm-clerical,Husband,White,Male,0,1672,40,United-States,20300
57,Private,10,Married-civ-spouse,Exec-managerial,Husband,White,Male,0,1672,45,United-States,20214
55,Private,7,Married-civ-spouse,Other-service,Husband,Black,Male,0,1672,40,United-States,39876
61,Private,10,Married-civ-spouse,Exec-managerial,Husband,White,Male,0,1672,40,United-States,34781
51,Self-emp-not-inc,13,Married-civ-spouse,Exec-managerial,Husband,White,Male,0,1672,70,United-States,16613
35,Private,9,Married-civ-spouse,Farming-fishing,Husband,White,Male,0,1672,50,United-States,28483
29,Private,10,Married-civ-spouse,Craft-repair,Husband,White,Male,0,1672,40,United-States,26711
40,Private,9,Married-civ-spouse,Exec-managerial,Husband,White,Male,0,1672,45,United-States,50000
46,Self-emp-not-inc,9,Married-civ-spouse,Farming-fishing,Husband,White,Male,0,1672,50,United-States,37067
48,Private,4,Married-civ-spouse,Transport-moving,Husband,White,Male,0,1672,55,United-States,20919
36,Local-gov,13,Married-civ-spouse,Prof-specialty,Husband,White,Male,0,1672,50,United-States,25157
46,Self-emp-not-inc,9,Married-civ-spouse,Farming-fishing,Husband,White,Male,0,1672,50,United-States,24988
42,Private,9,Married-civ-spouse,Craft-repair,Husband,White,Male,0,1672,40,United-States,35498
57,Private,10,Married-civ-spouse,Craft-repair,Husband,White,Male,0,1672,45,United-States,42498
43,Private,10,Married-civ-spouse,Other-service,Husband,White,Male,0,1672,44,United-States,35036
28,Private,9,Married-civ-spouse,Machine-op-inspct,Husband,White,Male,0,1672,50,United-States,16148
49,Private,9,Married-civ-spouse,Sales,Husband,White,Male,0,1672,44,United-States,34554
49,Self-emp-not-inc,9,Married-civ-spouse,Farming-fishing,Husband,White,Male,0,1672,98,United-States,45205
33,Private,9,Married-civ-spouse,Sales,Husband,White,Male,0,1672,55,United-States,42762
30,Private,10,Married-civ-spouse,Sales,Husband,White,Male,0,1672,45,United-States,31063
54,Private,9,Married-civ-spouse,Sales,Husband,White,Male,0,1672,50,United-States,30785
56,Self-emp-inc,10,Married-civ-spouse,Exec-managerial,Husband,White,Male,0,1672,40,United-States,23464
36,State-gov,13,Married-civ-spouse,Prof-specialty,Wife,White,Female,0,1672,38,United-States,50000
40,Self-emp-not-inc,9,Married-civ-spouse,Craft-repair,Husband,White,Male,0,1672,40,United-States,39268
32,Private,9,Married-civ-spouse,Craft-repair,Husband,White,Male,0,1672,40,United-States,32451
47,Self-emp-not-inc,12,Married-civ-spouse,Craft-repair,Husband,White,Male,0,1672,65,United-States,42824
40,Private,1,Married-civ-spouse,Other-service,Husband,White,Male,0,1672,40,Mexico,18981
37,Private,9,Married-civ-spouse,Transport-moving,Husband,White,Male,0,1672,60,United-States,50000
28,Private,11,Never-married,Machine-op-inspct,Not-in-family,White,Female,0,1669,42,United-States,16674
37,Private,9,Divorced,Craft-repair,Not-in-family,White,Male,0,1669,55,United-States,50000
48,Private,10,Widowed,Exec-managerial,Unmarried,Black,Female,0,1669,38,United-States,17316
31,Private,9,Divorced,Craft-repair,Own-child,White,Male,0,1669,50,United-States,50000
26,Private,13,Never-married,Exec-managerial,Not-in-family,White,Female,0,1669,50,United-States,37553
23,Private,9,Never-married,Sales,Not-in-family,White,Male,0,1669,55,United-States,25804
39,Self-emp-not-inc,13,Divorced,Craft-repair,Not-in-family,Black,Male,0,1669,60,United-States,32812
49,Private,9,Divorced,Craft-repair,Not-in-family,White,Male,0,1669,40,United-States,50000
56,State-gov,14,Divorced,Prof-specialty,Not-in-family,White,Male,0,1669,40,United-States,36794
47,Private,11,Divorced,Prof-specialty,Not-in-family,White,Female,0,1669,40,United-States,15000
34,Private,9,Never-married,Prof-specialty,Not-in-family,White,Female,0,1669,45,United-States,20042
32,Private,9,Never-married,Sales,Own-child,Black,Female,0,1669,45,United-States,24284
28,Private,10,Never-married,Exec-managerial,Not-in-family,White,Male,0,1669,60,United-States,26068
38,Local-gov,14,Never-married,Prof-specialty,Not-in-family,White,Female,0,1669,55,United-States,50000
34,Private,9,Divorced,Sales,Not-in-family,White,Male,0,1669,45,United-States,29619
36,Private,12,Never-married,Prof-specialty,Not-in-family,White,Male,0,1669,45,United-States,38482
30,Private,9,Never-married,Transport-moving,Unmarried,White,Female,0,1669,70,United-States,16099
26,Private,14,Never-married,Prof-specialty,Not-in-family,White,Female,0,1669,40,United-States,24051
40,Private,14,Never-married,Prof-specialty,Not-in-family,White,Female,0,1669,40,United-States,24607
56,Local-gov,16,Divorced,Prof-specialty,Not-in-family,White,Female,0,1669,38,United-States,33585
44,Local-gov,14,Never-married,Prof-specialty,Not-in-family,White,Female,0,1669,40,United-States,16932
33,Local-gov,11,Never-married,Adm-clerical,Own-child,White,Male,0,1669,55,United-States,45344
53,Local-gov,14,Widowed,Prof-specialty,Unmarried,Black,Female,0,1669,35,United-States,50000
61,Private,9,Widowed,Craft-repair,Not-in-family,Black,Female,0,1669,50,United-States,44354
65,Self-emp-not-inc,15,Divorced,Prof-specialty,Not-in-family,White,Male,0,1668,40,United-States,23809
81,Self-emp-not-inc,13,Widowed,Prof-specialty,Not-in-family,White,Female,0,1668,3,Hungary,20559
68,Self-emp-not-inc,4,Widowed,Prof-specialty,Not-in-family,White,Female,0,1668,40,Hungary,27596
68,Local-gov,9,Widowed,Protective-serv,Not-in-family,White,Male,0,1668,20,United-States,50000
39,Self-emp-inc,5,Married-civ-spouse,Exec-managerial,Husband,White,Male,0,1651,40,Mexico,34717
61,Private,4,Married-civ-spouse,Transport-moving,Husband,Black,Male,0,1651,40,United-States,50000
61,Private,4,Married-civ-spouse,Transport-moving,Husband,White,Male,0,1651,40,United-States,24365
46,Private,4,Married-civ-spouse,Other-service,Husband,Asian-Pac-Islander,Male,0,1651,40,China,20970
56,Self-emp-inc,8,Married-civ-spouse,Exec-managerial,Husband,White,Male,0,1651,40,United-States,41282
30,Private,7,Married-civ-spouse,Handlers-cleaners,Husband,Asian-Pac-Islander,Male,0,1651,40,Vietnam,37493
35,State-gov,9,Married-civ-spouse,Craft-repair,Husband,White,Male,0,1651,40,United-States,31843
34,Private,10,Married-civ-spouse,Craft-repair,Husband,White,Male,0,1651,38,United-States,45479
27,Private,10,Married-civ-spouse,Machine-op-inspct,Husband,White,Male,0,1651,40,United-States,17341
65,Local-gov,14,Married-civ-spouse,Prof-specialty,Husband,White,Male,0,1648,4,Greece,18265
74,Self-emp-not-inc,10,Married-civ-spouse,Prof-specialty,Husband,White,Male,0,1648,35,United-States,41378
26,Private,3,Married-civ-spouse,Craft-repair,Husband,White,Male,0,1628,50,United-States,42167
62,Private,15,Married-civ-spouse,Prof-specialty,Husband,White,Male,0,1628,70,United-States,50000
45,Private,9,Married-civ-spouse,Handlers-cleaners,Husband,White,Male,0,1628,45,United-States,31885
28,Private,9,Married-civ-spouse,Sales,Husband,White,Male,0,1628,40,United-States,42805
37,Private,9,Married-civ-spouse,Craft-repair,Husband,White,Male,0,1628,40,United-States,49154
28,Private,9,Married-civ-spouse,Sales,Husband,White,Male,0,1628,60,United-States,32115
46,Private,10,Married-civ-spouse,Machine-op-inspct,Husband,White,Male,0,1628,40,United-States,50000
39,Federal-gov,9,Married-civ-spouse,Adm-clerical,Husband,Black,Male,0,1628,40,United-States,29017
34,Private,10,Married-civ-spouse,Other-service,Wife,White,Female,0,1628,12,United-States,31397
37,Private,9,Married-civ-spouse,Craft-repair,Husband,White,Male,0,1628,40,United-States,40418
41,Private,11,Married-civ-spouse,Craft-repair,Wife,White,Female,0,1628,5,United-States,45795
39,Private,11,Married-civ-spouse,Craft-repair,Husband,White,Male,0,1628,48,United-States,32459
51,Local-gov,12,Married-civ-spouse,Adm-clerical,Wife,White,Female,0,1628,30,United-States,18228
42,Private,10,Married-civ-spouse,Adm-clerical,Husband,White,Male,0,1628,40,United-States,15000
40,Private,9,Married-civ-spouse,Craft-repair,Wife,White,Female,0,1628,45,United-States,26334
23,Private,10,Never-married,Adm-clerical,Own-child,White,Female,0,1617,25,United-States,50000
43,Private,10,Divorced,Tech-support,Own-child,White,Female,0,1617,72,United-States,40517
55,State-gov,9,Divorced,Adm-clerical,Not-in-family,White,Female,0,1617,40,United-States,50000
56,Private,9,Divorced,Adm-clerical,Unmarried,White,Female,0,1617,40,United-States,20903
44,Private,13,Never-married,Adm-clerical,Not-in-family,White,Female,0,1617,20,United-States,50000
30,Private,10,Divorced,Machine-op-inspct,Not-in-family,White,Male,0,1617,40,United-States,15000
36,Private,10,Never-married,Other-service,Not-in-family,White,Female,0,1617,40,United-States,48418
62,Private,10,Separated,Sales,Unmarried,White,Female,0,1617,33,United-States,25860
33,Private,9,Never-married,Adm-clerical,Not-in-family,White,Female,0,1617,40,United-States,38966
19,Private,10,Never-married,Sales,Own-child,White,Female,0,1602,10,United-States,48651
26,Private,10,Never-married,Prof-specialty,Not-in-family,White,Male,0,1602,40,United-States,19604
19,Private,4,Never-married,Craft-repair,Own-child,White,Male,0,1602,32,United-States,50000
19,Private,10,Never-married,Other-service,Own-child,White,Male,0,1602,24,United-States,47016
25,Private,9,Never-married,Other-service,Own-child,White,Male,0,1602,40,United-States,17722
26,Private,9,Never-married,Priv-house-serv,Other-relative,White,Female,0,1602,15,Mexico,34117
22,Private,9,Never-married,Priv-house-serv,Own-child,Black,Male,0,1602,30,United-States,44946
19,Private,10,Married-spouse-absent,Sales,Own-child,White,Female,0,1602,40,United-States,15000
32,Private,9,Never-married,Machine-op-inspct,Own-child,Black,Female,0,1602,20,United-States,37101
18,Private,10,Never-married,Machine-op-inspct,Own-child,White,Female,0,1602,20,United-States,16921
22,Private,10,Never-married,Other-service,Not-in-family,White,Male,0,1602,10,United-States,40006
21,Private,10,Never-married,Tech-support,Own-child,White,Male,0,1602,16,United-States,30137
20,Private,10,Never-married,Tech-support,Own-child,Asian-Pac-Islander,Female,0,1602,40,Taiwan,24751
18,Private,7,Never-married,Tech-support,Own-child,Black,Male,0,1602,48,United-States,31248
25,Private,6,Never-married,Handlers-cleaners,Own-child,Black,Male,0,1602,40,United-States,33829
21,Private,11,Never-married,Farming-fishing,Not-in-family,White,Female,0,1602,30,United-States,30469
21,State-gov,10,Never-married,Exec-managerial,Own-child,White,Male,0,1602,10,United-States,30450
17,Private,7,Never-married,Sales,Own-child,White,Female,0,1602,12,United-States,31260
57,Private,4,Widowed,Sales,Other-relative,White,Female,0,1602,3,United-States,35226
23,Private,13,Never-married,Sales,Not-in-family,White,Male,0,1602,12,United-States,34121
30,Private,9,Never-married,Sales,Not-in-family,White,Female,0,1602,30,United-States,15000
18,Private,7,Never-married,Handlers-cleaners,Own-child,White,Male,0,1602,40,United-States,23409
18,Private,10,Never-married,Handlers-cleaners,Own-child,White,Female,0,1602,24,United-States,43823
17,Private,6,Never-married,Other-service,Own-child,White,Female,0,1602,18,United-States,32112
39,Private,4,Never-married,Other-service,Own-child,White,Male,0,1602,35,United-States,50000
18,Private,7,Never-married,Other-service,Own-child,Black,Male,0,1602,23,United-States,15000
19,Private,9,Never-married,Other-service,Own-child,White,Female,0,1602,30,United-States,15000
18,Private,10,Never-married,Other-service,Own-child,Black,Female,0,1602,40,Cambodia,38686
17,Local-gov,6,Never-married,Protective-serv,Own-child,White,Female,0,1602,40,United-States,22280
21,State-gov,10,Never-married,Sales,Own-child,Black,Female,0,1602,12,United-States,27550
18,Private,10,Never-married,Handlers-cleaners,Own-child,Black,Female,0,1602,35,United-States,44248
19,Private,8,Never-married,Other-service,Own-child,White,Male,0,1602,20,United-States,20917
18,Private,7,Never-married,Sales,Own-child,Black,Female,0,1602,20,United-States,25095
18,Private,10,Never-married,Adm-clerical,Own-child,White,Male,0,1602,15,United-States,21188
19,Private,10,Never-married,Adm-clerical,Own-child,White,Female,0,1602,40,United-States,27520
17,Federal-gov,7,Never-married,Adm-clerical,Not-in-family,Black,Female,0,1602,40,United-States,18183
17,Private,6,Never-married,Other-service,Own-child,White,Female,0,1602,12,United-States,47404
18,Private,9,Never-married,Other-service,Own-child,White,Female,0,1602,20,United-States,33309
19,Private,6,Never-married,Handlers-cleaners,Other-relative,White,Male,0,1602,45,United-States,21859
20,Private,10,Never-married,Sales,Own-child,White,Male,0,1602,15,United-States,21978
57,Self-emp-not-inc,2,Widowed,Craft-repair,Other-relative,White,Female,0,1602,45,Columbia,43916
17,Private,6,Never-married,Other-service,Own-child,White,Female,0,1602,10,United-States,34362
21,Private,10,Never-married,Sales,Own-child,White,Female,0,1602,22,United-States,32642
18,Private,9,Never-married,Sales,Own-child,Asian-Pac-Islander,Female,0,1602,38,United-States,26336
20,Private,8,Never-married,Sales,Not-in-family,Other,Male,0,1602,40,United-States,37418
46,Private,13,Never-married,Machine-op-inspct,Not-in-family,White,Female,0,1602,8,United-States,37635
18,Private,9,Never-married,Sales,Own-child,White,Female,0,1602,20,United-States,27857
23,Private,9,Never-married,Craft-repair,Own-child,Black,Female,0,1594,20,United-States,21360
27,Private,9,Widowed,Craft-repair,Unmarried,White,Female,0,1594,26,United-States,34394
48,Private,6,Divorced,Machine-op-inspct,Unmarried,White,Female,0,1594,32,United-States,32369
46,Private,4,Married-spouse-absent,Priv-house-serv,Unmarried,White,Female,0,1594,24,Guatemala,26144
31,Private,9,Never-married,Sales,Own-child,White,Female,0,1594,30,United-States,37088
25,Private,12,Divorced,Tech-support,Own-child,White,Female,0,1594,25,United-States,32947
26,Private,9,Separated,Craft-repair,Unmarried,Black,Female,0,1594,40,United-States,44740
35,Private,9,Divorced,Other-service,Unmarried,Black,Female,0,1594,40,United-States,50000
27,Private,13,Never-married,Sales,Not-in-family,Black,Female,0,1590,40,United-States,41388
29,Private,10,Never-married,Other-service,Not-in-family,Other,Male,0,1590,40,United-States,50000
39,Private,9,Never-married,Other-service,Not-in-family,White,Male,0,1590,40,United-States,19985
42,Private,13,Divorced,Sales,Not-in-family,White,Male,0,1590,40,United-States,42255
20,Private,9,Never-married,Machine-op-inspct,Own-child,White,Male,0,1590,40,United-States,42801
32,Private,10,Divorced,Farming-fishing,Not-in-family,White,Female,0,1590,54,United-States,26917
50,Federal-gov,9,Divorced,Prof-specialty,Not-in-family,White,Male,0,1590,40,United-States,46484
55,Private,13,Never-married,Tech-support,Other-relative,White,Female,0,1590,38,United-States,23812
29,State-gov,11,Never-married,Tech-support,Not-in-family,White,Female,0,1590,64,United-States,37627
41,Private,4,Divorced,Craft-repair,Not-in-family,White,Male,0,1590,40,United-States,33636
25,Private,13,Never-married,Exec-managerial,Not-in-family,White,Male,0,1590,60,United-States,26041
46,Private,13,Divorced,Machine-op-inspct,Not-in-family,White,Male,0,1590,40,United-States,42336
29,Private,13,Never-married,Prof-specialty,Not-in-family,Other,Female,0,1590,40,United-States,19460
23,Private,9,Never-married,Sales,Not-in-family,White,Male,0,1590,48,United-States,16811
25,Private,13,Never-married,Craft-repair,Own-child,White,Male,0,1590,35,United-States,15949
42,Private,10,Divorced,Machine-op-inspct,Not-in-family,White,Male,0,1590,40,United-States,36736
41,Self-emp-not-inc,9,Divorced,Transport-moving,Not-in-family,White,Male,0,1590,40,United-States,32693
32,Private,13,Never-married,Sales,Not-in-family,White,Female,0,1590,40,United-States,32788
25,Private,10,Never-married,Adm-clerical,Own-child,White,Male,0,1590,40,United-States,26699
41,State-gov,13,Never-married,Protective-serv,Not-in-family,Black,Male,0,1590,40,Puerto-Rico,48919
24,Private,9,Never-married,Craft-repair,Not-in-family,White,Male,0,1590,40,United-States,25648
44,State-gov,10,Divorced,Adm-clerical,Not-in-family,Black,Female,0,1590,40,United-States,18343
29,Private,13,Never-married,Exec-managerial,Not-in-family,White,Male,0,1590,50,United-States,25151
51,Private,9,Never-married,Machine-op-inspct,Not-in-family,White,Female,0,1590,40,United-States,25841
39,Private,6,Widowed,Machine-op-inspct,Not-in-family,Black,Male,0,1590,40,United-States,44044
28,Self-emp-not-inc,10,Never-married,Craft-repair,Not-in-family,White,Male,0,1590,40,United-States,25048
48,Private,10,Divorced,Adm-clerical,Not-in-family,White,Female,0,1590,38,United-States,34202
34,Private,13,Never-married,Exec-managerial,Not-in-family,White,Male,0,1590,50,United-States,23673
45,Private,9,Divorced,Adm-clerical,Not-in-family,Asian-Pac-Islander,Female,0,1590,40,Japan,50000
47,Private,9,Divorced,Transport-moving,Not-in-family,White,Male,0,1590,40,United-States,32314
50,Private,14,Divorced,Sales,Not-in-family,White,Female,0,1590,45,United-States,50000
32,Private,14,Never-married,Prof-specialty,Not-in-family,White,Female,0,1590,40,United-States,29339
46,Private,9,Divorced,Adm-clerical,Unmarried,White,Female,0,1590,43,United-States,18172
32,Private,13,Divorced,Machine-op-inspct,Not-in-family,White,Female,0,1590,42,United-States,45659
34,Private,9,Divorced,Sales,Not-in-family,White,Female,0,1590,40,United-States,30772
32,Self-emp-not-inc,9,Divorced,Sales,Own-child,White,Male,0,1590,62,United-States,21882
35,Private,13,Never-married,Sales,Own-child,Asian-Pac-Islander,Male,0,1590,40,South,22968
29,Local-gov,9,Never-married,Handlers-cleaners,Unmarried,Asian-Pac-Islander,Male,0,1590,45,United-States,50000
46,Private,9,Never-married,Transport-moving,Not-in-family,White,Male,0,1590,48,United-States,30450
30,Private,15,Never-married,Prof-specialty,Not-in-family,White,Male,0,1590,80,United-States,50000
34,Local-gov,10,Married-civ-spouse,Transport-moving,Husband,White,Male,0,1579,40,United-States,18767
35,Private,10,Married-civ-spouse,Handlers-cleaners,Husband,White,Male,0,1579,40,United-States,19508
31,Private,10,Married-civ-spouse,Transport-moving,Husband,White,Male,0,1579,45,El-Salvador,39410
21,Private,11,Married-civ-spouse,Adm-clerical,Other-relative,White,Female,0,1579,40,United-States,23314
40,Federal-gov,10,Married-civ-spouse,Craft-repair,Husband,White,Male,0,1579,40,United-States,41738
48,Private,9,Married-civ-spouse,Craft-repair,Husband,White,Male,0,1579,40,United-States,28290
41,Private,3,Married-civ-spouse,Other-service,Husband,Other,Male,0,1579,40,Nicaragua,28170
33,Private,13,Married-civ-spouse,Adm-clerical,Husband,White,Male,0,1579,42,United-States,17663
31,Private,10,Married-civ-spouse,Craft-repair,Husband,White,Male,0,1579,40,United-States,41448
54,Self-emp-not-inc,10,Married-civ-spouse,Craft-repair,Husband,White,Male,0,1579,48,United-States,37001
51,Self-emp-not-inc,9,Married-civ-spouse,Farming-fishing,Husband,White,Male,0,1579,40,United-States,28104
25,Private,9,Married-civ-spouse,Craft-repair,Husband,White,Male,0,1579,40,United-States,38159
43,Local-gov,8,Married-civ-spouse,Transport-moving,Husband,White,Male,0,1579,40,United-States,31496
26,Self-emp-not-inc,9,Married-civ-spouse,Other-service,Wife,White,Female,0,1579,20,United-States,25810
27,Private,10,Married-civ-spouse,Adm-clerical,Wife,White,Female,0,1579,40,United-States,29343
24,Private,9,Married-civ-spouse,Machine-op-inspct,Husband,White,Male,0,1579,50,United-States,30531
50,Private,4,Married-civ-spouse,Transport-moving,Husband,White,Male,0,1579,65,Canada,17709
55,Private,13,Married-civ-spouse,Exec-managerial,Husband,Other,Male,0,1579,35,India,22353
42,Private,9,Married-civ-spouse,Machine-op-inspct,Husband,White,Male,0,1579,42,United-States,21010
59,Self-emp-not-inc,10,Married-civ-spouse,Farming-fishing,Husband,White,Male,0,1579,60,United-States,50000
30,Private,9,Married-civ-spouse,Sales,Wife,Asian-Pac-Islander,Female,0,1573,35,United-States,36676
20,Private,7,Married-civ-spouse,Handlers-cleaners,Husband,White,Male,0,1573,40,United-States,46590
23,Private,9,Married-civ-spouse,Machine-op-inspct,Husband,White,Male,0,1573,30,United-States,32616
34,Private,9,Married-civ-spouse,Craft-repair,Husband,White,Male,0,1573,40,United-States,15000
31,Private,9,Married-civ-spouse,Machine-op-inspct,Husband,White,Male,0,1573,40,United-States,27276
27,Self-emp-not-inc,9,Married-civ-spouse,Farming-fishing,Husband,White,Male,0,1573,70,United-States,43995
45,Private,11,Never-married,Prof-specialty,Not-in-family,White,Female,0,1564,40,United-States,82618
43,Private,13,Divorced,Exec-managerial,Not-in-family,White,Male,0,1564,45,United-States,50001
40,Self-emp-not-inc,10,Divorced,Exec-managerial,Other-relative,White,Male,0,1564,70,Iran,112850
53,Private,14,Never-married,Prof-specialty,Not-in-family,White,Female,0,1564,54,United-States,56357
51,Federal-gov,16,Never-married,Prof-specialty,Not-in-family,White,Female,0,1564,70,United-States,110044
40,Private,13,Divorced,Sales,Not-in-family,White,Male,0,1564,60,United-States,163580
46,Federal-gov,16,Never-married,Prof-specialty,Not-in-family,White,Female,0,1564,50,United-States,82518
51,Private,13,Never-married,Sales,Not-in-family,White,Female,0,1564,43,United-States,250000
42,Private,13,Never-married,Prof-specialty,Not-in-family,White,Female,0,1564,38,United-States,76464
46,State-gov,15,Never-married,Prof-specialty,Not-in-family,White,Female,0,1564,55,United-States,52730
28,Private,13,Never-married,Exec-managerial,Not-in-family,White,Female,0,1564,50,United-States,71876
34,Private,15,Never-married,Tech-support,Not-in-family,Asian-Pac-Islander,Male,0,1564,40,India,85201
39,Self-emp-not-inc,10,Never-married,Prof-specialty,Not-in-family,White,Male,0,1564,12,United-States,58550
30,Private,13,Divorced,Sales,Not-in-family,White,Male,0,1564,40,United-States,109621
33,Local-gov,13,Never-married,Tech-support,Not-in-family,Black,Male,0,1564,52,United-States,65760
28,Private,13,Never-married,Prof-specialty,Own-child,White,Female,0,1564,40,United-States,50001
44,Private,9,Never-married,Exec-managerial,Not-in-family,White,Male,0,1564,55,England,77358
34,Private,13,Divorced,Sales,Not-in-family,Amer-Indian-Eskimo,Male,0,1564,60,United-States,97296
29,Self-emp-not-inc,9,Married-spouse-absent,Transport-moving,Other-relative,Asian-Pac-Islander,Male,0,1564,50,India,62204
47,Private,13,Divorced,Handlers-cleaners,Not-in-family,White,Male,0,1564,51,United-States,243066
39,Private,13,Married-spouse-absent,Craft-repair,Not-in-family,White,Male,0,1564,50,United-States,241882
29,Local-gov,11,Never-married,Protective-serv,Not-in-family,White,Male,0,1564,56,United-States,50001
31,Private,14,Never-married,Exec-managerial,Not-in-family,White,Male,0,1564,40,United-States,77685
31,Private,13,Never-married,Exec-managerial,Not-in-family,White,Female,0,1564,60,United-States,50001
39,Private,9,Never-married,Craft-repair,Not-in-family,White,Male,0,1564,50,United-States,102260
67,Private,10,Married-civ-spouse,Exec-managerial,Husband,White,Male,0,1539,40,United-States,41169
46,Private,13,Never-married,Sales,Not-in-family,White,Male,0,1504,40,United-States,50000
44,Private,9,Never-married,Adm-clerical,Own-child,White,Male,0,1504,50,United-States,50000
21,Private,9,Never-married,Adm-clerical,Own-child,Black,Female,0,1504,30,United-States,50000
25,Private,10,Never-married,Exec-managerial,Other-relative,White,Female,0,1504,45,United-States,28134
59,Local-gov,9,Widowed,Other-service,Not-in-family,White,Female,0,1504,19,United-States,41590
47,Private,9,Divorced,Adm-clerical,Unmarried,White,Female,0,1504,35,United-States,26435
21,Private,11,Never-married,Craft-repair,Own-child,White,Male,0,1504,40,United-States,26966
44,Private,9,Divorced,Sales,Not-in-family,White,Female,0,1504,40,United-States,17315
31,Private,10,Never-married,Sales,Not-in-family,White,Female,0,1504,40,United-States,28848
37,Private,10,Divorced,Handlers-cleaners,Own-child,White,Male,0,1504,40,United-States,26033
44,Private,9,Divorced,Adm-clerical,Not-in-family,White,Female,0,1504,45,United-States,32761
25,Private,9,Never-married,Sales,Not-in-family,White,Male,0,1504,37,United-States,46875
21,Private,9,Never-married,Craft-repair,Not-in-family,White,Male,0,1504,40,United-States,29285
27,Private,14,Never-married,Prof-specialty,Not-in-family,White,Female,0,1504,45,United-States,37531
27,Private,13,Never-married,Sales,Not-in-family,White,Male,0,1504,45,United-States,50000
53,Private,9,Never-married,Sales,Not-in-family,White,Male,0,1504,35,United-States,50000
34,Self-emp-not-inc,10,Never-married,Craft-repair,Not-in-family,White,Male,0,1504,60,United-States,38054
30,Private,9,Never-married,Craft-repair,Own-child,White,Male,0,1504,40,United-States,23778
43,Private,10,Married-civ-spouse,Craft-repair,Husband,White,Male,0,1485,50,United-States,22060
32,Private,12,Married-civ-spouse,Exec-managerial,Wife,White,Female,0,1485,40,United-States,117095
49,Private,10,Married-civ-spouse,Craft-repair,Husband,White,Male,0,1485,40,United-States,52389
41,Local-gov,10,Married-civ-spouse,Other-service,Husband,White,Male,0,1485,40,United-States,91100
32,Private,9,Married-civ-spouse,Prof-specialty,Husband,White,Male,0,1485,48,United-States,50000
48,Private,13,Married-civ-spouse,Prof-specialty,Husband,White,Male,0,1485,40,United-States,113315
46,Private,9,Married-civ-spouse,Adm-clerical,Husband,White,Male,0,1485,40,United-States,111098
59,Private,6,Married-civ-spouse,Transport-moving,Husband,White,Male,0,1485,40,United-States,75479
36,Private,13,Married-civ-spouse,Prof-specialty,Husband,White,Male,0,1485,50,United-States,83419
53,Private,11,Married-civ-spouse,Exec-managerial,Husband,White,Male,0,1485,40,United-States,16638
37,Private,10,Married-civ-spouse,Adm-clerical,Husband,Black,Male,0,1485,70,United-States,123788
58,Federal-gov,10,Married-civ-spouse,Tech-support,Husband,Asian-Pac-Islander,Male,0,1485,40,United-States,103655
47,Private,7,Married-civ-spouse,Adm-clerical,Husband,White,Male,0,1485,58,United-States,18562
40,Private,10,Married-civ-spouse,Other-service,Husband,White,Male,0,1485,40,United-States,25719
45,Self-emp-not-inc,10,Married-civ-spouse,Craft-repair,Husband,White,Male,0,1485,40,United-States,50001
30,Private,12,Married-civ-spouse,Transport-moving,Wife,White,Female,0,1485,37,United-States,67341
60,Self-emp-not-inc,9,Married-civ-spouse,Craft-repair,Husband,White,Male,0,1485,50,United-States,104251
29,Private,10,Married-civ-spouse,Craft-repair,Husband,White,Male,0,1485,40,United-States,50001
29,Self-emp-not-inc,10,Married-civ-spouse,Craft-repair,Husband,Amer-Indian-Eskimo,Male,0,1485,60,United-States,50001
32,Private,10,Married-civ-spouse,Transport-moving,Husband,White,Male,0,1485,45,United-States,54741
50,Private,9,Married-civ-spouse,Machine-op-inspct,Husband,White,Male,0,1485,40,United-States,29936
41,Private,9,Married-civ-spouse,Craft-repair,Husband,White,Male,0,1485,44,United-States,185065
60,Private,9,Married-civ-spouse,Craft-repair,Husband,White,Male,0,1485,70,United-States,119470
29,Local-gov,10,Married-civ-spouse,Protective-serv,Husband,White,Male,0,1485,40,United-States,88497
59,Private,9,Married-civ-spouse,Craft-repair,Husband,White,Male,0,1485,45,United-States,50001
37,Self-emp-inc,10,Married-civ-spouse,Sales,Husband,White,Male,0,1485,44,United-States,59018
47,Private,10,Married-civ-spouse,Craft-repair,Husband,White,Male,0,1485,47,United-States,35269
34,Self-emp-not-inc,13,Married-civ-spouse,Exec-managerial,Husband,White,Male,0,1485,35,United-States,24973
27,Private,13,Married-civ-spouse,Exec-managerial,Husband,White,Male,0,1485,60,United-States,50901
34,Private,10,Married-civ-spouse,Tech-support,Husband,White,Male,0,1485,40,United-States,17490
41,Private,7,Married-civ-spouse,Craft-repair,Husband,White,Male,0,1485,50,United-States,74453
42,Local-gov,13,Married-civ-spouse,Exec-managerial,Husband,White,Male,0,1485,40,United-States,17060
33,Local-gov,9,Married-civ-spouse,Exec-managerial,Wife,White,Female,0,1485,38,United-States,38406
50,Private,14,Married-civ-spouse,Exec-managerial,Wife,White,Female,0,1485,40,United-States,50000
41,Private,9,Married-civ-spouse,Craft-repair,Husband,White,Male,0,1485,40,United-States,30213
45,Self-emp-not-inc,13,Married-civ-spouse,Farming-fishing,Husband,White,Male,0,1485,70,United-States,50001
42,Private,13,Married-civ-spouse,Exec-managerial,Husband,White,Male,0,1485,60,United-States,32954
46,Private,12,Married-civ-spouse,Craft-repair,Husband,White,Male,0,1485,55,United-States,27033
57,State-gov,13,Married-civ-spouse,Adm-clerical,Husband,Asian-Pac-Islander,Male,0,1485,40,China,33157
38,Self-emp-inc,10,Married-civ-spouse,Sales,Husband,White,Male,0,1485,60,Cuba,50001
45,Self-emp-inc,15,Married-civ-spouse,Prof-specialty,Husband,White,Male,0,1485,50,United-States,61023
34,Private,10,Married-civ-spouse,Exec-managerial,Wife,White,Female,0,1485,40,United-States,71723
38,Private,14,Married-civ-spouse,Other-service,Husband,Black,Male,0,1485,40,United-States,21472
35,State-gov,9,Married-civ-spouse,Craft-repair,Husband,White,Male,0,1485,40,United-States,93742
63,State-gov,9,Married-civ-spouse,Craft-repair,Husband,White,Male,0,1485,40,United-States,50001
34,Private,9,Married-civ-spouse,Adm-clerical,Husband,White,Male,0,1485,40,United-States,35346
44,Private,9,Married-civ-spouse,Craft-repair,Husband,Black,Male,0,1485,40,Haiti,29954
44,Local-gov,10,Married-civ-spouse,Exec-managerial,Husband,White,Male,0,1485,40,United-States,67956
50,Self-emp-inc,10,Married-civ-spouse,Sales,Husband,White,Male,0,1485,40,United-States,23150
41,Private,9,Married-civ-spouse,Exec-managerial,Husband,White,Male,0,1485,40,United-States,62649
31,Private,10,Married-civ-spouse,Other-service,Husband,Asian-Pac-Islander,Male,0,1485,55,United-States,78525
65,Local-gov,4,Married-civ-spouse,Exec-managerial,Husband,White,Male,0,1411,40,United-States,22733
45,Private,13,Divorced,Exec-managerial,Own-child,White,Male,0,1408,40,United-States,16053
36,Federal-gov,14,Never-married,Prof-specialty,Not-in-family,White,Male,0,1408,40,United-States,17719
31,Private,13,Never-married,Exec-managerial,Not-in-family,White,Female,0,1408,40,United-States,27670
42,Private,10,Divorced,Exec-managerial,Not-in-family,White,Male,0,1408,40,United-States,31178
38,Private,9,Never-married,Other-service,Unmarried,White,Male,0,1408,40,United-States,21042
46,Local-gov,13,Divorced,Prof-specialty,Not-in-family,White,Female,0,1408,40,United-States,29428
28,Private,13,Never-married,Exec-managerial,Own-child,White,Female,0,1408,40,United-States,25419
35,Private,9,Never-married,Craft-repair,Not-in-family,White,Male,0,1408,40,United-States,28498
54,Private,13,Divorced,Sales,Not-in-family,White,Female,0,1408,38,United-States,29139
34,Private,9,Divorced,Craft-repair,Not-in-family,White,Male,0,1408,38,United-States,21473
29,Private,9,Never-married,Handlers-cleaners,Not-in-family,White,Male,0,1408,40,United-States,20875
24,Private,9,Never-married,Craft-repair,Own-child,White,Male,0,1408,50,United-States,50000
44,Private,10,Divorced,Sales,Unmarried,White,Female,0,1408,46,United-States,50000
33,Private,13,Never-married,Prof-specialty,Not-in-family,White,Male,0,1408,36,United-States,20758
47,Local-gov,12,Separated,Exec-managerial,Not-in-family,White,Male,0,1408,40,United-States,41014
28,Private,13,Never-married,Adm-clerical,Not-in-family,White,Male,0,1408,40,United-States,37635
38,Private,10,Never-married,Other-service,Not-in-family,White,Male,0,1408,40,United-States,27476
41,Private,10,Never-married,Craft-repair,Not-in-family,White,Male,0,1408,40,United-States,17738
50,Private,9,Divorced,Craft-repair,Unmarried,White,Male,0,1408,50,United-States,31232
29,Federal-gov,10,Never-married,Prof-specialty,Not-in-family,White,Female,0,1408,40,United-States,50000
50,Self-emp-not-inc,12,Never-married,Sales,Not-in-family,White,Female,0,1408,5,United-States,37533
49,Private,11,Married-spouse-absent,Handlers-cleaners,Unmarried,White,Male,0,1380,42,United-States,26652
31,Private,13,Widowed,Sales,Unmarried,White,Female,0,1380,40,Cuba,26376
44,Private,10,Divorced,Transport-moving,Own-child,White,Male,0,1380,40,United-States,40179
48,Local-gov,14,Never-married,Prof-specialty,Unmarried,White,Female,0,1380,40,United-States,15000
39,Private,10,Divorced,Sales,Own-child,White,Male,0,1380,70,United-States,42184
39,Private,12,Divorced,Prof-specialty,Unmarried,White,Female,0,1380,40,United-States,50000
32,Federal-gov,9,Never-married,Exec-managerial,Unmarried,White,Female,0,1380,40,United-States,24749
42,Local-gov,10,Never-married,Prof-specialty,Not-in-family,White,Female,0,1340,40,United-States,20132
25,Private,13,Never-married,Exec-managerial,Own-child,White,Male,0,1340,40,United-States,50000
42,Federal-gov,7,Never-married,Tech-support,Not-in-family,White,Male,0,1340,40,United-States,31178
44,Local-gov,11,Never-married,Tech-support,Not-in-family,White,Male,0,1340,40,United-States,34160
38,Private,13,Never-married,Exec-managerial,Not-in-family,White,Male,0,1340,40,United-States,39129
54,Private,13,Divorced,Prof-specialty,Not-in-family,White,Male,0,1340,40,United-States,44245
37,Private,13,Never-married,Prof-specialty,Not-in-family,White,Female,0,1340,42,United-States,21569
62,Local-gov,13,Married-civ-spouse,Adm-clerical,Wife,White,Female,0,1258,38,United-States,18334
72,Local-gov,16,Married-civ-spouse,Exec-managerial,Husband,White,Male,0,1258,40,United-States,22940
76,Local-gov,15,Married-civ-spouse,Exec-managerial,Husband,White,Male,0,1258,20,United-States,50000
66,Private,10,Married-civ-spouse,Transport-moving,Husband,White,Male,0,1258,20,United-States,29736
33,Local-gov,9,Divorced,Adm-clerical,Own-child,White,Female,0,1138,40,United-States,18141
29,Private,9,Never-married,Sales,Unmarried,Black,Female,0,1138,40,United-States,31563
25,Private,13,Never-married,Tech-support,Not-in-family,Asian-Pac-Islander,Female,0,1092,40,Philippines,29096
39,Private,13,Never-married,Sales,Own-child,White,Male,0,1092,40,Germany,28243
33,Private,9,Never-married,Craft-repair,Not-in-family,White,Male,0,1092,40,United-States,30640
53,State-gov,9,Divorced,Exec-managerial,Not-in-family,White,Male,0,1092,40,United-States,41717
52,Private,13,Separated,Adm-clerical,Unmarried,White,Female,0,1092,40,United-States,50000
23,Local-gov,13,Never-married,Prof-specialty,Not-in-family,White,Female,0,1092,40,United-States,29983
60,Private,9,Divorced,Exec-managerial,Not-in-family,White,Female,0,1092,40,United-States,42982
27,Private,4,Divorced,Machine-op-inspct,Unmarried,White,Male,0,974,40,United-States,26113
34,Private,11,Married-spouse-absent,Adm-clerical,Unmarried,White,Female,0,974,40,United-States,34051
43,Self-emp-not-inc,10,Divorced,Sales,Unmarried,White,Female,0,880,42,United-States,27277
33,Private,12,Divorced,Adm-clerical,Not-in-family,White,Female,0,880,40,United-States,50000
31,Private,12,Divorced,Sales,Unmarried,White,Female,0,880,45,United-States,28706
50,Federal-gov,10,Divorced,Adm-clerical,Unmarried,White,Female,0,880,40,United-States,24343
32,Private,12,Divorced,Prof-specialty,Unmarried,White,Female,0,880,36,United-States,29436
34,Private,7,Divorced,Transport-moving,Unmarried,White,Male,0,880,60,United-States,21665
69,State-gov,10,Widowed,Adm-clerical,Not-in-family,White,Female,0,810,38,United-States,50000
65,Private,9,Widowed,Adm-clerical,Not-in-family,White,Female,0,810,36,United-States,32884
57,Private,9,Widowed,Transport-moving,Unmarried,White,Male,0,653,42,United-States,101001
42,Private,13,Divorced,Prof-specialty,Unmarried,White,Male,0,653,50,United-States,57585
49,Private,9,Separated,Prof-specialty,Unmarried,White,Female,0,653,60,United-States,19224
40,Private,9,Divorced,Exec-managerial,Unmarried,White,Female,0,625,52,United-States,49758
43,Local-gov,13,Divorced,Prof-specialty,Unmarried,White,Female,0,625,40,United-States,48530
59,Private,9,Never-married,Exec-managerial,Unmarried,White,Female,0,625,38,United-States,32813
39,Federal-gov,13,Divorced,Tech-support,Unmarried,Black,Female,0,625,40,United-States,49092
49,Local-gov,13,Divorced,Exec-managerial,Unmarried,White,Female,0,625,40,United-States,26523
39,State-gov,9,Separated,Adm-clerical,Unmarried,White,Female,0,625,35,United-States,42731
49,Private,9,Separated,Prof-specialty,Unmarried,White,Female,0,625,40,Puerto-Rico,23157
39,Private,10,Divorced,Exec-managerial,Unmarried,White,Female,0,625,40,United-States,47015
43,Private,5,Never-married,Machine-op-inspct,Unmarried,Black,Female,0,625,40,United-States,15000
41,Private,9,Divorced,Adm-clerical,Not-in-family,Other,Female,0,625,40,United-States,32642
46,Private,11,Divorced,Tech-support,Unmarried,Black,Female,0,625,40,United-States,33355
47,Private,9,Divorced,Craft-repair,Unmarried,White,Male,0,625,40,United-States,24282
67,Private,7,Married-civ-spouse,Craft-repair,Husband,White,Male,0,419,3,United-States,36685
68,Private,9,Married-civ-spouse,Transport-moving,Husband,White,Male,0,419,12,United-States,34514
27,Private,10,Married-civ-spouse,Transport-moving,Husband,White,Male,0,419,20,Mexico,22611
52,Private,9,Never-married,Prof-specialty,Unmarried,White,Female,0,323,40,United-States,22493
46,Private,14,Divorced,Exec-managerial,Unmarried,White,Female,0,323,45,United-States,25742
49,Local-gov,14,Widowed,Prof-specialty,Unmarried,White,Female,0,323,20,United-States,29503
37,Private,14,Divorced,Exec-managerial,Unmarried,White,Female,0,213,45,United-States,16235
38,Private,13,Divorced,Adm-clerical,Unmarried,Asian-Pac-Islander,Female,0,213,40,Philippines,44536
40,Private,10,Divorced,Tech-support,Unmarried,White,Female,0,213,40,United-States,40927
36,Private,13,Divorced,Prof-specialty,Unmarried,Black,Female,0,213,40,United-States,33183
28,Private,6,Never-married,Machine-op-inspct,Not-in-family,White,Female,0,155,40,United-States,26029
54,Self-emp-inc,15,Married-civ-spouse,Prof-specialty,Husband,White,Male,99999,0,60,United-States,54484
52,Private,9,Married-civ-spouse,Exec-managerial,Husband,Asian-Pac-Islander,Male,99999,0,40,Japan,101428
53,Self-emp-inc,9,Married-civ-spouse,Sales,Husband,White,Male,99999,0,40,United-States,163406
52,Private,13,Married-civ-spouse,Exec-managerial,Husband,White,Male,99999,0,50,United-States,85879
46,Private,15,Married-civ-spouse,Prof-specialty,Husband,White,Male,99999,0,60,United-States,75653
43,Private,13,Married-civ-spouse,Exec-managerial,Husband,White,Male,99999,0,60,United-States,128226
49,Private,13,Married-civ-spouse,Prof-specialty,Wife,White,Female,99999,0,20,United-States,85201
50,Private,10,Married-civ-spouse,Exec-managerial,Husband,White,Male,99999,0,50,United-States,76905
22,Self-emp-not-inc,9,Never-married,Prof-specialty,Unmarried,White,Female,99999,0,40,Dominican-Republic,126815
43,Self-emp-inc,10,Married-civ-spouse,Sales,Husband,White,Male,99999,0,55,United-States,50001
65,Self-emp-inc,13,Married-civ-spouse,Sales,Husband,White,Male,99999,0,60,United-States,139535
26,Private,15,Married-civ-spouse,Prof-specialty,Husband,White,Male,99999,0,60,United-States,68495
52,Self-emp-not-inc,15,Married-civ-spouse,Prof-specialty,Husband,White,Male,99999,0,45,United-States,107129
46,Private,15,Married-civ-spouse,Prof-specialty,Husband,White,Male,99999,0,50,United-States,53552
36,Private,15,Divorced,Prof-specialty,Not-in-family,White,Male,99999,0,45,United-States,82832
40,Self-emp-not-inc,15,Married-civ-spouse,Prof-specialty,Husband,White,Male,99999,0,70,United-States,50001
52,Self-emp-inc,15,Married-civ-spouse,Prof-specialty,Husband,White,Male,99999,0,35,United-States,50001
32,Self-emp-inc,9,Married-civ-spouse,Craft-repair,Husband,White,Male,99999,0,40,United-States,113841
53,Private,9,Married-civ-spouse,Exec-managerial,Husband,White,Male,99999,0,40,United-States,53260
47,Private,15,Married-civ-spouse,Prof-specialty,Husband,Asian-Pac-Islander,Male,99999,0,55,Taiwan,55629
37,Local-gov,12,Married-civ-spouse,Prof-specialty,Wife,Black,Female,99999,0,40,Taiwan,50001
37,Self-emp-not-inc,15,Married-civ-spouse,Prof-specialty,Husband,White,Male,99999,0,50,United-States,50136
39,Self-emp-inc,15,Married-civ-spouse,Prof-specialty,Husband,White,Male,99999,0,65,United-States,56678
38,Private,16,Married-civ-spouse,Exec-managerial,Wife,White,Female,99999,0,36,United-States,57559
44,Private,15,Married-civ-spouse,Prof-specialty,Husband,White,Male,99999,0,65,United-States,50001
57,Self-emp-inc,15,Married-civ-spouse,Prof-specialty,Husband,White,Male,99999,0,60,United-States,51101
51,Private,14,Married-civ-spouse,Prof-specialty,Wife,White,Female,99999,0,50,United-States,57822
78,Self-emp-not-inc,13,Never-married,Exec-managerial,Not-in-family,White,Male,99999,0,20,United-States,111540
36,Private,10,Married-civ-spouse,Adm-clerical,Wife,Black,Female,99999,0,40,United-States,50001
49,Self-emp-inc,14,Divorced,Prof-specialty,Unmarried,White,Male,99999,0,80,Mexico,67235
54,Self-emp-not-inc,15,Married-civ-spouse,Prof-specialty,Husband,Asian-Pac-Islander,Male,99999,0,50,Philippines,58594
41,Self-emp-inc,13,Married-civ-spouse,Sales,Husband,White,Male,99999,0,65,United-States,81769
46,Local-gov,13,Divorced,Adm-clerical,Not-in-family,White,Female,99999,0,40,United-States,62669
33,Private,16,Divorced,Sales,Not-in-family,White,Male,99999,0,60,United-States,65324
36,Self-emp-not-inc,10,Married-civ-spouse,Sales,Husband,White,Male,99999,0,20,United-States,59028
63,Private,9,Married-civ-spouse,Craft-repair,Husband,White,Male,99999,0,40,United-States,96357
38,Private,15,Married-civ-spouse,Prof-specialty,Husband,White,Male,99999,0,70,United-States,136326
33,Private,9,Married-civ-spouse,Machine-op-inspct,Husband,White,Male,99999,0,56,United-States,82442
47,Private,14,Separated,Exec-managerial,Not-in-family,White,Male,99999,0,50,United-States,116530
28,Private,11,Married-civ-spouse,Prof-specialty,Husband,White,Male,99999,0,50,United-States,146773
52,Self-emp-inc,15,Married-civ-spouse,Prof-specialty,Husband,Other,Male,99999,0,65,United-States,50001
30,Private,13,Married-civ-spouse,Exec-managerial,Husband,White,Male,99999,0,50,United-States,70277
50,Private,14,Married-civ-spouse,Exec-managerial,Husband,White,Male,99999,0,60,United-States,67938
32,Private,13,Married-civ-spouse,Prof-specialty,Husband,White,Male,99999,0,50,United-States,50204
46,Private,13,Married-civ-spouse,Sales,Husband,White,Male,99999,0,40,United-States,76603
49,Self-emp-not-inc,15,Married-civ-spouse,Prof-specialty,Husband,White,Male,99999,0,35,United-States,50001
30,Private,9,Married-civ-spouse,Transport-moving,Husband,White,Male,99999,0,40,United-States,135136
32,Private,13,Married-civ-spouse,Sales,Husband,White,Male,99999,0,60,United-States,138334
59,Private,15,Married-civ-spouse,Prof-specialty,Husband,Asian-Pac-Islander,Male,99999,0,40,India,50001
46,Self-emp-inc,13,Married-civ-spouse,Sales,Husband,White,Male,99999,0,72,United-States,50001
32,Private,9,Married-civ-spouse,Craft-repair,Husband,White,Male,99999,0,40,United-States,101628
21,Private,10,Never-married,Protective-serv,Not-in-family,Black,Female,99999,0,40,United-States,85976
56,Self-emp-inc,16,Married-civ-spouse,Prof-specialty,Husband,White,Male,99999,0,70,United-States,50001
43,Private,15,Married-spouse-absent,Prof-specialty,Not-in-family,White,Male,99999,0,40,United-States,82343
30,Private,13,Married-civ-spouse,Prof-specialty,Husband,White,Male,99999,0,35,United-States,59910
39,Private,14,Married-civ-spouse,Prof-specialty,Husband,White,Male,99999,0,40,United-States,114963
24,Private,10,Never-married,Prof-specialty,Not-in-family,Asian-Pac-Islander,Male,99999,0,50,South,70309
46,Self-emp-inc,15,Married-civ-spouse,Prof-specialty,Husband,White,Male,99999,0,60,United-States,50001
50,Self-emp-not-inc,9,Divorced,Exec-managerial,Not-in-family,White,Female,99999,0,35,United-States,81513
60,Private,9,Married-civ-spouse,Exec-managerial,Husband,White,Male,99999,0,40,United-States,50001
36,Self-emp-inc,9,Married-civ-spouse,Exec-managerial,Husband,White,Male,99999,0,50,United-States,128797
47,Private,16,Married-civ-spouse,Exec-managerial,Husband,White,Male,99999,0,50,United-States,50001
56,Self-emp-not-inc,9,Widowed,Adm-clerical,Unmarried,White,Female,99999,0,40,United-States,80207
53,Private,13,Married-civ-spouse,Exec-managerial,Husband,Asian-Pac-Islander,Male,99999,0,50,India,76227
42,Private,10,Married-civ-spouse,Exec-managerial,Husband,White,Male,99999,0,55,United-States,50001
50,Private,13,Married-civ-spouse,Sales,Husband,White,Male,99999,0,60,United-States,75263
48,Private,14,Divorced,Exec-managerial,Not-in-family,White,Male,99999,0,50,United-States,123610
41,Private,15,Married-civ-spouse,Prof-specialty,Husband,White,Male,99999,0,65,United-States,57374
72,Self-emp-inc,15,Married-civ-spouse,Prof-specialty,Husband,White,Male,99999,0,50,United-States,50001
55,Private,14,Married-civ-spouse,Exec-managerial,Husband,White,Male,99999,0,55,United-States,107388
33,Private,13,Married-civ-spouse,Prof-specialty,Husband,White,Male,99999,0,40,United-States,103767
62,Self-emp-inc,13,Divorced,Sales,Not-in-family,White,Male,99999,0,40,United-States,50001
52,Self-emp-inc,16,Married-civ-spouse,Prof-specialty,Husband,White,Male,99999,0,65,United-States,50001
50,Private,13,Married-civ-spouse,Exec-managerial,Husband,White,Male,99999,0,55,United-States,58138
28,Self-emp-inc,9,Married-civ-spouse,Sales,Husband,Black,Male,99999,0,40,United-States,50001
42,Local-gov,6,Married-civ-spouse,Handlers-cleaners,Husband,White,Male,99999,0,40,United-States,100750
51,Private,14,Married-civ-spouse,Exec-managerial,Husband,White,Male,99999,0,50,United-States,78315
42,Private,13,Married-civ-spouse,Prof-specialty,Husband,White,Male,99999,0,40,United-States,50001
50,Self-emp-inc,15,Married-civ-spouse,Prof-specialty,Husband,White,Male,99999,0,80,United-States,144377
41,Self-emp-inc,16,Married-civ-spouse,Prof-specialty,Husband,White,Male,99999,0,70,United-States,90539
47,Private,14,Married-civ-spouse,Exec-managerial,Husband,White,Male,99999,0,50,United-States,86614
38,Federal-gov,15,Never-married,Prof-specialty,Not-in-family,Asian-Pac-Islander,Female,99999,0,57,Canada,122981
61,Federal-gov,10,Married-civ-spouse,Prof-specialty,Husband,White,Male,99999,0,30,United-States,80359
57,Self-emp-not-inc,10,Married-civ-spouse,Sales,Husband,White,Male,99999,0,45,United-States,66279
42,Self-emp-not-inc,15,Married-civ-spouse,Prof-specialty,Husband,White,Male,99999,0,50,United-States,207661
47,Private,15,Married-civ-spouse,Prof-specialty,Husband,White,Male,99999,0,48,United-States,68748
51,Self-emp-not-inc,9,Divorced,Exec-managerial,Not-in-family,White,Female,99999,0,35,United-States,50001
42,Local-gov,13,Never-married,Adm-clerical,Not-in-family,White,Female,99999,0,40,United-States,50001
47,Self-emp-inc,15,Married-civ-spouse,Prof-specialty,Husband,White,Male,99999,0,50,United-States,109203
74,Private,15,Married-civ-spouse,Prof-specialty,Husband,White,Male,99999,0,50,United-States,50001
39,Private,16,Married-civ-spouse,Prof-specialty,Husband,White,Male,99999,0,55,United-States,97991
43,Private,15,Married-civ-spouse,Prof-specialty,Husband,White,Male,99999,0,60,United-States,107173
47,Private,10,Married-civ-spouse,Sales,Husband,White,Male,99999,0,60,United-States,66379
52,Self-emp-not-inc,13,Married-civ-spouse,Adm-clerical,Wife,White,Female,99999,0,30,United-States,113994
69,Self-emp-not-inc,13,Married-civ-spouse,Adm-clerical,Husband,White,Male,99999,0,40,United-States,50001
58,Self-emp-not-inc,10,Married-civ-spouse,Adm-clerical,Husband,White,Male,99999,0,40,United-States,50001
48,Private,13,Married-civ-spouse,Tech-support,Wife,White,Female,99999,0,40,United-States,50001
55,Self-emp-inc,13,Married-civ-spouse,Sales,Husband,White,Male,99999,0,60,United-States,104571
50,Private,9,Married-civ-spouse,Prof-specialty,Husband,White,Male,99999,0,40,United-States,77880
49,State-gov,14,Married-civ-spouse,Sales,Husband,White,Male,99999,0,80,United-States,76569
30,Self-emp-not-inc,9,Never-married,Craft-repair,Not-in-family,White,Male,99999,0,50,United-States,128333
52,Private,9,Married-civ-spouse,Sales,Husband,White,Male,99999,0,45,United-States,131027
46,Private,15,Married-civ-spouse,Prof-specialty,Husband,White,Male,99999,0,50,United-States,89380
58,Private,13,Married-civ-spouse,Prof-specialty,Wife,White,Female,99999,0,35,United-States,100936
59,Self-emp-not-inc,13,Married-civ-spouse,Prof-specialty,Husband,White,Male,99999,0,43,United-States,82039
50,Self-emp-not-inc,9,Married-civ-spouse,Craft-repair,Husband,White,Male,99999,0,50,United-States,50001
40,Private,15,Married-civ-spouse,Prof-specialty,Husband,Asian-Pac-Islander,Male,99999,0,40,United-States,120413
43,Private,16,Married-civ-spouse,Prof-specialty,Husband,White,Male,99999,0,55,United-States,50001
47,Private,13,Married-civ-spouse,Exec-managerial,Husband,White,Male,99999,0,55,United-States,50001
65,Private,13,Married-civ-spouse,Exec-managerial,Husband,White,Male,99999,0,40,United-States,164954
33,Private,10,Never-married,Adm-clerical,Own-child,White,Female,99999,0,30,United-States,70472
53,Private,16,Married-civ-spouse,Prof-specialty,Wife,White,Female,99999,0,37,United-States,147771
42,Self-emp-not-inc,14,Married-civ-spouse,Sales,Husband,White,Male,99999,0,80,United-States,55348
69,Self-emp-not-inc,15,Married-civ-spouse,Prof-specialty,Husband,White,Male,99999,0,40,United-States,58897
44,Self-emp-inc,13,Married-civ-spouse,Exec-managerial,Husband,White,Male,99999,0,45,United-States,226193
44,Self-emp-not-inc,15,Married-civ-spouse,Prof-specialty,Husband,White,Male,99999,0,50,United-States,52829
38,Self-emp-inc,15,Married-civ-spouse,Prof-specialty,Husband,White,Male,99999,0,50,United-States,111306
39,Private,13,Married-civ-spouse,Exec-managerial,Husband,White,Male,99999,0,70,United-States,50001
32,Private,13,Married-civ-spouse,Sales,Husband,White,Male,99999,0,50,United-States,50001
41,Private,10,Married-civ-spouse,Exec-managerial,Husband,White,Male,99999,0,50,United-States,102171
31,Private,13,Divorced,Other-service,Not-in-family,Asian-Pac-Islander,Male,99999,0,70,United-States,144952
50,Self-emp-not-inc,15,Married-civ-spouse,Exec-managerial,Husband,White,Male,99999,0,50,United-States,50001
49,Private,9,Married-civ-spouse,Sales,Husband,White,Male,99999,0,65,United-States,78116
29,Self-emp-not-inc,15,Divorced,Prof-specialty,Not-in-family,White,Male,99999,0,60,United-States,96517
48,Private,15,Married-civ-spouse,Exec-managerial,Husband,White,Male,99999,0,50,United-States,74561
40,Local-gov,13,Married-civ-spouse,Prof-specialty,Husband,White,Male,99999,0,75,United-States,142196
45,Private,16,Never-married,Prof-specialty,Not-in-family,White,Male,99999,0,30,United-States,121506
60,Private,9,Married-civ-spouse,Other-service,Wife,White,Female,99999,0,40,United-States,50001
49,Self-emp-inc,15,Married-civ-spouse,Prof-specialty,Husband,White,Male,99999,0,37,United-States,82062
56,Self-emp-inc,15,Married-civ-spouse,Prof-specialty,Husband,White,Male,99999,0,40,United-States,81150
45,Self-emp-inc,13,Married-civ-spouse,Exec-managerial,Wife,Asian-Pac-Islander,Female,99999,0,25,United-States,70202
71,Self-emp-inc,14,Married-civ-spouse,Exec-managerial,Husband,White,Male,99999,0,40,United-States,63281
57,Self-emp-inc,14,Married-civ-spouse,Sales,Husband,White,Male,99999,0,40,United-States,50001
64,Self-emp-inc,15,Married-civ-spouse,Prof-specialty,Husband,White,Male,99999,0,35,United-States,88371
41,Private,13,Separated,Prof-specialty,Not-in-family,Black,Female,99999,0,60,United-States,50001
49,Self-emp-not-inc,16,Never-married,Prof-specialty,Not-in-family,White,Male,99999,0,70,United-States,139433
55,Private,5,Divorced,Craft-repair,Unmarried,White,Female,99999,0,37,United-States,68571
48,Self-emp-not-inc,13,Married-civ-spouse,Exec-managerial,Husband,White,Male,99999,0,50,United-States,50001
40,Self-emp-not-inc,14,Married-civ-spouse,Exec-managerial,Husband,White,Male,99999,0,50,United-States,58582
55,Private,15,Married-civ-spouse,Exec-managerial,Husband,White,Male,99999,0,40,United-States,50001
44,Self-emp-inc,13,Married-civ-spouse,Exec-managerial,Husband,White,Male,99999,0,70,United-States,82208
38,Private,14,Married-civ-spouse,Prof-specialty,Husband,White,Male,99999,0,65,United-States,50001
34,Private,13,Never-married,Sales,Not-in-family,White,Male,99999,0,50,United-States,50001
37,Self-emp-not-inc,9,Married-civ-spouse,Sales,Husband,White,Male,99999,0,50,United-States,84457
51,Self-emp-not-inc,15,Married-civ-spouse,Prof-specialty,Husband,Other,Male,99999,0,70,India,56488
65,Self-emp-inc,13,Married-civ-spouse,Exec-managerial,Husband,White,Male,99999,0,65,United-States,50001
38,Self-emp-not-inc,14,Married-civ-spouse,Prof-specialty,Husband,Black,Male,99999,0,60,United-States,91579
65,Self-emp-inc,16,Married-civ-spouse,Exec-managerial,Husband,White,Male,99999,0,40,United-States,50001
37,Private,13,Married-civ-spouse,Sales,Husband,White,Male,99999,0,60,United-States,92560
38,Private,15,Married-civ-spouse,Prof-specialty,Husband,White,Male,99999,0,60,United-States,68607
50,Self-emp-inc,15,Married-civ-spouse,Prof-specialty,Husband,White,Male,99999,0,55,United-States,95371
55,Private,6,Married-civ-spouse,Craft-repair,Husband,White,Male,99999,0,40,United-States,50001
38,Private,14,Married-civ-spouse,Exec-managerial,Husband,White,Male,99999,0,70,United-States,95871
22,Self-emp-not-inc,10,Never-married,Sales,Own-child,Black,Male,99999,0,55,United-States,50001
47,Private,14,Married-civ-spouse,Exec-managerial,Husband,White,Male,99999,0,55,United-States,116377
43,Self-emp-inc,15,Married-civ-spouse,Exec-managerial,Husband,White,Male,99999,0,40,United-States,53572
66,Private,13,Married-civ-spouse,Exec-managerial,Husband,White,Male,99999,0,55,United-States,109626
47,Private,15,Married-civ-spouse,Exec-managerial,Husband,White,Male,99999,0,40,United-States,63707
57,Local-gov,9,Married-civ-spouse,Craft-repair,Husband,White,Male,99999,0,40,United-States,102533
27,Private,1,Married-civ-spouse,Farming-fishing,Other-relative,White,Male,41310,0,24,Mexico,50000
63,Self-emp-not-inc,14,Married-civ-spouse,Farming-fishing,Husband,White,Male,41310,0,50,United-States,29140
17,Self-emp-not-inc,6,Never-married,Farming-fishing,Own-child,White,Female,34095,0,32,United-States,50000
18,Private,9,Never-married,Protective-serv,Own-child,White,Male,34095,0,3,United-States,16571
19,Private,9,Never-married,Other-service,Own-child,White,Female,34095,0,20,United-States,27398
55,Self-emp-not-inc,9,Divorced,Exec-managerial,Not-in-family,White,Male,34095,0,60,United-States,50000
20,Self-emp-not-inc,10,Never-married,Exec-managerial,Other-relative,Black,Male,34095,0,10,United-States,25330
46,Private,14,Divorced,Exec-managerial,Not-in-family,White,Female,27828,0,50,United-States,80700
35,Private,13,Divorced,Exec-managerial,Not-in-family,White,Male,27828,0,50,United-States,135321
47,Self-emp-inc,15,Divorced,Prof-specialty,Not-in-family,White,Male,27828,0,50,United-States,88192
55,Self-emp-not-inc,9,Divorced,Craft-repair,Unmarried,White,Male,27828,0,55,United-States,175423
34,Private,13,Never-married,Sales,Not-in-family,White,Male,27828,0,40,United-States,189671
25,Private,11,Never-married,Sales,Not-in-family,White,Male,27828,0,40,United-States,105748
56,Self-emp-inc,14,Divorced,Exec-managerial,Not-in-family,White,Male,27828,0,60,United-States,72938
25,Private,13,Never-married,Farming-fishing,Own-child,White,Male,27828,0,50,United-States,90648
41,Private,14,Never-married,Prof-specialty,Not-in-family,White,Female,27828,0,35,United-States,130142
42,Private,16,Married-spouse-absent,Other-service,Not-in-family,White,Male,27828,0,60,United-States,138921
37,Self-emp-not-inc,9,Divorced,Farming-fishing,Not-in-family,White,Male,27828,0,40,United-States,86379
47,Private,14,Divorced,Sales,Not-in-family,White,Male,27828,0,60,United-States,62854
36,Private,15,Never-married,Exec-managerial,Not-in-family,White,Male,27828,0,50,United-States,60215
58,Self-emp-inc,15,Never-married,Prof-specialty,Not-in-family,White,Male,27828,0,40,United-States,69154
45,Private,10,Divorced,Craft-repair,Not-in-family,White,Male,27828,0,56,United-States,90253
49,Private,13,Divorced,Exec-managerial,Not-in-family,Black,Female,27828,0,60,United-States,50001
37,Private,9,Never-married,Craft-repair,Other-relative,Amer-Indian-Eskimo,Male,27828,0,48,United-States,50001
56,Self-emp-not-inc,10,Married-spouse-absent,Farming-fishing,Not-in-family,White,Female,27828,0,20,United-States,113933
37,Private,14,Separated,Exec-managerial,Not-in-family,White,Male,27828,0,60,Iran,250000
59,Private,14,Never-married,Sales,Not-in-family,White,Female,27828,0,45,United-States,50001
30,Private,13,Never-married,Exec-managerial,Not-in-family,White,Male,27828,0,60,United-States,86383
58,Private,13,Widowed,Exec-managerial,Unmarried,White,Female,27828,0,50,United-States,50001
29,Private,15,Never-married,Prof-specialty,Unmarried,White,Male,27828,0,45,Germany,61008
36,Private,13,Never-married,Exec-managerial,Not-in-family,White,Male,27828,0,40,United-States,189247
51,Self-emp-inc,15,Divorced,Prof-specialty,Not-in-family,White,Male,27828,0,60,United-States,50001
38,Private,13,Separated,Exec-managerial,Not-in-family,White,Male,27828,0,45,United-States,51492
36,Self-emp-inc,13,Never-married,Tech-support,Not-in-family,White,Male,27828,0,55,United-States,66697
41,Private,14,Never-married,Exec-managerial,Not-in-family,White,Male,27828,0,50,United-States,82936
47,Private,14,Separated,Tech-support,Not-in-family,White,Male,27828,0,40,United-States,108834
64,Private,13,Divorced,Exec-managerial,Not-in-family,White,Male,27828,0,55,United-States,50001
64,Private,13,Divorced,Exec-managerial,Unmarried,White,Male,27828,0,50,United-States,92654
51,Private,14,Never-married,Prof-specialty,Not-in-family,White,Male,27828,0,40,United-States,144287
54,Self-emp-not-inc,13,Divorced,Farming-fishing,Not-in-family,White,Male,27828,0,50,United-States,59795
53,Self-emp-not-inc,15,Never-married,Prof-specialty,Not-in-family,Asian-Pac-Islander,Male,27828,0,40,Philippines,74084
46,Private,16,Divorced,Prof-specialty,Unmarried,White,Female,25236,0,65,United-States,69282
51,Self-emp-not-inc,14,Divorced,Exec-managerial,Unmarried,White,Male,25236,0,50,United-States,91087
45,Self-emp-inc,14,Divorced,Sales,Unmarried,White,Female,25236,0,42,United-States,58216
43,State-gov,16,Married-spouse-absent,Prof-specialty,Unmarried,White,Male,25236,0,64,United-States,154388
59,State-gov,16,Divorced,Prof-specialty,Unmarried,White,Male,25236,0,45,United-States,50001
37,Private,10,Divorced,Adm-clerical,Unmarried,White,Female,25236,0,25,United-States,83462
45,Self-emp-inc,15,Divorced,Prof-specialty,Unmarried,White,Male,25236,0,36,United-States,68106
45,State-gov,15,Divorced,Prof-specialty,Unmarried,Black,Male,25236,0,36,United-States,50001
32,Private,12,Separated,Exec-managerial,Unmarried,White,Female,25236,0,50,United-States,50001
36,Self-emp-not-inc,15,Divorced,Prof-specialty,Unmarried,White,Male,25236,0,40,United-States,105505
47,Private,13,Widowed,Priv-house-serv,Unmarried,White,Female,25236,0,35,United-States,50001
75,Private,13,Widowed,Priv-house-serv,Not-in-family,White,Female,25124,0,16,United-States,60953
73,Private,11,Widowed,Prof-specialty,Not-in-family,White,Male,25124,0,60,United-States,55871
65,Private,15,Never-married,Prof-specialty,Not-in-family,White,Male,25124,0,80,United-States,119509
68,Self-emp-inc,11,Widowed,Sales,Not-in-family,White,Female,25124,0,50,United-States,74855
61,Self-emp-not-inc,9,Married-civ-spouse,Farming-fishing,Wife,White,Female,22040,0,40,United-States,31149
67,Private,15,Married-civ-spouse,Prof-specialty,Husband,White,Male,20051,0,48,United-States,74524
65,Private,14,Married-civ-spouse,Sales,Husband,White,Male,20051,0,40,United-States,71237
63,Self-emp-not-inc,10,Married-civ-spouse,Prof-specialty,Wife,White,Female,20051,0,10,United-States,55095
64,Self-emp-inc,9,Married-civ-spouse,Adm-clerical,Wife,White,Female,20051,0,40,United-States,104433
90,Local-gov,14,Married-civ-spouse,Exec-managerial,Husband,White,Male,20051,0,60,United-States,86415
79,Private,16,Married-civ-spouse,Prof-specialty,Husband,White,Male,20051,0,35,El-Salvador,126172
67,Private,14,Married-civ-spouse,Prof-specialty,Husband,White,Male,20051,0,60,United-States,65242
90,Private,15,Married-civ-spouse,Prof-specialty,Husband,White,Male,20051,0,72,United-States,126190
68,Private,16,Married-civ-spouse,Prof-specialty,Husband,White,Male,20051,0,55,United-States,126426
65,Private,15,Married-civ-spouse,Prof-specialty,Husband,White,Male,20051,0,60,United-States,168369
68,Private,16,Married-civ-spouse,Prof-specialty,Husband,White,Male,20051,0,50,United-States,138664
62,Self-emp-inc,9,Married-civ-spouse,Exec-managerial,Husband,Black,Male,20051,0,72,United-States,88060
69,Private,10,Married-civ-spouse,Exec-managerial,Husband,White,Male,20051,0,50,United-States,85438
67,Self-emp-not-inc,16,Married-civ-spouse,Sales,Husband,White,Male,20051,0,40,United-States,50001
66,Private,13,Married-civ-spouse,Sales,Husband,White,Male,20051,0,40,United-States,50001
67,Private,16,Married-civ-spouse,Sales,Husband,White,Male,20051,0,5,United-States,58413
70,Self-emp-not-inc,13,Married-civ-spouse,Prof-specialty,Husband,White,Male,20051,0,35,United-States,68193
68,Self-emp-not-inc,10,Married-civ-spouse,Sales,Husband,White,Male,20051,0,40,United-States,60128
68,Local-gov,13,Married-civ-spouse,Exec-managerial,Husband,White,Male,20051,0,40,United-States,50001
74,Self-emp-inc,10,Married-civ-spouse,Exec-managerial,Husband,White,Male,20051,0,25,United-States,50001
71,Federal-gov,10,Married-civ-spouse,Exec-managerial,Husband,White,Male,20051,0,40,United-States,104513
67,Self-emp-inc,9,Married-civ-spouse,Prof-specialty,Wife,White,Female,20051,0,30,England,186608
68,Private,13,Married-civ-spouse,Sales,Husband,White,Male,20051,0,40,United-States,57281
77,Self-emp-inc,16,Married-civ-spouse,Farming-fishing,Husband,White,Male,20051,0,40,United-States,57732
71,Self-emp-inc,10,Married-civ-spouse,Exec-managerial,Husband,White,Male,20051,0,50,United-States,94721
76,Private,13,Married-civ-spouse,Adm-clerical,Husband,White,Male,20051,0,50,United-States,96783
83,Self-emp-inc,6,Married-civ-spouse,Farming-fishing,Husband,White,Male,20051,0,50,United-States,76058
68,Private,13,Married-civ-spouse,Exec-managerial,Husband,White,Male,20051,0,45,United-States,50001
79,Private,14,Married-civ-spouse,Exec-managerial,Husband,White,Male,20051,0,40,Poland,50001
69,Self-emp-not-inc,13,Married-civ-spouse,Prof-specialty,Husband,White,Male,20051,0,45,United-States,50001
66,Local-gov,16,Married-civ-spouse,Prof-specialty,Husband,Black,Male,20051,0,35,Jamaica,93224
73,Private,10,Married-civ-spouse,Adm-clerical,Wife,White,Female,20051,0,36,United-States,58803
67,Self-emp-not-inc,12,Married-civ-spouse,Exec-managerial,Wife,White,Female,20051,0,4,United-States,150624
66,Private,13,Married-civ-spouse,Prof-specialty,Husband,White,Male,20051,0,40,United-States,89726
66,State-gov,15,Married-civ-spouse,Exec-managerial,Husband,Black,Male,20051,0,55,United-States,58525
67,Self-emp-not-inc,15,Married-civ-spouse,Prof-specialty,Husband,White,Male,20051,0,25,United-States,60753
67,Self-emp-inc,10,Married-civ-spouse,Exec-managerial,Husband,White,Male,20051,0,20,United-States,99659
79,Self-emp-inc,8,Widowed,Sales,Not-in-family,White,Male,18481,0,45,United-States,50001
67,Self-emp-not-inc,14,Widowed,Prof-specialty,Not-in-family,White,Male,18481,0,2,United-States,56856
74,Private,9,Widowed,Adm-clerical,Not-in-family,White,Female,15831,0,40,United-States,50001
67,Self-emp-inc,9,Widowed,Exec-managerial,Not-in-family,White,Female,15831,0,40,United-States,83528
67,Local-gov,14,Never-married,Exec-managerial,Other-relative,White,Female,15831,0,72,United-States,91847
67,Private,9,Widowed,Adm-clerical,Not-in-family,White,Female,15831,0,16,Germany,50001
69,Private,9,Never-married,Transport-moving,Not-in-family,White,Male,15831,0,40,United-States,50001
74,Self-emp-not-inc,13,Widowed,Craft-repair,Not-in-family,White,Male,15831,0,8,Germany,135140
44,Private,13,Married-civ-spouse,Exec-managerial,Husband,White,Male,15024,0,60,United-States,50001
58,Self-emp-inc,9,Married-civ-spouse,Sales,Wife,White,Female,15024,0,35,United-States,55894
57,Federal-gov,14,Married-civ-spouse,Sales,Husband,White,Male,15024,0,40,United-States,50647
46,Private,16,Married-civ-spouse,Exec-managerial,Husband,White,Male,15024,0,60,United-States,87663
38,Private,13,Married-civ-spouse,Sales,Husband,White,Male,15024,0,60,United-States,239512
38,Self-emp-inc,13,Married-civ-spouse,Exec-managerial,Husband,White,Male,15024,0,80,United-States,153726
46,Private,15,Married-civ-spouse,Prof-specialty,Husband,White,Male,15024,0,45,United-States,244956
43,Private,10,Married-civ-spouse,Craft-repair,Husband,White,Male,15024,0,60,United-States,50001
33,Private,13,Married-civ-spouse,Exec-managerial,Husband,White,Male,15024,0,60,United-States,91714
39,Private,13,Married-civ-spouse,Exec-managerial,Husband,White,Male,15024,0,45,United-States,91254
39,Self-emp-inc,13,Married-civ-spouse,Exec-managerial,Husband,White,Male,15024,0,50,United-States,50001
54,Self-emp-not-inc,9,Married-civ-spouse,Craft-repair,Husband,White,Male,15024,0,52,United-States,50001
33,Private,14,Married-civ-spouse,Prof-specialty,Husband,White,Male,15024,0,44,United-States,62798
54,Private,16,Married-civ-spouse,Prof-specialty,Husband,White,Male,15024,0,45,United-States,68328
51,Self-emp-inc,14,Married-civ-spouse,Exec-managerial,Husband,White,Male,15024,0,50,United-States,96818
47,Self-emp-not-inc,13,Married-civ-spouse,Sales,Husband,White,Male,15024,0,50,United-States,132375
53,State-gov,9,Married-civ-spouse,Adm-clerical,Husband,White,Male,15024,0,35,United-States,108749
64,Self-emp-inc,13,Married-civ-spouse,Exec-managerial,Husband,White,Male,15024,0,55,United-States,57573
30,Self-emp-not-inc,11,Married-civ-spouse,Prof-specialty,Husband,White,Male,15024,0,65,United-States,50001
55,Private,14,Married-civ-spouse,Prof-specialty,Husband,White,Male,15024,0,50,United-States,97313
52,Private,13,Married-civ-spouse,Sales,Wife,White,Female,15024,0,60,United-States,98064
48,Private,14,Married-civ-spouse,Prof-specialty,Husband,White,Male,15024,0,40,United-States,50001
44,Private,13,Married-civ-spouse,Prof-specialty,Husband,White,Male,15024,0,50,Italy,89700
53,State-gov,9,Married-civ-spouse,Exec-managerial,Wife,White,Female,15024,0,40,United-States,136164
64,Self-emp-not-inc,13,Married-civ-spouse,Exec-managerial,Husband,White,Male,15024,0,35,United-States,50001
39,Private,14,Married-civ-spouse,Exec-managerial,Husband,Asian-Pac-Islander,Male,15024,0,40,United-States,50001
50,Private,14,Married-civ-spouse,Prof-specialty,Husband,White,Male,15024,0,45,United-States,50001
57,Self-emp-inc,14,Married-civ-spouse,Sales,Husband,White,Male,15024,0,65,United-States,50001
59,Self-emp-not-inc,13,Married-civ-spouse,Sales,Husband,White,Male,15024,0,40,United-States,51712
44,Private,14,Married-civ-spouse,Exec-managerial,Husband,White,Male,15024,0,40,United-States,50001
37,Private,13,Married-civ-spouse,Exec-managerial,Husband,White,Male,15024,0,40,United-States,106321
56,Self-emp-inc,13,Married-civ-spouse,Sales,Husband,White,Male,15024,0,50,United-States,114528
64,Private,13,Married-civ-spouse,Exec-managerial,Husband,White,Male,15024,0,40,United-States,50001
32,Private,13,Married-civ-spouse,Tech-support,Husband,White,Male,15024,0,40,United-States,131248
39,Self-emp-inc,12,Married-civ-spouse,Exec-managerial,Husband,White,Male,15024,0,55,United-States,54782
57,Self-emp-inc,15,Married-civ-spouse,Transport-moving,Husband,White,Male,15024,0,50,United-States,100781
35,Private,10,Married-civ-spouse,Exec-managerial,Husband,White,Male,15024,0,60,United-States,66549
51,Self-emp-not-inc,13,Married-civ-spouse,Sales,Husband,White,Male,15024,0,50,United-States,57984
44,Private,13,Married-civ-spouse,Exec-managerial,Husband,White,Male,15024,0,50,United-States,77106
57,Self-emp-not-inc,15,Married-civ-spouse,Sales,Wife,White,Female,15024,0,35,United-States,60987
47,Private,9,Married-civ-spouse,Machine-op-inspct,Wife,Black,Female,15024,0,40,United-States,69810
51,Private,16,Married-civ-spouse,Prof-specialty,Husband,White,Male,15024,0,60,Iran,50001
50,Self-emp-not-inc,9,Married-civ-spouse,Sales,Husband,White,Male,15024,0,55,El-Salvador,129485
52,Private,10,Married-civ-spouse,Exec-managerial,Husband,White,Male,15024,0,45,United-States,96121
47,Self-emp-inc,9,Married-civ-spouse,Farming-fishing,Husband,White,Male,15024,0,40,United-States,94083
34,Private,13,Married-civ-spouse,Exec-managerial,Husband,White,Male,15024,0,60,United-States,50001
37,Self-emp-inc,13,Married-civ-spouse,Craft-repair,Husband,White,Male,15024,0,55,United-States,82103
49,Self-emp-inc,10,Married-civ-spouse,Exec-managerial,Husband,White,Male,15024,0,50,United-States,50001
54,Private,10,Married-civ-spouse,Transport-moving,Husband,White,Male,15024,0,60,United-States,50001
39,Private,9,Married-civ-spouse,Sales,Husband,White,Male,15024,0,50,United-States,104476
39,Self-emp-not-inc,15,Married-civ-spouse,Prof-specialty,Husband,White,Male,15024,0,60,United-States,50071
32,Private,13,Married-civ-spouse,Prof-specialty,Husband,White,Male,15024,0,50,United-States,130357
34,Self-emp-inc,15,Married-civ-spouse,Prof-specialty,Husband,White,Male,15024,0,40,United-States,64357
53,Private,14,Married-civ-spouse,Exec-managerial,Husband,White,Male,15024,0,65,United-States,51021
53,Federal-gov,16,Married-civ-spouse,Prof-specialty,Husband,White,Male,15024,0,60,Germany,52822
52,Self-emp-inc,10,Married-civ-spouse,Sales,Husband,White,Male,15024,0,50,United-States,50001
37,Local-gov,13,Married-civ-spouse,Prof-specialty,Wife,White,Female,15024,0,50,United-States,118300
53,Private,14,Married-civ-spouse,Exec-managerial,Husband,White,Male,15024,0,55,United-States,103839
37,Private,13,Married-civ-spouse,Prof-specialty,Wife,Black,Female,15024,0,40,United-States,76303
47,Private,11,Married-civ-spouse,Exec-managerial,Husband,White,Male,15024,0,50,United-States,182899
58,Self-emp-not-inc,9,Married-civ-spouse,Exec-managerial,Husband,White,Male,15024,0,60,United-States,50001
39,Private,13,Married-civ-spouse,Exec-managerial,Husband,White,Male,15024,0,50,United-States,182124
46,Private,10,Married-civ-spouse,Craft-repair,Husband,White,Male,15024,0,45,United-States,82656
49,Private,14,Married-civ-spouse,Exec-managerial,Husband,White,Male,15024,0,50,United-States,80535
46,Private,10,Married-civ-spouse,Sales,Husband,White,Male,15024,0,40,United-States,111654
32,Private,13,Married-civ-spouse,Exec-managerial,Husband,White,Male,15024,0,45,United-States,83619
50,Self-emp-inc,13,Married-civ-spouse,Exec-managerial,Husband,White,Male,15024,0,60,United-States,53833
61,Private,10,Married-civ-spouse,Tech-support,Husband,White,Male,15024,0,18,United-States,96893
33,Private,13,Married-civ-spouse,Prof-specialty,Husband,White,Male,15024,0,75,United-States,76803
31,Local-gov,10,Married-civ-spouse,Protective-serv,Husband,White,Male,15024,0,56,United-States,50001
39,Self-emp-not-inc,15,Married-civ-spouse,Prof-specialty,Husband,White,Male,15024,0,50,United-States,50928
45,Self-emp-inc,9,Married-civ-spouse,Exec-managerial,Husband,White,Male,15024,0,55,United-States,50001
35,Private,14,Married-civ-spouse,Prof-specialty,Wife,White,Female,15024,0,50,United-States,69794
36,Private,14,Married-civ-spouse,Sales,Husband,White,Male,15024,0,45,United-States,123581
40,Self-emp-inc,14,Married-civ-spouse,Exec-managerial,Wife,White,Female,15024,0,30,Iran,103966
47,Self-emp-not-inc,9,Married-civ-spouse,Farming-fishing,Husband,White,Male,15024,0,50,United-States,71590
41,Private,14,Married-civ-spouse,Exec-managerial,Husband,White,Male,15024,0,70,United-States,143344
52,Self-emp-inc,15,Married-civ-spouse,Prof-specialty,Husband,White,Male,15024,0,60,United-States,159409
43,Private,11,Married-civ-spouse,Exec-managerial,Husband,White,Male,15024,0,40,United-States,85581
55,Private,16,Married-civ-spouse,Prof-specialty,Husband,White,Male,15024,0,30,United-States,50001
39,Private,13,Married-civ-spouse,Tech-support,Husband,White,Male,15024,0,40,United-States,69650
61,Private,13,Married-civ-spouse,Prof-specialty,Husband,White,Male,15024,0,50,United-States,172770
46,Private,13,Married-civ-spouse,Exec-managerial,Husband,White,Male,15024,0,60,United-States,50001
49,Private,12,Married-civ-spouse,Sales,Husband,White,Male,15024,0,60,United-States,122157
52,Private,10,Married-civ-spouse,Transport-moving,Husband,White,Male,15024,0,60,Canada,143554
58,Private,13,Married-civ-spouse,Sales,Husband,White,Male,15024,0,40,United-States,50001
49,Local-gov,13,Married-civ-spouse,Protective-serv,Husband,Black,Male,15024,0,40,United-States,67371
46,Private,9,Married-civ-spouse,Transport-moving,Husband,White,Male,15024,0,44,United-States,147794
47,Self-emp-inc,14,Married-civ-spouse,Exec-managerial,Husband,White,Male,15024,0,50,United-States,52423
47,Self-emp-inc,13,Married-civ-spouse,Sales,Husband,White,Male,15024,0,60,United-States,250000
36,Local-gov,9,Married-civ-spouse,Prof-specialty,Husband,White,Male,15024,0,40,United-States,135810
63,Self-emp-inc,15,Married-civ-spouse,Prof-specialty,Husband,White,Male,15024,0,50,United-States,137997
37,Private,14,Married-civ-spouse,Exec-managerial,Husband,White,Male,15024,0,45,United-States,50001
46,Private,13,Married-civ-spouse,Exec-managerial,Husband,White,Male,15024,0,40,United-States,174967
39,Private,15,Married-civ-spouse,Exec-managerial,Wife,White,Female,15024,0,47,United-States,163671
53,Private,10,Married-civ-spouse,Prof-specialty,Husband,White,Male,15024,0,40,United-States,50001
30,Private,10,Married-civ-spouse,Exec-managerial,Husband,White,Male,15024,0,60,United-States,107036
32,Private,15,Married-civ-spouse,Sales,Husband,White,Male,15024,0,60,United-States,116982
47,State-gov,16,Married-civ-spouse,Prof-specialty,Husband,White,Male,15024,0,50,United-States,50001
55,Private,13,Married-civ-spouse,Exec-managerial,Husband,White,Male,15024,0,48,United-States,54651
57,Private,9,Married-civ-spouse,Craft-repair,Husband,White,Male,15024,0,40,United-States,152482
39,Private,13,Married-civ-spouse,Transport-moving,Husband,White,Male,15024,0,99,United-States,50001
37,Private,9,Married-civ-spouse,Sales,Husband,White,Male,15024,0,60,United-States,50001
32,Private,15,Married-civ-spouse,Prof-specialty,Wife,Asian-Pac-Islander,Female,15024,0,50,United-States,81552
50,Private,13,Married-civ-spouse,Tech-support,Husband,White,Male,15024,0,40,United-States,61233
41,Private,15,Married-civ-spouse,Prof-specialty,Husband,White,Male,15024,0,50,United-States,52175
43,Private,13,Married-civ-spouse,Sales,Husband,White,Male,15024,0,45,United-States,169609
45,Private,13,Married-civ-spouse,Exec-managerial,Husband,White,Male,15024,0,60,United-States,50001
40,State-gov,14,Married-civ-spouse,Prof-specialty,Wife,White,Female,15024,0,37,United-States,50001
55,Private,13,Married-civ-spouse,Sales,Husband,White,Male,15024,0,50,United-States,84229
59,Private,10,Married-civ-spouse,Craft-repair,Husband,White,Male,15024,0,50,United-States,97808
63,Private,13,Married-civ-spouse,Sales,Husband,White,Male,15024,0,40,Iran,50001
34,Private,13,Married-civ-spouse,Prof-specialty,Wife,White,Female,15024,0,36,United-States,107656
50,Local-gov,14,Married-civ-spouse,Prof-specialty,Wife,White,Female,15024,0,40,United-States,89581
51,Self-emp-inc,13,Married-civ-spouse,Exec-managerial,Husband,White,Male,15024,0,40,United-States,126094
36,Private,14,Married-civ-spouse,Exec-managerial,Husband,White,Male,15024,0,50,United-States,113634
54,Private,13,Married-civ-spouse,Exec-managerial,Husband,Asian-Pac-Islander,Male,15024,0,60,South,51994
42,Private,9,Married-civ-spouse,Tech-support,Husband,Asian-Pac-Islander,Male,15024,0,40,United-States,74146
40,Private,14,Married-civ-spouse,Exec-managerial,Husband,White,Male,15024,0,50,United-States,88165
42,Local-gov,10,Married-civ-spouse,Exec-managerial,Husband,White,Male,15024,0,40,United-States,110791
36,Private,13,Married-civ-spouse,Prof-specialty,Husband,White,Male,15024,0,50,United-States,79309
32,Self-emp-inc,10,Married-civ-spouse,Exec-managerial,Husband,White,Male,15024,0,50,United-States,151636
53,State-gov,14,Married-civ-spouse,Exec-managerial,Husband,White,Male,15024,0,38,United-States,50001
46,Self-emp-not-inc,15,Married-civ-spouse,Exec-managerial,Husband,White,Male,15024,0,55,United-States,160651
52,Self-emp-inc,14,Married-civ-spouse,Prof-specialty,Husband,White,Male,15024,0,60,United-States,50001
30,Self-emp-inc,14,Married-civ-spouse,Exec-managerial,Husband,White,Male,15024,0,60,United-States,64952
33,Private,14,Married-civ-spouse,Prof-specialty,Husband,White,Male,15024,0,40,United-States,79311
32,Private,10,Married-civ-spouse,Exec-managerial,Husband,White,Male,15024,0,60,United-States,154033
43,Private,15,Married-civ-spouse,Prof-specialty,Husband,White,Male,15024,0,55,United-States,50001
50,Private,9,Married-civ-spouse,Craft-repair,Husband,White,Male,15024,0,50,United-States,52052
38,Private,13,Married-civ-spouse,Exec-managerial,Husband,White,Male,15024,0,40,United-States,50001
43,State-gov,13,Married-civ-spouse,Exec-managerial,Husband,White,Male,15024,0,40,United-States,94157
53,Private,12,Married-civ-spouse,Exec-managerial,Husband,White,Male,15024,0,40,United-States,100725
30,Private,14,Married-civ-spouse,Exec-managerial,Husband,White,Male,15024,0,60,United-States,50001
59,Self-emp-not-inc,13,Married-civ-spouse,Sales,Husband,White,Male,15024,0,55,United-States,50001
44,Private,15,Married-civ-spouse,Prof-specialty,Husband,White,Male,15024,0,80,United-States,50001
41,Private,14,Married-civ-spouse,Prof-specialty,Husband,White,Male,15024,0,50,United-States,114903
38,Private,14,Married-civ-spouse,Prof-specialty,Wife,Black,Female,15024,0,2,United-States,53785
60,Private,9,Married-civ-spouse,Craft-repair,Husband,White,Male,15024,0,40,United-States,50001
42,Self-emp-not-inc,13,Married-civ-spouse,Craft-repair,Husband,White,Male,15024,0,60,United-States,57447
42,Self-emp-not-inc,16,Married-civ-spouse,Prof-specialty,Husband,White,Male,15024,0,40,United-States,67625
48,Private,13,Married-civ-spouse,Exec-managerial,Husband,White,Male,15024,0,50,United-States,50001
55,Private,13,Married-civ-spouse,Exec-managerial,Husband,White,Male,15024,0,42,United-States,81285
49,State-gov,13,Married-civ-spouse,Exec-managerial,Husband,White,Male,15024,0,40,United-States,50001
50,Private,14,Married-civ-spouse,Sales,Husband,White,Male,15024,0,40,United-States,142963
55,Private,9,Married-civ-spouse,Craft-repair,Husband,White,Male,15024,0,35,United-States,65888
44,Private,14,Married-civ-spouse,Craft-repair,Husband,White,Male,15024,0,45,United-States,89511
46,Private,13,Married-civ-spouse,Exec-managerial,Husband,White,Male,15024,0,45,United-States,87632
40,Private,13,Married-civ-spouse,Exec-managerial,Husband,White,Male,15024,0,50,United-States,62283
39,Self-emp-not-inc,13,Married-civ-spouse,Prof-specialty,Husband,White,Male,15024,0,50,Japan,68850
30,Local-gov,10,Married-civ-spouse,Protective-serv,Husband,White,Male,15024,0,40,United-States,83709
44,Private,16,Married-civ-spouse,Exec-managerial,Wife,White,Female,15024,0,32,United-States,50001
60,Self-emp-inc,9,Married-civ-spouse,Adm-clerical,Wife,White,Female,15024,0,15,United-States,88025
60,Private,10,Married-civ-spouse,Exec-managerial,Husband,White,Male,15024,0,40,United-States,101899
36,Private,15,Married-civ-spouse,Prof-specialty,Wife,White,Female,15024,0,45,United-States,79463
36,Self-emp-inc,13,Married-civ-spouse,Sales,Husband,White,Male,15024,0,45,United-States,95683
39,Private,8,Married-civ-spouse,Transport-moving,Husband,White,Male,15024,0,70,United-States,50001
40,Self-emp-inc,12,Married-civ-spouse,Sales,Husband,White,Male,15024,0,50,United-States,64298
51,Private,10,Married-civ-spouse,Adm-clerical,Husband,White,Male,15024,0,40,United-States,55194
45,Private,14,Married-civ-spouse,Exec-managerial,Husband,White,Male,15024,0,60,England,55897
51,Private,14,Married-civ-spouse,Exec-managerial,Husband,White,Male,15024,0,60,United-States,81124
47,Private,13,Married-civ-spouse,Tech-support,Husband,White,Male,15024,0,40,United-States,65578
59,Private,13,Married-civ-spouse,Craft-repair,Husband,White,Male,15024,0,50,United-States,133401
47,Private,12,Married-civ-spouse,Prof-specialty,Wife,Black,Female,15024,0,40,United-States,94382
46,Federal-gov,15,Married-civ-spouse,Prof-specialty,Husband,White,Male,15024,0,50,United-States,162997
35,Private,13,Married-civ-spouse,Sales,Husband,White,Male,15024,0,50,United-States,100097
39,Private,10,Married-civ-spouse,Adm-clerical,Husband,White,Male,15024,0,40,United-States,64691
52,Self-emp-not-inc,13,Married-civ-spouse,Sales,Husband,White,Male,15024,0,55,United-States,56165
32,Federal-gov,15,Married-civ-spouse,Prof-specialty,Husband,White,Male,15024,0,50,United-States,57383
40,Private,15,Married-civ-spouse,Prof-specialty,Husband,White,Male,15024,0,45,United-States,83356
61,Private,9,Married-civ-spouse,Exec-managerial,Wife,White,Female,15024,0,38,United-States,111837
57,Private,13,Married-civ-spouse,Exec-managerial,Husband,White,Male,15024,0,50,United-States,86494
48,State-gov,14,Married-civ-spouse,Prof-specialty,Husband,White,Male,15024,0,40,United-States,65022
51,Private,14,Married-civ-spouse,Sales,Husband,White,Male,15024,0,50,United-States,102106
34,Self-emp-not-inc,13,Married-civ-spouse,Craft-repair,Husband,Asian-Pac-Islander,Male,15024,0,70,South,54851
62,Private,13,Married-civ-spouse,Exec-managerial,Husband,White,Male,15024,0,40,United-States,50001
42,Private,15,Married-civ-spouse,Exec-managerial,Husband,White,Male,15024,0,40,United-States,69746
59,Private,13,Married-civ-spouse,Prof-specialty,Husband,White,Male,15024,0,40,United-States,50740
57,Self-emp-inc,15,Married-civ-spouse,Prof-specialty,Husband,Asian-Pac-Islander,Male,15024,0,50,India,50001
59,Self-emp-inc,14,Married-civ-spouse,Exec-managerial,Husband,White,Male,15024,0,80,United-States,98535
50,Private,13,Married-civ-spouse,Exec-managerial,Husband,White,Male,15024,0,40,United-States,125470
61,Private,15,Married-civ-spouse,Prof-specialty,Husband,White,Male,15024,0,20,United-States,50001
44,Private,13,Married-civ-spouse,Transport-moving,Husband,White,Male,15024,0,55,United-States,59067
41,Private,16,Married-civ-spouse,Exec-managerial,Husband,White,Male,15024,0,50,Canada,99368
43,Private,13,Married-civ-spouse,Prof-specialty,Wife,White,Female,15024,0,50,United-States,63849
46,Private,14,Married-civ-spouse,Exec-managerial,Husband,White,Male,15024,0,65,United-States,125545
42,Private,15,Married-civ-spouse,Sales,Wife,Amer-Indian-Eskimo,Female,15024,0,40,South,77912
37,Private,11,Married-civ-spouse,Transport-moving,Husband,White,Male,15024,0,50,United-States,214687
46,Private,10,Married-civ-spouse,Exec-managerial,Husband,White,Male,15024,0,50,United-States,55061
46,Self-emp-not-inc,15,Married-civ-spouse,Prof-specialty,Husband,White,Male,15024,0,40,United-States,62324
47,Private,13,Married-civ-spouse,Prof-specialty,Husband,White,Male,15024,0,50,United-States,131158
46,Private,12,Married-civ-spouse,Exec-managerial,Husband,White,Male,15024,0,50,United-States,98330
59,Self-emp-inc,10,Married-civ-spouse,Exec-managerial,Husband,White,Male,15024,0,60,United-States,145408
43,State-gov,13,Married-civ-spouse,Prof-specialty,Husband,Asian-Pac-Islander,Male,15024,0,40,United-States,63643
48,Private,13,Married-civ-spouse,Prof-specialty,Husband,White,Male,15024,0,45,United-States,53938
47,Private,15,Married-civ-spouse,Prof-specialty,Husband,White,Male,15024,0,55,United-States,50001
43,Private,13,Married-civ-spouse,Exec-managerial,Husband,White,Male,15024,0,50,United-States,148814
44,Local-gov,13,Married-civ-spouse,Protective-serv,Wife,Black,Female,15024,0,40,United-States,108956
45,Private,14,Married-civ-spouse,Exec-managerial,Husband,White,Male,15024,0,50,United-States,98002
43,Local-gov,15,Married-civ-spouse,Prof-specialty,Husband,White,Male,15024,0,45,United-States,144901
40,Private,14,Married-civ-spouse,Prof-specialty,Wife,White,Female,15024,0,24,United-States,52908
50,Private,14,Married-civ-spouse,Exec-managerial,Husband,White,Male,15024,0,65,United-States,100222
52,Self-emp-inc,13,Married-civ-spouse,Sales,Husband,White,Male,15024,0,50,United-States,80678
52,Self-emp-inc,14,Married-civ-spouse,Sales,Wife,White,Female,15024,0,40,United-States,69770
40,Private,15,Married-civ-spouse,Prof-specialty,Wife,White,Female,15024,0,30,United-States,65112
44,Private,16,Married-civ-spouse,Exec-managerial,Husband,Asian-Pac-Islander,Male,15024,0,40,Japan,71579
47,Private,13,Married-civ-spouse,Prof-specialty,Husband,White,Male,15024,0,40,United-States,190556
58,Self-emp-inc,11,Married-civ-spouse,Exec-managerial,Husband,White,Male,15024,0,40,United-States,56398
50,Private,14,Married-civ-spouse,Exec-managerial,Husband,White,Male,15024,0,50,United-States,188036
54,Self-emp-inc,13,Married-civ-spouse,Exec-managerial,Husband,White,Male,15024,0,40,United-States,75944
50,Private,13,Married-civ-spouse,Prof-specialty,Husband,White,Male,15024,0,40,United-States,113216
43,Private,9,Married-civ-spouse,Exec-managerial,Husband,White,Male,15024,0,50,United-States,55014
52,Private,10,Married-civ-spouse,Exec-managerial,Husband,White,Male,15024,0,55,Canada,50001
44,Self-emp-not-inc,9,Married-civ-spouse,Farming-fishing,Husband,White,Male,15024,0,60,United-States,83906
58,Private,9,Married-civ-spouse,Exec-managerial,Husband,White,Male,15024,0,60,United-States,106830
45,Private,11,Married-civ-spouse,Craft-repair,Husband,White,Male,15024,0,40,United-States,58588
30,Private,13,Married-civ-spouse,Prof-specialty,Husband,White,Male,15024,0,35,United-States,78883
40,Self-emp-inc,15,Married-civ-spouse,Prof-specialty,Husband,White,Male,15024,0,40,United-States,50001
49,Self-emp-inc,10,Married-civ-spouse,Exec-managerial,Husband,White,Male,15024,0,50,United-States,137426
52,Self-emp-inc,14,Married-civ-spouse,Exec-managerial,Husband,White,Male,15024,0,60,United-States,50001
35,Private,9,Married-civ-spouse,Transport-moving,Husband,White,Male,15024,0,80,United-States,71614
49,Self-emp-inc,10,Married-civ-spouse,Exec-managerial,Husband,White,Male,15024,0,50,United-States,184209
50,Private,12,Married-civ-spouse,Handlers-cleaners,Husband,Black,Male,15024,0,45,United-States,50001
31,Private,13,Married-civ-spouse,Prof-specialty,Husband,Asian-Pac-Islander,Male,15024,0,48,Philippines,50001
53,Local-gov,14,Married-civ-spouse,Prof-specialty,Wife,White,Female,15024,0,40,United-States,83673
34,Private,13,Married-civ-spouse,Sales,Husband,White,Male,15024,0,40,United-States,170057
19,Private,8,Married-civ-spouse,Sales,Other-relative,White,Female,15024,0,40,United-States,117250
46,Federal-gov,13,Married-civ-spouse,Exec-managerial,Husband,White,Male,15024,0,40,United-States,50203
44,State-gov,15,Married-civ-spouse,Prof-specialty,Husband,White,Male,15024,0,75,United-States,50001
45,Private,13,Married-civ-spouse,Craft-repair,Husband,White,Male,15024,0,40,United-States,50001
50,Private,16,Married-civ-spouse,Prof-specialty,Husband,White,Male,15024,0,50,United-States,50001
49,Self-emp-not-inc,15,Married-civ-spouse,Prof-specialty,Husband,White,Male,15024,0,65,United-States,50001
49,Self-emp-not-inc,13,Married-civ-spouse,Prof-specialty,Husband,White,Male,15024,0,60,United-States,106743
41,Self-emp-not-inc,16,Married-civ-spouse,Prof-specialty,Husband,White,Male,15024,0,55,United-States,134354
58,Private,14,Married-civ-spouse,Exec-managerial,Husband,White,Male,15024,0,40,Greece,54271
44,Self-emp-inc,13,Married-civ-spouse,Farming-fishing,Husband,White,Male,15024,0,65,United-States,116821
36,Self-emp-inc,10,Married-civ-spouse,Sales,Husband,White,Male,15024,0,60,United-States,50001
57,Federal-gov,14,Married-civ-spouse,Exec-managerial,Husband,Black,Male,15024,0,40,United-States,250000
39,Private,15,Married-civ-spouse,Exec-managerial,Wife,White,Female,15024,0,48,United-States,75471
55,Private,13,Married-civ-spouse,Exec-managerial,Husband,White,Male,15024,0,55,United-States,104479
42,Private,13,Married-civ-spouse,Exec-managerial,Husband,White,Male,15024,0,45,United-States,50001
47,Self-emp-inc,14,Married-civ-spouse,Exec-managerial,Husband,White,Male,15024,0,55,United-States,70845
55,State-gov,15,Married-civ-spouse,Prof-specialty,Husband,White,Male,15024,0,40,United-States,91516
45,Private,10,Married-civ-spouse,Sales,Husband,Black,Male,15024,0,99,United-States,98916
32,Private,13,Married-civ-spouse,Sales,Husband,Black,Male,15024,0,50,United-States,67143
58,Federal-gov,10,Married-civ-spouse,Exec-managerial,Husband,White,Male,15024,0,40,United-States,71184
31,Private,10,Married-civ-spouse,Exec-managerial,Husband,White,Male,15024,0,50,United-States,73690
49,Private,11,Married-civ-spouse,Prof-specialty,Wife,White,Female,15024,0,60,United-States,146040
52,Private,11,Married-civ-spouse,Prof-specialty,Husband,White,Male,15024,0,40,United-States,94326
28,Private,9,Married-civ-spouse,Exec-managerial,Husband,Black,Male,15024,0,40,United-States,150876
55,Federal-gov,15,Married-civ-spouse,Exec-managerial,Husband,White,Male,15024,0,40,United-States,73765
42,Self-emp-inc,15,Married-civ-spouse,Prof-specialty,Husband,White,Male,15024,0,65,United-States,90643
46,Private,13,Married-civ-spouse,Transport-moving,Husband,White,Male,15024,0,40,United-States,103544
40,Self-emp-not-inc,15,Married-civ-spouse,Prof-specialty,Wife,White,Female,15024,0,40,United-States,50001
45,Self-emp-not-inc,16,Married-civ-spouse,Prof-specialty,Husband,White,Male,15024,0,40,United-States,56955
51,Local-gov,14,Married-civ-spouse,Prof-specialty,Husband,White,Male,15024,0,40,United-States,61832
42,Private,14,Married-civ-spouse,Sales,Husband,White,Male,15024,0,50,United-States,51126
48,Self-emp-inc,15,Married-civ-spouse,Prof-specialty,Husband,White,Male,15024,0,40,United-States,80292
53,Self-emp-inc,10,Married-civ-spouse,Exec-managerial,Husband,White,Male,15024,0,50,United-States,148508
46,Local-gov,13,Married-civ-spouse,Protective-serv,Husband,White,Male,15024,0,40,United-States,50001
41,Self-emp-inc,13,Married-civ-spouse,Prof-specialty,Husband,White,Male,15024,0,40,United-States,119476
42,State-gov,13,Married-civ-spouse,Exec-managerial,Husband,White,Male,15024,0,50,United-States,50001
47,Private,14,Married-civ-spouse,Exec-managerial,Husband,Asian-Pac-Islander,Male,15024,0,40,United-States,115655
51,Private,13,Married-civ-spouse,Prof-specialty,Husband,Amer-Indian-Eskimo,Male,15024,0,40,United-States,50001
38,Private,9,Married-civ-spouse,Exec-managerial,Wife,White,Female,15024,0,40,United-States,50001
52,Self-emp-inc,9,Married-civ-spouse,Exec-managerial,Husband,White,Male,15024,0,40,United-States,50001
50,Self-emp-inc,16,Married-civ-spouse,Prof-specialty,Husband,White,Male,15024,0,60,United-States,50001
45,Private,14,Married-civ-spouse,Exec-managerial,Husband,White,Male,15024,0,60,United-States,65804
45,Self-emp-not-inc,9,Married-civ-spouse,Sales,Husband,White,Male,15024,0,80,United-States,50001
49,Self-emp-not-inc,13,Married-civ-spouse,Sales,Husband,White,Male,15024,0,40,United-States,99105
54,Private,10,Married-civ-spouse,Sales,Husband,White,Male,15024,0,40,United-States,74331
51,Self-emp-inc,16,Married-civ-spouse,Prof-specialty,Husband,White,Male,15024,0,40,United-States,50001
56,Self-emp-inc,13,Married-civ-spouse,Exec-managerial,Husband,White,Male,15024,0,50,United-States,118127
58,Self-emp-not-inc,9,Married-civ-spouse,Sales,Husband,White,Male,15024,0,40,United-States,110415
43,Self-emp-inc,13,Married-civ-spouse,Sales,Husband,White,Male,15024,0,60,United-States,103809
46,Private,14,Married-civ-spouse,Prof-specialty,Husband,White,Male,15024,0,50,United-States,120321
43,Private,13,Married-civ-spouse,Exec-managerial,Husband,White,Male,15024,0,50,United-States,72338
59,Private,15,Married-civ-spouse,Transport-moving,Husband,Black,Male,15024,0,50,United-States,77307
47,Local-gov,14,Married-civ-spouse,Prof-specialty,Husband,White,Male,15024,0,35,United-States,52171
33,Private,13,Married-civ-spouse,Exec-managerial,Husband,White,Male,15024,0,50,United-States,123677
56,Local-gov,13,Married-civ-spouse,Prof-specialty,Husband,White,Male,15024,0,40,United-States,89187
41,Private,13,Married-civ-spouse,Sales,Husband,White,Male,15024,0,45,United-States,92696
64,Federal-gov,15,Married-civ-spouse,Prof-specialty,Husband,White,Male,15024,0,45,United-States,50001
43,Private,14,Married-civ-spouse,Exec-managerial,Wife,White,Female,15024,0,32,United-States,117007
47,Private,14,Married-civ-spouse,Exec-managerial,Husband,White,Male,15024,0,55,United-States,67232
42,Private,10,Married-civ-spouse,Prof-specialty,Husband,White,Male,15024,0,32,United-States,50001
48,State-gov,15,Married-civ-spouse,Prof-specialty,Husband,White,Male,15024,0,50,United-States,57712
61,Private,10,Married-civ-spouse,Adm-clerical,Wife,White,Female,15024,0,34,United-States,55272
60,Private,13,Married-civ-spouse,Exec-managerial,Husband,White,Male,15024,0,45,United-States,50001
38,Private,13,Married-civ-spouse,Exec-managerial,Husband,White,Male,15024,0,65,United-States,126427
28,Private,13,Married-civ-spouse,Sales,Wife,Black,Female,15024,0,45,United-States,65134
54,Private,11,Married-civ-spouse,Protective-serv,Husband,Black,Male,15024,0,38,Jamaica,126815
48,Private,14,Married-civ-spouse,Exec-managerial,Husband,White,Male,15024,0,40,United-States,72912
31,Private,9,Married-civ-spouse,Prof-specialty,Husband,White,Male,15024,0,40,United-States,68469
38,Private,13,Married-civ-spouse,Prof-specialty,Wife,White,Female,15024,0,40,United-States,96064
32,Private,13,Married-civ-spouse,Exec-managerial,Husband,White,Male,15024,0,50,United-States,98923
42,Private,10,Married-civ-spouse,Exec-managerial,Husband,White,Male,15024,0,50,United-States,134156
41,Self-emp-not-inc,15,Married-civ-spouse,Exec-managerial,Husband,White,Male,15024,0,40,United-States,93610
40,Private,15,Married-civ-spouse,Prof-specialty,Husband,White,Male,15024,0,55,Germany,81106
44,Local-gov,14,Married-civ-spouse,Prof-specialty,Husband,White,Male,15024,0,35,United-States,62333
57,Self-emp-inc,15,Married-civ-spouse,Prof-specialty,Husband,White,Male,15024,0,60,United-States,50001
34,Private,10,Married-civ-spouse,Craft-repair,Husband,White,Male,15024,0,45,United-States,51804
52,Private,13,Married-civ-spouse,Exec-managerial,Husband,White,Male,15024,0,55,United-States,110745
37,Private,9,Married-civ-spouse,Craft-repair,Husband,White,Male,15024,0,45,United-States,74137
56,Private,11,Married-civ-spouse,Exec-managerial,Husband,White,Male,15024,0,40,United-States,50059
38,Private,13,Married-civ-spouse,Exec-managerial,Husband,White,Male,15024,0,50,United-States,53769
47,Private,13,Married-civ-spouse,Exec-managerial,Husband,White,Male,15024,0,50,United-States,60869
53,Private,9,Married-civ-spouse,Sales,Husband,White,Male,15024,0,60,United-States,113095
37,Private,13,Married-civ-spouse,Exec-managerial,Husband,White,Male,15024,0,40,United-States,50001
31,Private,10,Married-civ-spouse,Sales,Husband,White,Male,15024,0,45,United-States,172383
47,Private,13,Married-civ-spouse,Craft-repair,Husband,White,Male,15024,0,50,United-States,50001
46,Private,13,Married-civ-spouse,Exec-managerial,Husband,White,Male,15024,0,55,United-States,50001
55,Private,10,Married-civ-spouse,Craft-repair,Husband,Black,Male,15024,0,40,United-States,71684
43,Private,15,Married-civ-spouse,Prof-specialty,Husband,White,Male,15024,0,60,United-States,50001
46,Self-emp-inc,15,Married-civ-spouse,Prof-specialty,Husband,White,Male,15024,0,60,United-States,63355
45,Private,13,Married-civ-spouse,Exec-managerial,Husband,White,Male,15024,0,40,United-States,128123
43,Self-emp-inc,10,Married-civ-spouse,Exec-managerial,Husband,White,Male,15024,0,45,United-States,112262
61,Private,12,Married-civ-spouse,Sales,Husband,White,Male,15024,0,40,United-States,51905
49,Private,14,Married-civ-spouse,Exec-managerial,Husband,White,Male,15024,0,50,United-States,50001
39,Private,13,Married-civ-spouse,Sales,Husband,White,Male,15024,0,50,United-States,53561
54,Private,9,Married-civ-spouse,Sales,Husband,White,Male,15024,0,50,United-States,87900
62,Private,16,Married-civ-spouse,Prof-specialty,Husband,White,Male,15024,0,50,United-States,66363
51,Private,16,Married-civ-spouse,Exec-managerial,Husband,White,Male,15024,0,84,United-States,203981
40,Private,13,Married-civ-spouse,Prof-specialty,Husband,White,Male,15024,0,99,United-States,55160
46,Self-emp-inc,9,Married-civ-spouse,Exec-managerial,Wife,Amer-Indian-Eskimo,Female,15024,0,40,United-States,50001
38,Private,13,Married-civ-spouse,Prof-specialty,Husband,White,Male,15024,0,70,United-States,71014
57,Private,13,Married-civ-spouse,Exec-managerial,Husband,White,Male,15024,0,60,United-States,142916
39,Private,12,Married-civ-spouse,Exec-managerial,Wife,White,Female,15024,0,45,United-States,129738
28,Private,13,Married-civ-spouse,Exec-managerial,Wife,White,Female,15024,0,28,United-States,81774
36,State-gov,15,Married-civ-spouse,Prof-specialty,Wife,White,Female,15024,0,50,United-States,51142
63,Private,13,Married-civ-spouse,Prof-specialty,Husband,White,Male,15024,0,45,United-States,52118
41,Private,13,Married-civ-spouse,Protective-serv,Husband,White,Male,15024,0,60,United-States,93910
56,Private,11,Married-civ-spouse,Sales,Husband,White,Male,15024,0,40,United-States,68294
51,Self-emp-inc,15,Married-civ-spouse,Prof-specialty,Husband,White,Male,15024,0,60,United-States,77654
45,Self-emp-inc,15,Married-civ-spouse,Prof-specialty,Husband,White,Male,15024,0,43,United-States,94678
43,Local-gov,14,Married-civ-spouse,Prof-specialty,Husband,White,Male,15024,0,40,United-States,50001
41,Private,12,Married-civ-spouse,Prof-specialty,Husband,White,Male,15024,0,60,United-States,50001
44,Private,13,Married-civ-spouse,Exec-managerial,Husband,White,Male,15024,0,45,United-States,90191
30,Private,14,Married-civ-spouse,Exec-managerial,Husband,White,Male,15024,0,60,United-States,103866
42,Private,11,Married-civ-spouse,Exec-managerial,Husband,White,Male,15024,0,55,United-States,89458
39,Private,13,Married-civ-spouse,Exec-managerial,Husband,White,Male,15024,0,60,United-States,73874
46,State-gov,15,Married-civ-spouse,Exec-managerial,Husband,White,Male,15024,0,40,United-States,85240
47,Self-emp-not-inc,15,Married-civ-spouse,Prof-specialty,Husband,White,Male,15024,0,40,United-States,75820
51,Federal-gov,16,Married-civ-spouse,Prof-specialty,Husband,Asian-Pac-Islander,Male,15024,0,40,Vietnam,135276
41,Private,14,Married-civ-spouse,Prof-specialty,Husband,White,Male,15024,0,40,United-States,50001
37,Private,15,Married-civ-spouse,Prof-specialty,Husband,White,Male,15024,0,45,United-States,50001
52,Self-emp-inc,9,Married-civ-spouse,Exec-managerial,Wife,White,Female,15024,0,40,United-States,94520
45,Private,16,Widowed,Prof-specialty,Unmarried,White,Male,15020,0,40,Iran,98461
52,Private,14,Divorced,Prof-specialty,Unmarried,White,Male,15020,0,50,United-States,74306
39,Private,14,Divorced,Exec-managerial,Unmarried,Black,Female,15020,0,60,United-States,50001
62,Private,16,Divorced,Prof-specialty,Unmarried,White,Male,15020,0,50,United-States,85272
38,Private,13,Divorced,Prof-specialty,Unmarried,Black,Female,15020,0,45,United-States,128234
44,Private,9,Divorced,Craft-repair,Not-in-family,White,Female,14344,0,40,United-States,84465
31,Private,13,Never-married,Exec-managerial,Not-in-family,White,Female,14344,0,50,United-States,56994
31,Private,9,Never-married,Craft-repair,Unmarried,White,Male,14344,0,40,United-States,57100
45,Private,14,Divorced,Transport-moving,Not-in-family,White,Male,14344,0,48,United-States,88609
37,Private,9,Divorced,Craft-repair,Not-in-family,White,Male,14344,0,40,United-States,50001
53,Local-gov,14,Never-married,Exec-managerial,Not-in-family,White,Female,14344,0,50,United-States,114198
23,Private,7,Never-married,Craft-repair,Own-child,Asian-Pac-Islander,Male,14344,0,40,Vietnam,65538
53,Private,13,Divorced,Prof-specialty,Not-in-family,White,Male,14344,0,55,United-States,74580
43,Private,13,Divorced,Prof-specialty,Not-in-family,White,Female,14344,0,40,United-States,50001
44,Self-emp-not-inc,9,Never-married,Craft-repair,Not-in-family,White,Male,14344,0,40,United-States,68733
39,Private,9,Separated,Exec-managerial,Not-in-family,White,Male,14344,0,40,United-States,73143
49,Private,10,Divorced,Exec-managerial,Not-in-family,White,Male,14344,0,45,United-States,155581
35,Private,12,Never-married,Adm-clerical,Not-in-family,White,Female,14344,0,40,United-States,110559
41,State-gov,9,Never-married,Transport-moving,Not-in-family,White,Female,14344,0,40,United-States,149523
35,Private,11,Never-married,Adm-clerical,Own-child,White,Female,14344,0,40,United-States,117034
38,Private,11,Divorced,Prof-specialty,Not-in-family,White,Female,14344,0,40,United-States,72027
29,Private,13,Never-married,Prof-specialty,Not-in-family,White,Female,14344,0,40,United-States,99037
22,Private,13,Never-married,Prof-specialty,Not-in-family,Amer-Indian-Eskimo,Female,14344,0,40,United-States,101042
54,Private,6,Divorced,Prof-specialty,Unmarried,White,Male,14344,0,68,United-States,50001
36,Private,12,Never-married,Tech-support,Not-in-family,Black,Male,14344,0,40,England,76143
58,Private,9,Divorced,Craft-repair,Not-in-family,White,Male,14344,0,48,United-States,58180
24,Local-gov,10,Never-married,Tech-support,Not-in-family,White,Male,14344,0,50,United-States,50001
52,Private,9,Divorced,Machine-op-inspct,Not-in-family,Black,Male,14344,0,40,United-States,71006
29,Private,13,Never-married,Prof-specialty,Unmarried,White,Female,14344,0,50,United-States,92972
29,Private,11,Divorced,Tech-support,Not-in-family,Black,Male,14344,0,40,United-States,56615
44,Private,10,Divorced,Adm-clerical,Own-child,White,Male,14344,0,40,United-States,122863
31,Private,14,Never-married,Prof-specialty,Not-in-family,White,Female,14084,0,50,United-States,82440
40,Federal-gov,14,Never-married,Exec-managerial,Not-in-family,White,Female,14084,0,55,United-States,58500
42,Private,14,Never-married,Exec-managerial,Not-in-family,White,Female,14084,0,50,United-States,94872
44,Private,15,Never-married,Prof-specialty,Not-in-family,White,Male,14084,0,40,United-States,236146
55,Private,13,Separated,Exec-managerial,Not-in-family,White,Male,14084,0,45,United-States,85158
30,Local-gov,13,Never-married,Prof-specialty,Not-in-family,Black,Male,14084,0,45,United-States,50001
52,Private,10,Married-spouse-absent,Adm-clerical,Not-in-family,White,Female,14084,0,16,United-States,122220
36,Private,13,Divorced,Prof-specialty,Not-in-family,White,Male,14084,0,40,United-States,77075
42,Federal-gov,14,Never-married,Exec-managerial,Not-in-family,White,Female,14084,0,60,United-States,116500
31,Private,15,Divorced,Prof-specialty,Not-in-family,White,Male,14084,0,50,United-States,74014
51,Private,13,Divorced,Exec-managerial,Not-in-family,White,Male,14084,0,50,United-States,97011
58,Private,13,Divorced,Adm-clerical,Not-in-family,White,Female,14084,0,40,United-States,69479
28,Private,9,Divorced,Sales,Not-in-family,Amer-Indian-Eskimo,Male,14084,0,40,United-States,120925
56,Private,13,Never-married,Exec-managerial,Not-in-family,White,Male,14084,0,45,United-States,66256
48,Self-emp-not-inc,15,Divorced,Prof-specialty,Unmarried,White,Male,14084,0,63,United-States,88441
37,Private,9,Never-married,Tech-support,Not-in-family,White,Female,14084,0,35,United-States,100867
36,Private,14,Never-married,Exec-managerial,Not-in-family,White,Female,14084,0,40,United-States,54485
37,Self-emp-not-inc,16,Never-married,Prof-specialty,Not-in-family,White,Male,14084,0,45,United-States,101541
54,Private,13,Never-married,Adm-clerical,Not-in-family,White,Female,14084,0,40,United-States,50001
40,Private,15,Never-married,Prof-specialty,Not-in-family,White,Female,14084,0,50,United-States,50001
34,Private,9,Never-married,Tech-support,Own-child,Asian-Pac-Islander,Male,14084,0,35,China,50001
59,Private,10,Separated,Sales,Not-in-family,White,Male,14084,0,60,United-States,53633
31,Private,13,Never-married,Exec-managerial,Not-in-family,White,Male,14084,0,50,United-States,50001
49,Private,10,Divorced,Prof-specialty,Not-in-family,White,Male,14084,0,44,United-States,98503
55,Private,14,Divorced,Prof-specialty,Not-in-family,White,Female,14084,0,40,United-States,92863
53,Self-emp-inc,16,Divorced,Exec-managerial,Not-in-family,White,Male,14084,0,50,United-States,50001
33,Private,14,Divorced,Exec-managerial,Own-child,White,Female,14084,0,50,United-States,64216
40,Private,13,Divorced,Sales,Not-in-family,White,Male,14084,0,40,United-States,109676
48,Private,12,Divorced,Sales,Not-in-family,White,Female,14084,0,40,United-States,50001
45,Self-emp-not-inc,13,Never-married,Sales,Not-in-family,White,Male,14084,0,45,United-States,116922
49,Self-emp-not-inc,9,Divorced,Exec-managerial,Unmarried,White,Female,14084,0,30,United-States,50001
31,Private,13,Never-married,Prof-specialty,Not-in-family,Black,Female,14084,0,60,United-States,162853
37,Private,15,Divorced,Prof-specialty,Not-in-family,White,Male,14084,0,36,United-States,50001
39,Private,15,Never-married,Prof-specialty,Not-in-family,White,Female,14084,0,35,United-States,51549
47,Private,9,Separated,Prof-specialty,Other-relative,Black,Female,14084,0,38,United-States,50001
62,State-gov,13,Divorced,Prof-specialty,Not-in-family,White,Male,14084,0,40,United-States,96171
51,Self-emp-inc,9,Divorced,Exec-managerial,Not-in-family,White,Male,14084,0,40,United-States,82007
63,Self-emp-inc,10,Widowed,Sales,Not-in-family,White,Female,14084,0,60,United-States,50001
44,Private,14,Never-married,Exec-managerial,Not-in-family,White,Male,14084,0,56,United-States,50511
32,Private,14,Never-married,Exec-managerial,Not-in-family,White,Male,14084,0,40,United-States,50001
58,Federal-gov,7,Divorced,Craft-repair,Not-in-family,Black,Female,14084,0,40,United-States,122221
40,Private,13,Married-spouse-absent,Prof-specialty,Not-in-family,Asian-Pac-Islander,Male,13550,0,40,Cambodia,50001
53,Private,13,Divorced,Sales,Not-in-family,White,Female,13550,0,43,United-States,50001
35,Private,14,Never-married,Prof-specialty,Not-in-family,White,Male,13550,0,55,United-States,77839
24,Self-emp-inc,9,Never-married,Other-service,Not-in-family,Black,Male,13550,0,50,United-States,50001
41,Private,9,Divorced,Craft-repair,Not-in-family,White,Male,13550,0,44,United-States,100289
26,Private,13,Never-married,Prof-specialty,Not-in-family,White,Male,13550,0,50,United-States,50001
22,Private,13,Never-married,Craft-repair,Not-in-family,White,Male,13550,0,55,United-States,207419
32,Private,14,Never-married,Exec-managerial,Not-in-family,White,Female,13550,0,60,United-States,87909
36,Private,7,Never-married,Protective-serv,Not-in-family,Black,Male,13550,0,40,United-States,144309
31,Private,13,Never-married,Exec-managerial,Not-in-family,White,Female,13550,0,50,United-States,74410
36,Private,14,Never-married,Adm-clerical,Not-in-family,White,Male,13550,0,50,United-States,59976
32,Private,7,Never-married,Craft-repair,Not-in-family,Amer-Indian-Eskimo,Male,13550,0,60,United-States,51142
32,Private,13,Never-married,Exec-managerial,Not-in-family,White,Male,13550,0,48,United-States,102409
43,Federal-gov,11,Never-married,Prof-specialty,Not-in-family,White,Female,13550,0,40,United-States,109027
36,Federal-gov,10,Never-married,Exec-managerial,Not-in-family,Black,Male,13550,0,40,United-States,56941
30,Private,13,Never-married,Prof-specialty,Not-in-family,White,Male,13550,0,45,United-States,64607
45,Private,9,Divorced,Exec-managerial,Not-in-family,White,Male,13550,0,50,United-States,50001
39,Private,13,Divorced,Exec-managerial,Not-in-family,White,Female,13550,0,50,United-States,50001
27,Private,13,Never-married,Prof-specialty,Not-in-family,Asian-Pac-Islander,Male,13550,0,40,United-States,50001
25,Self-emp-not-inc,13,Never-married,Exec-managerial,Not-in-family,White,Male,13550,0,35,United-States,50001
39,Private,10,Never-married,Adm-clerical,Not-in-family,White,Female,13550,0,45,United-States,182784
29,Private,13,Never-married,Sales,Not-in-family,White,Female,13550,0,35,United-States,50001
32,Private,15,Never-married,Sales,Not-in-family,White,Female,13550,0,50,United-States,68717
55,Private,9,Never-married,Sales,Not-in-family,White,Male,13550,0,40,United-States,50001
35,Private,10,Never-married,Exec-managerial,Not-in-family,White,Male,13550,0,60,United-States,50001
27,Private,13,Never-married,Sales,Not-in-family,White,Male,13550,0,46,United-States,50001
44,Federal-gov,10,Never-married,Adm-clerical,Not-in-family,White,Male,13550,0,50,United-States,55786
65,Private,10,Divorced,Prof-specialty,Not-in-family,White,Male,11678,0,50,United-States,54250
71,Private,13,Never-married,Craft-repair,Not-in-family,White,Male,11678,0,45,United-States,55529
71,Self-emp-not-inc,14,Married-civ-spouse,Sales,Husband,White,Male,10605,0,40,United-States,50001
65,Private,13,Married-civ-spouse,Adm-clerical,Husband,White,Male,10605,0,20,United-States,107909
63,Self-emp-not-inc,13,Married-civ-spouse,Sales,Husband,White,Male,10605,0,40,United-States,58963
80,Self-emp-not-inc,15,Married-civ-spouse,Sales,Husband,White,Male,10605,0,10,United-States,153689
67,Private,10,Married-civ-spouse,Transport-moving,Husband,White,Male,10605,0,10,United-States,112169
66,Self-emp-inc,13,Married-civ-spouse,Exec-managerial,Husband,White,Male,10605,0,40,United-States,109244
65,Self-emp-inc,13,Married-civ-spouse,Exec-managerial,Husband,White,Male,10605,0,40,United-States,50672
69,Self-emp-inc,13,Married-civ-spouse,Exec-managerial,Husband,White,Male,10605,0,10,United-States,124362
65,Self-emp-not-inc,9,Married-civ-spouse,Farming-fishing,Husband,White,Male,10605,0,60,United-States,54135
59,State-gov,13,Married-civ-spouse,Exec-managerial,Husband,White,Male,10605,0,50,United-States,54214
68,Self-emp-inc,10,Married-civ-spouse,Exec-managerial,Husband,White,Male,10605,0,20,United-States,153838
67,Self-emp-not-inc,16,Married-civ-spouse,Prof-specialty,Husband,White,Male,10605,0,35,United-States,122782
62,Self-emp-not-inc,9,Married-civ-spouse,Craft-repair,Husband,White,Male,10566,0,40,United-States,33930
90,Self-emp-not-inc,13,Married-civ-spouse,Prof-specialty,Husband,White,Male,10566,0,50,United-States,50000
63,Private,10,Married-civ-spouse,Craft-repair,Husband,White,Male,10566,0,45,United-States,26957
64,Private,10,Married-civ-spouse,Exec-managerial,Wife,White,Female,10566,0,35,United-States,35838
70,Self-emp-inc,10,Married-civ-spouse,Sales,Husband,White,Male,10566,0,40,United-States,15000
67,Private,4,Married-civ-spouse,Transport-moving,Husband,Black,Male,10566,0,40,United-States,44388
39,Private,9,Divorced,Adm-clerical,Not-in-family,White,Male,10520,0,40,United-States,50001
40,Private,13,Divorced,Exec-managerial,Not-in-family,White,Female,10520,0,40,United-States,100476
45,Private,9,Never-married,Craft-repair,Own-child,White,Male,10520,0,48,United-States,163052
51,Private,13,Divorced,Exec-managerial,Not-in-family,Black,Male,10520,0,40,United-States,50001
45,Private,13,Widowed,Prof-specialty,Not-in-family,White,Female,10520,0,50,United-States,115697
54,Self-emp-not-inc,10,Divorced,Farming-fishing,Unmarried,White,Female,10520,0,30,United-States,70897
36,Self-emp-not-inc,14,Never-married,Sales,Not-in-family,White,Male,10520,0,45,United-States,88664
48,Federal-gov,14,Married-spouse-absent,Exec-managerial,Not-in-family,White,Female,10520,0,50,United-States,84943
33,State-gov,10,Separated,Prof-specialty,Not-in-family,White,Male,10520,0,40,United-States,153708
37,Private,13,Never-married,Prof-specialty,Not-in-family,White,Male,10520,0,40,United-States,50001
45,Private,9,Divorced,Craft-repair,Not-in-family,Asian-Pac-Islander,Male,10520,0,40,United-States,100905
44,Local-gov,15,Never-married,Prof-specialty,Not-in-family,White,Male,10520,0,40,United-States,62233
38,Private,12,Never-married,Machine-op-inspct,Not-in-family,Black,Female,10520,0,50,United-States,50001
38,Private,14,Never-married,Exec-managerial,Not-in-family,White,Female,10520,0,50,United-States,56061
47,Self-emp-not-inc,13,Never-married,Exec-managerial,Not-in-family,Black,Male,10520,0,45,United-States,97643
29,Private,9,Divorced,Other-service,Not-in-family,White,Male,10520,0,40,United-States,97889
43,Local-gov,14,Never-married,Exec-managerial,Not-in-family,White,Female,10520,0,50,United-States,118601
44,Private,13,Never-married,Prof-specialty,Own-child,White,Male,10520,0,40,United-States,56517
62,Private,13,Widowed,Exec-managerial,Not-in-family,White,Male,10520,0,50,United-States,108065
28,Private,11,Divorced,Exec-managerial,Not-in-family,White,Male,10520,0,50,United-States,107017
42,Private,13,Never-married,Sales,Not-in-family,White,Male,10520,0,50,United-States,213758
50,Private,16,Divorced,Prof-specialty,Other-relative,White,Male,10520,0,50,United-States,92149
53,Local-gov,16,Divorced,Prof-specialty,Not-in-family,White,Female,10520,0,40,United-States,66471
32,Private,13,Never-married,Exec-managerial,Own-child,White,Female,10520,0,40,United-States,75514
28,Private,13,Never-married,Adm-clerical,Not-in-family,White,Male,10520,0,60,United-States,50001
26,Private,13,Never-married,Prof-specialty,Own-child,White,Male,10520,0,64,United-States,84684
27,Private,11,Never-married,Exec-managerial,Not-in-family,White,Male,10520,0,65,Greece,99733
23,State-gov,13,Never-married,Prof-specialty,Not-in-family,White,Male,10520,0,40,United-States,102789
51,Self-emp-inc,9,Never-married,Exec-managerial,Not-in-family,White,Male,10520,0,40,United-States,102910
36,Private,12,Never-married,Sales,Not-in-family,Black,Male,10520,0,43,United-States,185022
30,Private,15,Divorced,Prof-specialty,Not-in-family,White,Male,10520,0,50,United-States,126259
25,Private,10,Never-married,Transport-moving,Not-in-family,White,Male,10520,0,50,United-States,58546
44,Private,14,Divorced,Exec-managerial,Not-in-family,White,Male,10520,0,45,United-States,116325
27,Private,13,Never-married,Sales,Not-in-family,White,Male,10520,0,45,United-States,68755
33,Private,13,Never-married,Prof-specialty,Not-in-family,White,Female,10520,0,45,United-States,94406
30,Private,14,Never-married,Prof-specialty,Not-in-family,White,Male,10520,0,40,United-States,50001
60,Federal-gov,9,Divorced,Exec-managerial,Not-in-family,White,Male,10520,0,40,United-States,78929
57,Private,13,Widowed,Prof-specialty,Unmarried,White,Male,10520,0,40,United-States,52344
28,Private,10,Never-married,Exec-managerial,Not-in-family,White,Female,10520,0,40,United-States,58900
62,Local-gov,14,Divorced,Prof-specialty,Not-in-family,White,Female,10520,0,33,United-States,50001
47,Self-emp-not-inc,12,Never-married,Farming-fishing,Other-relative,White,Male,10520,0,45,United-States,102527
57,Private,14,Separated,Prof-specialty,Not-in-family,White,Male,10520,0,32,United-States,50001
35,Private,13,Never-married,Sales,Not-in-family,White,Male,10520,0,45,United-States,52065
48,Local-gov,14,Divorced,Exec-managerial,Unmarried,Black,Female,9562,0,40,United-States,75909
43,Local-gov,14,Divorced,Prof-specialty,Unmarried,Black,Female,9562,0,40,United-States,50575
27,Self-emp-not-inc,9,Never-married,Craft-repair,Unmarried,White,Male,9562,0,50,United-States,75911
42,Private,13,Divorced,Adm-clerical,Unmarried,White,Male,9562,0,45,United-States,63045
65,Self-emp-not-inc,7,Married-civ-spouse,Exec-managerial,Husband,White,Male,9386,0,59,United-States,62902
67,Self-emp-not-inc,13,Married-civ-spouse,Exec-managerial,Husband,White,Male,9386,0,60,United-States,50001
65,Private,9,Married-civ-spouse,Sales,Husband,White,Male,9386,0,40,United-States,91118
90,Private,13,Married-civ-spouse,Sales,Husband,White,Male,9386,0,15,United-States,250000
77,Private,14,Married-civ-spouse,Sales,Husband,White,Male,9386,0,6,United-States,93094
72,Private,10,Married-civ-spouse,Sales,Husband,White,Male,9386,0,30,United-States,101253
90,Private,9,Married-civ-spouse,Craft-repair,Husband,White,Male,9386,0,50,Ecuador,114228
71,Private,13,Married-civ-spouse,Craft-repair,Husband,White,Male,9386,0,30,United-States,132221
67,Private,10,Married-civ-spouse,Handlers-cleaners,Husband,White,Male,9386,0,24,Cuba,69989
78,Self-emp-inc,13,Married-civ-spouse,Exec-managerial,Husband,White,Male,9386,0,45,United-States,77219
65,Private,9,Married-civ-spouse,Sales,Husband,White,Male,9386,0,10,United-States,50001
64,Federal-gov,12,Married-civ-spouse,Exec-managerial,Husband,White,Male,9386,0,45,United-States,50001
67,Self-emp-inc,9,Married-civ-spouse,Exec-managerial,Husband,White,Male,9386,0,50,United-States,67208
69,Self-emp-not-inc,10,Married-civ-spouse,Craft-repair,Husband,White,Male,9386,0,72,United-States,97441
70,Self-emp-not-inc,14,Married-civ-spouse,Prof-specialty,Husband,White,Male,9386,0,30,United-States,63960
70,Private,11,Married-civ-spouse,Machine-op-inspct,Husband,White,Male,9386,0,50,United-States,158086
65,Private,6,Married-civ-spouse,Machine-op-inspct,Husband,White,Male,9386,0,50,United-States,50001
61,Federal-gov,10,Married-civ-spouse,Adm-clerical,Husband,White,Male,9386,0,40,United-States,97636
69,Self-emp-not-inc,9,Married-civ-spouse,Exec-managerial,Husband,White,Male,9386,0,12,United-States,207870
69,Private,8,Married-civ-spouse,Transport-moving,Husband,White,Male,9386,0,60,United-States,50001
69,Private,13,Married-civ-spouse,Exec-managerial,Husband,Black,Male,9386,0,50,United-States,57088
57,Private,10,Married-civ-spouse,Craft-repair,Wife,White,Female,9386,0,40,United-States,75562
42,Private,12,Divorced,Prof-specialty,Unmarried,White,Female,8614,0,40,United-States,83195
42,Local-gov,13,Married-spouse-absent,Prof-specialty,Not-in-family,White,Female,8614,0,45,United-States,50001
26,Private,14,Never-married,Prof-specialty,Not-in-family,White,Male,8614,0,40,United-States,50001
37,State-gov,11,Never-married,Prof-specialty,Not-in-family,White,Male,8614,0,40,United-States,108891
39,Private,14,Never-married,Exec-managerial,Not-in-family,Black,Male,8614,0,52,United-States,70008
37,Private,11,Divorced,Prof-specialty,Not-in-family,White,Female,8614,0,45,United-States,50001
39,Private,10,Divorced,Exec-managerial,Not-in-family,White,Female,8614,0,40,United-States,67572
53,Private,14,Never-married,Exec-managerial,Not-in-family,White,Female,8614,0,35,United-States,53546
22,Private,13,Never-married,Prof-specialty,Not-in-family,White,Female,8614,0,40,United-States,137299
35,Self-emp-not-inc,9,Never-married,Machine-op-inspct,Own-child,White,Male,8614,0,40,United-States,67173
28,Private,13,Never-married,Sales,Not-in-family,White,Male,8614,0,40,United-States,77063
36,Private,9,Divorced,Transport-moving,Not-in-family,White,Male,8614,0,45,United-States,50001
45,Private,13,Divorced,Sales,Not-in-family,White,Male,8614,0,48,United-States,73817
42,State-gov,16,Divorced,Prof-specialty,Not-in-family,White,Female,8614,0,60,United-States,107259
62,Private,10,Never-married,Craft-repair,Not-in-family,White,Female,8614,0,39,United-States,50001
34,Private,12,Never-married,Adm-clerical,Not-in-family,Asian-Pac-Islander,Female,8614,0,60,United-States,56684
35,Federal-gov,14,Never-married,Exec-managerial,Not-in-family,White,Male,8614,0,40,United-States,99425
51,Self-emp-not-inc,9,Never-married,Farming-fishing,Not-in-family,White,Male,8614,0,40,United-States,63037
43,Local-gov,14,Never-married,Tech-support,Not-in-family,Black,Female,8614,0,47,United-States,156128
37,State-gov,13,Never-married,Adm-clerical,Not-in-family,White,Female,8614,0,40,United-States,79634
35,Private,13,Never-married,Exec-managerial,Not-in-family,White,Male,8614,0,45,United-States,50001
53,Self-emp-inc,10,Divorced,Sales,Not-in-family,White,Male,8614,0,50,Cuba,50001
53,Private,13,Never-married,Other-service,Not-in-family,White,Male,8614,0,50,Italy,50001
33,Private,10,Never-married,Craft-repair,Not-in-family,Black,Male,8614,0,40,United-States,67950
37,Federal-gov,10,Separated,Exec-managerial,Not-in-family,White,Male,8614,0,55,United-States,250000
64,Federal-gov,9,Divorced,Exec-managerial,Not-in-family,White,Male,8614,0,40,United-States,50001
29,Private,13,Never-married,Prof-specialty,Not-in-family,White,Male,8614,0,45,United-States,52935
40,Local-gov,13,Divorced,Tech-support,Not-in-family,White,Female,8614,0,40,England,72598
58,Private,9,Widowed,Craft-repair,Unmarried,White,Male,8614,0,52,Mexico,64770
36,Private,13,Never-married,Exec-managerial,Not-in-family,White,Male,8614,0,40,United-States,50001
48,Private,10,Never-married,Exec-managerial,Not-in-family,White,Male,8614,0,60,United-States,105366
60,Private,13,Divorced,Prof-specialty,Not-in-family,White,Female,8614,0,48,United-States,101478
58,Private,13,Widowed,Exec-managerial,Unmarried,White,Male,8614,0,40,United-States,50001
29,Private,12,Never-married,Prof-specialty,Not-in-family,White,Female,8614,0,40,United-States,82745
56,Private,13,Never-married,Exec-managerial,Not-in-family,White,Female,8614,0,55,United-States,198578
39,Self-emp-not-inc,9,Divorced,Farming-fishing,Not-in-family,White,Male,8614,0,50,United-States,61658
31,Private,13,Never-married,Adm-clerical,Not-in-family,White,Male,8614,0,40,United-States,92573
42,Private,14,Never-married,Prof-specialty,Not-in-family,White,Female,8614,0,50,United-States,96064
25,Private,10,Never-married,Prof-specialty,Not-in-family,White,Male,8614,0,40,United-States,62084
40,Local-gov,12,Divorced,Exec-managerial,Not-in-family,White,Male,8614,0,50,United-States,62475
47,Private,9,Divorced,Craft-repair,Not-in-family,Black,Male,8614,0,44,United-States,50001
46,Private,13,Divorced,Sales,Not-in-family,White,Male,8614,0,40,United-States,112276
48,State-gov,9,Divorced,Craft-repair,Own-child,White,Male,8614,0,40,United-States,70813
44,Private,11,Divorced,Exec-managerial,Not-in-family,White,Male,8614,0,40,United-States,54000
43,Private,9,Never-married,Adm-clerical,Unmarried,White,Female,8614,0,43,United-States,52359
35,Private,9,Never-married,Adm-clerical,Not-in-family,White,Male,8614,0,40,United-States,84966
43,Private,13,Separated,Exec-managerial,Unmarried,White,Male,8614,0,40,United-States,51929
59,Local-gov,14,Divorced,Prof-specialty,Unmarried,White,Female,8614,0,60,United-States,73936
29,Private,13,Never-married,Prof-specialty,Not-in-family,White,Female,8614,0,40,United-States,50001
24,Private,12,Separated,Craft-repair,Unmarried,Asian-Pac-Islander,Male,8614,0,40,United-States,67268
35,Private,13,Never-married,Sales,Not-in-family,White,Female,8614,0,45,United-States,77681
31,Local-gov,13,Never-married,Craft-repair,Not-in-family,White,Male,8614,0,40,United-States,103522
30,Private,10,Divorced,Exec-managerial,Not-in-family,White,Male,8614,0,50,United-States,131932
64,Private,9,Widowed,Sales,Not-in-family,White,Female,8614,0,50,France,50001
46,Local-gov,14,Divorced,Prof-specialty,Not-in-family,White,Female,8614,0,55,United-States,52218
67,Private,10,Divorced,Adm-clerical,Not-in-family,White,Male,7978,0,35,United-States,38817
66,Local-gov,10,Divorced,Other-service,Other-relative,White,Female,7896,0,40,United-States,130562
70,Local-gov,14,Never-married,Prof-specialty,Unmarried,White,Female,7896,0,50,United-States,50001
67,Local-gov,16,Never-married,Prof-specialty,Not-in-family,White,Female,7896,0,50,United-States,78685
32,Self-emp-inc,9,Married-civ-spouse,Craft-repair,Husband,White,Male,7688,0,40,United-States,54450
48,Private,13,Married-civ-spouse,Adm-clerical,Husband,White,Male,7688,0,40,United-States,98564
34,State-gov,13,Married-civ-spouse,Exec-managerial,Husband,White,Male,7688,0,45,United-States,115381
50,Private,9,Married-civ-spouse,Exec-managerial,Husband,White,Male,7688,0,50,United-States,115645
31,Private,13,Married-civ-spouse,Prof-specialty,Husband,White,Male,7688,0,40,Canada,250000
55,Private,9,Married-civ-spouse,Transport-moving,Husband,White,Male,7688,0,40,United-States,93847
29,State-gov,13,Married-civ-spouse,Exec-managerial,Husband,White,Male,7688,0,40,United-States,187633
37,Private,13,Married-civ-spouse,Prof-specialty,Husband,White,Male,7688,0,50,United-States,96817
44,Private,13,Married-civ-spouse,Exec-managerial,Husband,White,Male,7688,0,60,United-States,72335
48,Self-emp-not-inc,10,Married-civ-spouse,Craft-repair,Husband,Amer-Indian-Eskimo,Male,7688,0,40,United-States,94729
32,Self-emp-inc,13,Married-civ-spouse,Craft-repair,Husband,White,Male,7688,0,50,United-States,115712
48,Self-emp-inc,9,Married-civ-spouse,Exec-managerial,Husband,White,Male,7688,0,40,United-States,97819
62,Private,16,Married-civ-spouse,Prof-specialty,Husband,White,Male,7688,0,40,United-States,50001
44,Private,12,Married-civ-spouse,Sales,Husband,White,Male,7688,0,40,United-States,50001
43,Private,10,Married-civ-spouse,Sales,Husband,White,Male,7688,0,40,United-States,184615
46,Private,9,Married-civ-spouse,Adm-clerical,Wife,White,Female,7688,0,40,United-States,50001
60,Self-emp-inc,10,Married-civ-spouse,Exec-managerial,Husband,White,Male,7688,0,50,United-States,52639
53,Private,13,Married-civ-spouse,Prof-specialty,Husband,White,Male,7688,0,40,United-States,217132
23,Self-emp-not-inc,7,Married-civ-spouse,Transport-moving,Husband,White,Male,7688,0,60,United-States,50001
44,Self-emp-inc,13,Married-civ-spouse,Exec-managerial,Husband,White,Male,7688,0,52,United-States,90285
56,Self-emp-inc,10,Married-civ-spouse,Exec-managerial,Husband,White,Male,7688,0,50,United-States,200170
34,Private,13,Married-civ-spouse,Prof-specialty,Husband,White,Male,7688,0,50,United-States,50001
47,Private,11,Married-civ-spouse,Craft-repair,Husband,White,Male,7688,0,40,United-States,69214
55,State-gov,14,Married-civ-spouse,Prof-specialty,Husband,White,Male,7688,0,45,United-States,92886
47,Private,9,Married-civ-spouse,Transport-moving,Husband,White,Male,7688,0,55,United-States,70558
38,Private,13,Married-civ-spouse,Exec-managerial,Husband,White,Male,7688,0,40,United-States,136521
43,Private,10,Married-civ-spouse,Sales,Husband,White,Male,7688,0,40,United-States,95120
37,Self-emp-inc,9,Married-civ-spouse,Sales,Husband,White,Male,7688,0,60,United-States,60212
38,Federal-gov,12,Married-civ-spouse,Adm-clerical,Wife,White,Female,7688,0,33,United-States,113523
28,Private,10,Married-civ-spouse,Exec-managerial,Own-child,White,Male,7688,0,50,United-States,114530
52,Local-gov,13,Married-civ-spouse,Prof-specialty,Husband,White,Male,7688,0,40,United-States,83967
45,Federal-gov,10,Married-civ-spouse,Tech-support,Husband,White,Male,7688,0,40,Guatemala,79350
49,Private,9,Married-civ-spouse,Craft-repair,Husband,White,Male,7688,0,45,United-States,129317
46,State-gov,13,Married-civ-spouse,Exec-managerial,Husband,White,Male,7688,0,40,United-States,50001
38,Private,13,Married-civ-spouse,Prof-specialty,Wife,White,Female,7688,0,40,United-States,53907
53,State-gov,16,Married-civ-spouse,Prof-specialty,Husband,White,Male,7688,0,50,United-States,53564
59,State-gov,9,Married-civ-spouse,Prof-specialty,Wife,White,Female,7688,0,40,United-States,102933
52,Federal-gov,13,Married-civ-spouse,Tech-support,Husband,Black,Male,7688,0,40,United-States,84176
44,State-gov,14,Married-civ-spouse,Prof-specialty,Husband,Black,Male,7688,0,40,United-States,71719
33,Private,13,Married-civ-spouse,Other-service,Husband,Asian-Pac-Islander,Male,7688,0,38,United-States,50001
39,Private,12,Married-civ-spouse,Craft-repair,Husband,White,Male,7688,0,60,Germany,146657
50,Self-emp-inc,15,Married-civ-spouse,Prof-specialty,Husband,Asian-Pac-Islander,Male,7688,0,50,Philippines,50001
27,Self-emp-not-inc,12,Married-civ-spouse,Transport-moving,Husband,White,Male,7688,0,70,United-States,52327
33,Local-gov,14,Married-civ-spouse,Prof-specialty,Husband,White,Male,7688,0,50,United-States,218627
41,Private,11,Married-civ-spouse,Adm-clerical,Wife,White,Female,7688,0,44,United-States,50001
38,Self-emp-not-inc,10,Married-civ-spouse,Machine-op-inspct,Husband,White,Male,7688,0,40,United-States,50001
41,Private,7,Married-civ-spouse,Handlers-cleaners,Husband,White,Male,7688,0,40,United-States,75668
48,Private,10,Married-civ-spouse,Craft-repair,Husband,White,Male,7688,0,40,United-States,67628
36,Self-emp-not-inc,9,Married-civ-spouse,Sales,Wife,White,Female,7688,0,40,United-States,140286
41,Self-emp-not-inc,9,Married-civ-spouse,Farming-fishing,Husband,White,Male,7688,0,40,United-States,133233
45,Federal-gov,10,Married-civ-spouse,Exec-managerial,Husband,White,Male,7688,0,40,United-States,50001
41,Private,13,Married-civ-spouse,Exec-managerial,Husband,White,Male,7688,0,50,United-States,50001
34,State-gov,14,Married-civ-spouse,Prof-specialty,Husband,White,Male,7688,0,38,United-States,181601
47,Private,10,Married-civ-spouse,Craft-repair,Husband,Black,Male,7688,0,40,United-States,50001
56,Self-emp-not-inc,13,Married-civ-spouse,Prof-specialty,Husband,White,Male,7688,0,40,United-States,63654
64,Self-emp-inc,16,Married-civ-spouse,Prof-specialty,Husband,White,Male,7688,0,60,Canada,60305
47,Local-gov,10,Married-civ-spouse,Prof-specialty,Husband,Black,Male,7688,0,50,United-States,50001
45,Local-gov,14,Married-civ-spouse,Prof-specialty,Husband,White,Male,7688,0,55,United-States,99165
39,Private,14,Married-civ-spouse,Prof-specialty,Husband,White,Male,7688,0,40,United-States,72149
55,State-gov,13,Married-civ-spouse,Adm-clerical,Husband,White,Male,7688,0,38,United-States,92002
63,Private,13,Married-civ-spouse,Prof-specialty,Wife,White,Female,7688,0,36,United-States,56840
44,State-gov,14,Married-civ-spouse,Prof-specialty,Husband,White,Male,7688,0,50,United-States,77736
38,Local-gov,13,Married-civ-spouse,Prof-specialty,Wife,White,Female,7688,0,40,United-States,89881
39,Private,15,Married-civ-spouse,Prof-specialty,Wife,White,Female,7688,0,60,United-States,183893
44,Private,13,Married-civ-spouse,Prof-specialty,Husband,White,Male,7688,0,40,United-States,70516
37,Private,11,Married-civ-spouse,Adm-clerical,Husband,White,Male,7688,0,40,United-States,60465
47,Local-gov,14,Married-civ-spouse,Prof-specialty,Husband,White,Male,7688,0,60,United-States,64973
58,Self-emp-not-inc,9,Married-civ-spouse,Other-service,Husband,White,Male,7688,0,55,United-States,160458
58,Private,10,Married-civ-spouse,Exec-managerial,Husband,White,Male,7688,0,45,United-States,166804
34,Private,14,Married-civ-spouse,Prof-specialty,Husband,White,Male,7688,0,55,United-States,88325
38,Federal-gov,13,Married-civ-spouse,Sales,Husband,White,Male,7688,0,42,United-States,74379
61,Private,10,Married-civ-spouse,Adm-clerical,Husband,White,Male,7688,0,40,United-States,50001
38,Self-emp-inc,13,Married-civ-spouse,Sales,Husband,White,Male,7688,0,40,United-States,100494
41,Self-emp-inc,13,Married-civ-spouse,Sales,Husband,White,Male,7688,0,45,United-States,50106
36,Private,9,Married-civ-spouse,Sales,Husband,White,Male,7688,0,40,United-States,50446
35,Private,9,Married-civ-spouse,Exec-managerial,Husband,White,Male,7688,0,50,United-States,120000
53,Federal-gov,9,Married-civ-spouse,Adm-clerical,Wife,White,Female,7688,0,35,United-States,91888
56,Private,13,Married-civ-spouse,Sales,Husband,Black,Male,7688,0,45,United-States,50001
34,Self-emp-not-inc,15,Married-civ-spouse,Prof-specialty,Husband,White,Male,7688,0,60,United-States,75300
33,Self-emp-not-inc,11,Married-civ-spouse,Prof-specialty,Own-child,White,Female,7688,0,50,United-States,100020
41,Private,13,Married-civ-spouse,Craft-repair,Husband,White,Male,7688,0,55,United-States,54952
32,Private,13,Married-civ-spouse,Exec-managerial,Husband,White,Male,7688,0,40,United-States,50001
24,Private,13,Married-civ-spouse,Exec-managerial,Wife,White,Female,7688,0,45,United-States,84369
37,Local-gov,9,Married-civ-spouse,Protective-serv,Husband,White,Male,7688,0,35,United-States,128684
52,Private,10,Married-civ-spouse,Exec-managerial,Husband,White,Male,7688,0,55,United-States,93077
34,Private,13,Married-civ-spouse,Exec-managerial,Husband,White,Male,7688,0,40,United-States,126380
49,Private,9,Married-civ-spouse,Exec-managerial,Husband,White,Male,7688,0,55,United-States,132671
35,Private,10,Married-civ-spouse,Adm-clerical,Wife,White,Female,7688,0,20,United-States,50001
36,Private,10,Married-civ-spouse,Sales,Husband,White,Male,7688,0,45,United-States,117550
36,Private,13,Married-civ-spouse,Exec-managerial,Husband,White,Male,7688,0,40,United-States,59914
30,Private,13,Married-civ-spouse,Prof-specialty,Wife,White,Female,7688,0,50,United-States,50001
45,Local-gov,16,Married-civ-spouse,Exec-managerial,Husband,White,Male,7688,0,45,United-States,50001
58,Private,9,Married-civ-spouse,Exec-managerial,Husband,White,Male,7688,0,40,United-States,96037
37,Federal-gov,10,Married-civ-spouse,Adm-clerical,Husband,White,Male,7688,0,40,United-States,64429
54,Private,9,Married-civ-spouse,Tech-support,Husband,White,Male,7688,0,25,United-States,74336
48,Private,13,Married-civ-spouse,Exec-managerial,Husband,White,Male,7688,0,65,United-States,59082
47,Local-gov,14,Married-civ-spouse,Prof-specialty,Husband,White,Male,7688,0,45,United-States,50001
36,Private,9,Married-civ-spouse,Craft-repair,Husband,White,Male,7688,0,50,United-States,107640
43,Private,13,Married-civ-spouse,Exec-managerial,Husband,Black,Male,7688,0,40,United-States,134022
47,Private,15,Married-civ-spouse,Exec-managerial,Husband,White,Male,7688,0,60,United-States,132026
62,Private,13,Married-civ-spouse,Craft-repair,Husband,White,Male,7688,0,50,United-States,111553
26,Private,10,Married-civ-spouse,Exec-managerial,Husband,White,Male,7688,0,40,United-States,81081
61,Self-emp-inc,10,Married-civ-spouse,Sales,Husband,White,Male,7688,0,36,United-States,50001
57,Self-emp-inc,13,Married-civ-spouse,Exec-managerial,Husband,White,Male,7688,0,60,United-States,51776
50,Local-gov,14,Married-civ-spouse,Prof-specialty,Husband,White,Male,7688,0,50,United-States,174509
33,Local-gov,14,Married-civ-spouse,Prof-specialty,Wife,White,Female,7688,0,35,United-States,101584
46,Private,14,Married-civ-spouse,Prof-specialty,Wife,White,Female,7688,0,35,United-States,76450
45,Private,16,Married-civ-spouse,Prof-specialty,Husband,White,Male,7688,0,50,United-States,50001
37,Local-gov,14,Married-civ-spouse,Protective-serv,Husband,White,Male,7688,0,50,United-States,81884
55,Private,10,Married-civ-spouse,Craft-repair,Husband,Black,Male,7688,0,40,Puerto-Rico,69952
41,Self-emp-not-inc,13,Married-civ-spouse,Adm-clerical,Wife,White,Female,7688,0,40,United-States,89084
41,Self-emp-not-inc,10,Married-civ-spouse,Farming-fishing,Husband,White,Male,7688,0,50,United-States,68956
35,Self-emp-not-inc,14,Married-civ-spouse,Exec-managerial,Husband,White,Male,7688,0,55,United-States,83405
46,State-gov,10,Married-civ-spouse,Exec-managerial,Husband,White,Male,7688,0,38,United-States,50001
47,Private,14,Married-civ-spouse,Adm-clerical,Wife,White,Female,7688,0,38,United-States,73485
46,State-gov,16,Married-civ-spouse,Prof-specialty,Husband,White,Male,7688,0,45,United-States,50001
53,Local-gov,14,Married-civ-spouse,Exec-managerial,Husband,White,Male,7688,0,70,United-States,85985
38,Private,13,Married-civ-spouse,Exec-managerial,Husband,White,Male,7688,0,40,United-States,50001
46,Private,13,Married-civ-spouse,Exec-managerial,Husband,White,Male,7688,0,40,United-States,131574
43,Private,12,Married-civ-spouse,Sales,Husband,White,Male,7688,0,50,United-States,54686
58,Private,13,Married-civ-spouse,Exec-managerial,Husband,White,Male,7688,0,50,United-States,50001
31,Private,13,Married-civ-spouse,Prof-specialty,Wife,White,Female,7688,0,43,United-States,88459
54,Private,11,Married-civ-spouse,Tech-support,Husband,White,Male,7688,0,40,United-States,51878
45,Private,13,Married-civ-spouse,Exec-managerial,Husband,White,Male,7688,0,50,United-States,50001
54,Self-emp-inc,9,Married-civ-spouse,Exec-managerial,Husband,White,Male,7688,0,60,United-States,67704
42,Private,12,Married-civ-spouse,Adm-clerical,Husband,White,Male,7688,0,42,United-States,250000
43,Local-gov,9,Married-civ-spouse,Craft-repair,Husband,White,Male,7688,0,40,United-States,50001
51,Private,9,Married-civ-spouse,Sales,Husband,White,Male,7688,0,40,United-States,135597
39,State-gov,14,Married-civ-spouse,Prof-specialty,Other-relative,Other,Female,7688,0,38,United-States,71414
55,Self-emp-not-inc,6,Married-civ-spouse,Sales,Husband,White,Male,7688,0,50,United-States,167845
44,Private,13,Married-civ-spouse,Exec-managerial,Husband,White,Male,7688,0,50,United-States,50001
43,Private,14,Married-civ-spouse,Exec-managerial,Husband,White,Male,7688,0,53,United-States,59419
46,Federal-gov,13,Married-civ-spouse,Exec-managerial,Husband,White,Male,7688,0,40,United-States,57140
46,Private,7,Married-civ-spouse,Other-service,Husband,Black,Male,7688,0,40,United-States,94403
49,Private,10,Married-civ-spouse,Sales,Husband,White,Male,7688,0,40,United-States,50001
60,State-gov,16,Married-civ-spouse,Prof-specialty,Husband,White,Male,7688,0,60,United-States,51097
38,Private,13,Married-civ-spouse,Exec-managerial,Husband,White,Male,7688,0,55,United-States,78685
46,Federal-gov,13,Married-civ-spouse,Prof-specialty,Husband,White,Male,7688,0,45,United-States,158389
36,Private,13,Married-civ-spouse,Prof-specialty,Husband,White,Male,7688,0,40,United-States,50001
39,Self-emp-inc,13,Married-civ-spouse,Sales,Husband,Asian-Pac-Islander,Male,7688,0,40,United-States,50001
37,Private,12,Married-civ-spouse,Exec-managerial,Husband,White,Male,7688,0,50,United-States,64505
48,Private,9,Married-civ-spouse,Craft-repair,Husband,White,Male,7688,0,70,United-States,92646
41,Private,13,Married-civ-spouse,Prof-specialty,Husband,White,Male,7688,0,55,United-States,51296
54,Private,13,Married-civ-spouse,Sales,Husband,White,Male,7688,0,50,United-States,134177
42,Private,14,Married-civ-spouse,Prof-specialty,Husband,White,Male,7688,0,40,United-States,109956
40,Private,9,Married-civ-spouse,Exec-managerial,Husband,White,Male,7688,0,50,United-States,50001
40,Local-gov,13,Married-civ-spouse,Prof-specialty,Husband,White,Male,7688,0,40,United-States,129050
25,Private,11,Married-civ-spouse,Prof-specialty,Wife,White,Female,7688,0,40,United-States,120662
34,Private,13,Married-civ-spouse,Other-service,Wife,Asian-Pac-Islander,Female,7688,0,50,Philippines,137737
51,Private,9,Married-civ-spouse,Adm-clerical,Wife,White,Female,7688,0,40,United-States,123815
40,Private,12,Married-civ-spouse,Prof-specialty,Husband,White,Male,7688,0,40,United-States,250000
34,Private,10,Married-civ-spouse,Prof-specialty,Wife,White,Female,7688,0,6,United-States,143067
29,Private,12,Married-civ-spouse,Sales,Wife,Other,Female,7688,0,45,United-States,50001
57,Private,8,Married-civ-spouse,Transport-moving,Husband,Black,Male,7688,0,40,United-States,82064
63,Private,13,Married-civ-spouse,Transport-moving,Husband,White,Male,7688,0,54,United-States,68893
45,Local-gov,10,Married-civ-spouse,Prof-specialty,Husband,White,Male,7688,0,50,United-States,50001
45,Private,8,Married-civ-spouse,Sales,Husband,White,Male,7688,0,40,United-States,50001
41,Self-emp-inc,13,Married-civ-spouse,Exec-managerial,Husband,White,Male,7688,0,40,United-States,71633
58,Self-emp-inc,13,Married-civ-spouse,Exec-managerial,Husband,White,Male,7688,0,30,United-States,84302
38,Private,8,Married-civ-spouse,Craft-repair,Husband,White,Male,7688,0,40,United-States,61205
47,Private,10,Married-civ-spouse,Craft-repair,Husband,White,Male,7688,0,55,United-States,202538
44,Self-emp-inc,10,Married-civ-spouse,Exec-managerial,Husband,White,Male,7688,0,45,United-States,69315
47,Private,14,Married-civ-spouse,Prof-specialty,Wife,White,Female,7688,0,40,United-States,67799
44,Private,14,Married-civ-spouse,Prof-specialty,Husband,White,Male,7688,0,55,United-States,50001
38,State-gov,16,Married-civ-spouse,Prof-specialty,Wife,White,Female,7688,0,40,United-States,50001
33,Private,13,Married-civ-spouse,Sales,Husband,White,Male,7688,0,50,United-States,57235
34,Private,9,Married-civ-spouse,Craft-repair,Husband,White,Male,7688,0,40,United-States,54162
53,Self-emp-not-inc,2,Married-civ-spouse,Exec-managerial,Husband,White,Male,7688,0,67,Italy,111534
51,Private,13,Married-civ-spouse,Adm-clerical,Wife,White,Female,7688,0,20,United-States,100527
50,Self-emp-inc,13,Married-civ-spouse,Exec-managerial,Husband,Asian-Pac-Islander,Male,7688,0,50,Japan,50001
32,Self-emp-not-inc,15,Married-civ-spouse,Prof-specialty,Husband,White,Male,7688,0,45,United-States,50001
42,Private,9,Married-civ-spouse,Craft-repair,Husband,Black,Male,7688,0,45,United-States,75491
55,Private,12,Married-civ-spouse,Craft-repair,Husband,Black,Male,7688,0,40,United-States,53270
50,Self-emp-not-inc,14,Married-civ-spouse,Sales,Husband,White,Male,7688,0,55,United-States,50001
28,Private,7,Married-civ-spouse,Handlers-cleaners,Husband,White,Male,7688,0,40,United-States,100129
46,Private,10,Married-civ-spouse,Craft-repair,Husband,White,Male,7688,0,40,United-States,77503
39,Private,15,Married-civ-spouse,Craft-repair,Husband,White,Male,7688,0,40,United-States,120563
37,Private,14,Married-civ-spouse,Adm-clerical,Husband,White,Male,7688,0,50,United-States,53221
40,Private,13,Married-civ-spouse,Other-service,Wife,Asian-Pac-Islander,Female,7688,0,52,Japan,52198
40,Private,14,Married-civ-spouse,Prof-specialty,Husband,White,Male,7688,0,40,United-States,56746
54,Private,9,Married-civ-spouse,Craft-repair,Husband,White,Male,7688,0,40,United-States,53057
41,Private,13,Married-civ-spouse,Prof-specialty,Wife,White,Female,7688,0,10,United-States,104004
50,Private,9,Married-civ-spouse,Craft-repair,Husband,White,Male,7688,0,40,United-States,50001
41,Private,9,Married-civ-spouse,Prof-specialty,Husband,White,Male,7688,0,43,United-States,50001
44,Private,13,Married-civ-spouse,Sales,Husband,White,Male,7688,0,40,United-States,70622
48,Self-emp-inc,16,Married-civ-spouse,Prof-specialty,Husband,White,Male,7688,0,55,United-States,163310
55,Private,9,Married-civ-spouse,Craft-repair,Husband,White,Male,7688,0,40,United-States,118091
48,Private,11,Married-civ-spouse,Craft-repair,Husband,White,Male,7688,0,40,United-States,67525
45,Local-gov,14,Married-civ-spouse,Exec-managerial,Husband,White,Male,7688,0,50,United-States,60035
39,Private,13,Married-civ-spouse,Prof-specialty,Wife,White,Female,7688,0,20,United-States,82067
50,Self-emp-not-inc,9,Married-civ-spouse,Exec-managerial,Husband,White,Male,7688,0,50,United-States,50001
28,Local-gov,14,Married-civ-spouse,Prof-specialty,Wife,White,Female,7688,0,35,United-States,119611
57,Private,10,Married-civ-spouse,Exec-managerial,Husband,White,Male,7688,0,45,United-States,172504
32,Self-emp-inc,13,Married-civ-spouse,Sales,Husband,White,Male,7688,0,55,Mexico,56484
37,Private,7,Married-civ-spouse,Handlers-cleaners,Husband,Black,Male,7688,0,40,United-States,66795
51,Federal-gov,9,Married-civ-spouse,Transport-moving,Husband,White,Male,7688,0,40,United-States,50001
54,Self-emp-inc,13,Married-civ-spouse,Machine-op-inspct,Husband,Asian-Pac-Islander,Male,7688,0,40,United-States,102127
37,Private,13,Married-civ-spouse,Exec-managerial,Wife,White,Female,7688,0,45,United-States,90089
39,Private,13,Married-civ-spouse,Prof-specialty,Wife,White,Female,7688,0,32,United-States,80538
30,Private,10,Married-civ-spouse,Prof-specialty,Husband,White,Male,7688,0,40,United-States,136755
46,Local-gov,9,Married-civ-spouse,Protective-serv,Husband,White,Male,7688,0,96,United-States,115459
40,Federal-gov,13,Married-civ-spouse,Prof-specialty,Husband,White,Male,7688,0,66,United-States,118768
38,State-gov,10,Married-civ-spouse,Protective-serv,Husband,White,Male,7688,0,40,United-States,129384
39,Self-emp-not-inc,10,Married-civ-spouse,Sales,Husband,White,Male,7688,0,50,United-States,50001
50,Local-gov,10,Married-civ-spouse,Craft-repair,Husband,White,Male,7688,0,40,United-States,54945
60,Self-emp-inc,13,Married-civ-spouse,Prof-specialty,Husband,White,Male,7688,0,40,United-States,144305
42,Private,13,Married-civ-spouse,Prof-specialty,Husband,White,Male,7688,0,40,United-States,98618
50,Self-emp-not-inc,14,Married-civ-spouse,Sales,Husband,White,Male,7688,0,45,United-States,50892
44,Local-gov,11,Married-civ-spouse,Craft-repair,Husband,White,Male,7688,0,40,United-States,135683
51,Private,13,Married-civ-spouse,Exec-managerial,Husband,White,Male,7688,0,40,United-States,85266
51,State-gov,16,Married-civ-spouse,Exec-managerial,Husband,White,Male,7688,0,55,United-States,76719
47,Private,10,Married-civ-spouse,Prof-specialty,Husband,White,Male,7688,0,40,United-States,50001
53,Self-emp-not-inc,13,Married-civ-spouse,Exec-managerial,Husband,Asian-Pac-Islander,Male,7688,0,20,China,106017
41,Private,13,Married-civ-spouse,Sales,Husband,White,Male,7688,0,50,United-States,74313
29,Federal-gov,13,Married-civ-spouse,Exec-managerial,Husband,White,Male,7688,0,40,United-States,112697
46,Private,14,Married-civ-spouse,Prof-specialty,Husband,White,Male,7688,0,46,United-States,72004
44,Private,10,Married-civ-spouse,Craft-repair,Husband,White,Male,7688,0,45,United-States,166005
38,Private,13,Married-civ-spouse,Craft-repair,Wife,Other,Female,7688,0,50,United-States,82308
49,Private,13,Married-civ-spouse,Exec-managerial,Husband,White,Male,7688,0,66,United-States,116045
51,Private,13,Married-civ-spouse,Sales,Husband,White,Male,7688,0,50,United-States,126197
41,Private,13,Married-civ-spouse,Exec-managerial,Husband,White,Male,7688,0,45,United-States,107346
54,Private,14,Married-civ-spouse,Transport-moving,Husband,White,Male,7688,0,60,United-States,56784
60,Private,9,Married-civ-spouse,Machine-op-inspct,Husband,White,Male,7688,0,40,United-States,50001
40,Private,10,Married-civ-spouse,Exec-managerial,Wife,White,Female,7688,0,40,United-States,98401
54,Local-gov,14,Married-civ-spouse,Prof-specialty,Husband,White,Male,7688,0,40,United-States,50001
42,Private,13,Married-civ-spouse,Prof-specialty,Husband,White,Male,7688,0,40,United-States,50001
38,Private,10,Married-civ-spouse,Craft-repair,Husband,White,Male,7688,0,40,United-States,152629
34,Private,11,Married-civ-spouse,Craft-repair,Husband,White,Male,7688,0,40,United-States,50001
34,Private,10,Married-civ-spouse,Exec-managerial,Wife,White,Female,7688,0,50,United-States,107066
56,Federal-gov,13,Married-civ-spouse,Exec-managerial,Husband,White,Male,7688,0,40,United-States,68731
38,Private,9,Married-civ-spouse,Exec-managerial,Husband,White,Male,7688,0,70,United-States,191689
35,Private,15,Married-civ-spouse,Prof-specialty,Husband,White,Male,7688,0,50,United-States,103543
43,Private,10,Married-civ-spouse,Sales,Husband,White,Male,7688,0,40,United-States,50001
50,Self-emp-not-inc,10,Married-civ-spouse,Farming-fishing,Husband,White,Male,7688,0,40,United-States,52096
35,Private,10,Married-civ-spouse,Prof-specialty,Husband,White,Male,7688,0,38,United-States,50001
61,Private,4,Married-civ-spouse,Craft-repair,Husband,White,Male,7688,0,40,Poland,169800
45,Self-emp-not-inc,9,Married-civ-spouse,Craft-repair,Husband,White,Male,7688,0,50,United-States,50001
36,Private,14,Married-civ-spouse,Sales,Husband,White,Male,7688,0,50,United-States,50001
40,Private,12,Married-civ-spouse,Sales,Husband,White,Male,7688,0,50,United-States,50001
49,Local-gov,13,Married-civ-spouse,Prof-specialty,Wife,White,Female,7688,0,30,United-States,89928
36,Private,10,Married-civ-spouse,Sales,Husband,Black,Male,7688,0,50,United-States,142695
52,Private,9,Married-civ-spouse,Prof-specialty,Husband,White,Male,7688,0,40,United-States,50001
53,Private,10,Married-civ-spouse,Craft-repair,Husband,Black,Male,7688,0,40,United-States,124166
29,Private,10,Married-civ-spouse,Protective-serv,Husband,White,Male,7688,0,54,United-States,50001
56,Private,10,Married-civ-spouse,Exec-managerial,Wife,White,Female,7688,0,50,United-States,55590
41,Private,9,Married-civ-spouse,Craft-repair,Husband,White,Male,7688,0,38,United-States,50001
30,Private,13,Married-civ-spouse,Prof-specialty,Husband,White,Male,7688,0,50,United-States,130172
58,Private,9,Married-civ-spouse,Sales,Husband,White,Male,7688,0,40,United-States,60113
45,Self-emp-inc,15,Married-civ-spouse,Exec-managerial,Husband,Asian-Pac-Islander,Male,7688,0,40,United-States,51485
52,Self-emp-not-inc,9,Married-civ-spouse,Sales,Husband,White,Male,7688,0,55,United-States,50001
42,Private,9,Married-civ-spouse,Prof-specialty,Husband,White,Male,7688,0,50,United-States,109404
38,Private,13,Married-civ-spouse,Prof-specialty,Husband,White,Male,7688,0,45,United-States,52285
30,Self-emp-inc,13,Married-civ-spouse,Sales,Husband,White,Male,7688,0,50,United-States,92025
50,Private,14,Married-civ-spouse,Prof-specialty,Husband,White,Male,7688,0,50,United-States,50001
54,Private,10,Married-civ-spouse,Tech-support,Husband,White,Male,7688,0,40,United-States,50001
48,Federal-gov,13,Married-civ-spouse,Adm-clerical,Wife,White,Female,7688,0,40,United-States,68727
54,Self-emp-inc,13,Married-civ-spouse,Exec-managerial,Husband,White,Male,7688,0,40,United-States,90803
46,Private,13,Married-civ-spouse,Prof-specialty,Husband,White,Male,7688,0,45,United-States,61080
42,Private,13,Married-civ-spouse,Exec-managerial,Husband,White,Male,7688,0,40,United-States,66989
63,Self-emp-not-inc,4,Married-civ-spouse,Farming-fishing,Husband,White,Male,7688,0,60,United-States,105821
51,Private,14,Married-civ-spouse,Prof-specialty,Husband,White,Male,7688,0,45,United-States,86408
39,Federal-gov,9,Married-civ-spouse,Adm-clerical,Husband,Black,Male,7688,0,52,United-States,68843
29,Local-gov,11,Married-civ-spouse,Protective-serv,Husband,White,Male,7688,0,40,United-States,57760
35,Private,13,Married-civ-spouse,Exec-managerial,Husband,White,Male,7688,0,50,United-States,50001
41,Self-emp-inc,13,Married-civ-spouse,Exec-managerial,Husband,White,Male,7688,0,70,United-States,74471
38,Private,9,Married-civ-spouse,Exec-managerial,Wife,White,Female,7688,0,40,United-States,50001
39,Private,14,Married-civ-spouse,Exec-managerial,Husband,White,Male,7688,0,65,United-States,92716
40,Federal-gov,15,Married-civ-spouse,Prof-specialty,Husband,White,Male,7688,0,40,United-States,62607
44,Private,13,Married-civ-spouse,Sales,Husband,White,Male,7688,0,50,United-States,62681
38,State-gov,13,Married-civ-spouse,Prof-specialty,Husband,Asian-Pac-Islander,Male,7688,0,60,India,79282
47,Private,13,Married-civ-spouse,Machine-op-inspct,Husband,White,Male,7688,0,44,United-States,111068
37,Private,13,Married-civ-spouse,Prof-specialty,Husband,White,Male,7688,0,39,United-States,50001
39,Private,14,Married-civ-spouse,Prof-specialty,Husband,White,Male,7688,0,45,United-States,52395
28,Local-gov,11,Married-civ-spouse,Prof-specialty,Wife,White,Female,7688,0,36,United-States,59955
33,Private,9,Married-civ-spouse,Protective-serv,Husband,White,Male,7688,0,48,United-States,71619
42,Private,10,Married-civ-spouse,Craft-repair,Husband,White,Male,7688,0,40,United-States,73716
32,Self-emp-not-inc,13,Married-civ-spouse,Prof-specialty,Husband,White,Male,7688,0,40,United-States,131576
34,Self-emp-inc,13,Married-civ-spouse,Exec-managerial,Husband,White,Male,7688,0,55,United-States,222059
58,Local-gov,14,Married-civ-spouse,Prof-specialty,Husband,Black,Male,7688,0,30,United-States,128013
42,Private,10,Married-civ-spouse,Transport-moving,Husband,Black,Male,7688,0,45,United-States,50109
39,Private,11,Married-civ-spouse,Craft-repair,Husband,White,Male,7688,0,40,United-States,55856
31,Federal-gov,14,Married-civ-spouse,Exec-managerial,Husband,White,Male,7688,0,60,United-States,111002
40,Private,11,Married-civ-spouse,Exec-managerial,Husband,White,Male,7688,0,44,United-States,50001
35,Private,13,Married-civ-spouse,Other-service,Husband,Amer-Indian-Eskimo,Male,7688,0,20,United-States,69339
34,Private,9,Separated,Adm-clerical,Unmarried,White,Female,7443,0,35,United-States,18860
38,Private,10,Divorced,Adm-clerical,Not-in-family,White,Female,7443,0,40,United-States,24448
41,Private,9,Divorced,Transport-moving,Unmarried,White,Male,7443,0,40,United-States,19235
35,Private,10,Divorced,Prof-specialty,Unmarried,White,Female,7443,0,40,United-States,27925
34,Private,9,Never-married,Handlers-cleaners,Unmarried,White,Female,7443,0,35,United-States,18748
37,Private,13,Divorced,Exec-managerial,Unmarried,White,Female,7430,0,45,United-States,146836
42,Local-gov,7,Divorced,Sales,Unmarried,White,Male,7430,0,50,Puerto-Rico,77237
35,Private,13,Divorced,Tech-support,Unmarried,White,Male,7430,0,40,Germany,96030
41,Local-gov,14,Divorced,Prof-specialty,Unmarried,White,Female,7430,0,36,United-States,160790
49,State-gov,14,Divorced,Prof-specialty,Unmarried,Black,Female,7430,0,40,United-States,50001
41,Private,13,Divorced,Tech-support,Unmarried,Black,Male,7430,0,45,United-States,83679
45,Private,14,Divorced,Exec-managerial,Unmarried,White,Male,7430,0,70,United-States,50001
42,Self-emp-not-inc,15,Divorced,Prof-specialty,Unmarried,White,Female,7430,0,44,United-States,86218
42,Self-emp-not-inc,15,Divorced,Prof-specialty,Unmarried,White,Male,7430,0,40,United-States,50001
35,Private,14,Married-civ-spouse,Prof-specialty,Other-relative,White,Male,7298,0,40,United-States,61814
36,Private,13,Married-civ-spouse,Other-service,Husband,Black,Male,7298,0,36,United-States,61484
44,Private,10,Married-civ-spouse,Craft-repair,Husband,White,Male,7298,0,40,United-States,169200
24,Private,10,Married-civ-spouse,Machine-op-inspct,Wife,White,Female,7298,0,48,United-States,141836
34,Private,14,Married-civ-spouse,Exec-managerial,Husband,Asian-Pac-Islander,Male,7298,0,35,Taiwan,59774
38,Private,11,Married-civ-spouse,Craft-repair,Husband,White,Male,7298,0,40,United-States,119805
36,State-gov,9,Married-civ-spouse,Protective-serv,Husband,White,Male,7298,0,40,United-States,50001
42,Private,13,Married-civ-spouse,Exec-managerial,Husband,White,Male,7298,0,45,United-States,50001
30,Private,13,Married-civ-spouse,Adm-clerical,Husband,White,Male,7298,0,40,United-States,55409
42,Private,10,Married-civ-spouse,Exec-managerial,Husband,White,Male,7298,0,52,United-States,250000
50,Self-emp-inc,9,Married-civ-spouse,Exec-managerial,Husband,White,Male,7298,0,40,United-States,227440
35,Private,16,Married-civ-spouse,Prof-specialty,Husband,White,Male,7298,0,40,United-States,78178
40,Private,12,Married-civ-spouse,Prof-specialty,Husband,White,Male,7298,0,36,United-States,50261
38,Private,13,Married-civ-spouse,Sales,Husband,White,Male,7298,0,40,United-States,79113
35,Private,11,Married-civ-spouse,Exec-managerial,Husband,White,Male,7298,0,50,United-States,81017
41,Private,9,Married-civ-spouse,Exec-managerial,Husband,White,Male,7298,0,40,United-States,71526
29,Private,14,Married-civ-spouse,Sales,Husband,White,Male,7298,0,40,United-States,50001
36,Private,10,Married-civ-spouse,Craft-repair,Husband,White,Male,7298,0,44,United-States,90980
60,Private,9,Married-civ-spouse,Craft-repair,Husband,White,Male,7298,0,40,United-States,73417
50,Private,13,Married-civ-spouse,Transport-moving,Husband,White,Male,7298,0,40,United-States,62939
41,Private,13,Married-civ-spouse,Exec-managerial,Husband,White,Male,7298,0,50,United-States,123151
52,Federal-gov,9,Married-civ-spouse,Exec-managerial,Husband,White,Male,7298,0,40,United-States,50001
37,Private,10,Married-civ-spouse,Adm-clerical,Wife,White,Female,7298,0,45,United-States,50001
39,Private,9,Married-civ-spouse,Craft-repair,Husband,White,Male,7298,0,50,United-States,66514
33,Private,9,Married-civ-spouse,Sales,Husband,White,Male,7298,0,45,United-States,98575
34,Private,13,Married-civ-spouse,Sales,Husband,White,Male,7298,0,60,United-States,123778
31,Private,13,Married-civ-spouse,Adm-clerical,Husband,White,Male,7298,0,50,United-States,89175
59,Private,11,Married-civ-spouse,Tech-support,Husband,White,Male,7298,0,40,United-States,124207
41,Private,10,Married-civ-spouse,Craft-repair,Husband,Amer-Indian-Eskimo,Male,7298,0,50,United-States,101451
39,Private,9,Married-civ-spouse,Transport-moving,Husband,White,Male,7298,0,48,United-States,80281
51,Private,9,Married-civ-spouse,Transport-moving,Husband,White,Male,7298,0,60,United-States,71446
46,Self-emp-inc,13,Married-civ-spouse,Machine-op-inspct,Husband,White,Male,7298,0,40,United-States,113143
38,Private,10,Married-civ-spouse,Transport-moving,Husband,White,Male,7298,0,50,United-States,79881
33,Private,10,Married-civ-spouse,Craft-repair,Husband,White,Male,7298,0,50,United-States,250000
25,Private,9,Married-civ-spouse,Exec-managerial,Husband,White,Male,7298,0,84,United-States,98938
35,Private,9,Married-civ-spouse,Craft-repair,Husband,White,Male,7298,0,40,United-States,50001
52,Private,9,Married-civ-spouse,Sales,Husband,White,Male,7298,0,50,United-States,57356
25,Self-emp-not-inc,9,Married-civ-spouse,Craft-repair,Husband,White,Male,7298,0,40,United-States,92491
49,Local-gov,10,Married-civ-spouse,Handlers-cleaners,Husband,White,Male,7298,0,40,United-States,125287
39,Private,13,Married-civ-spouse,Sales,Husband,White,Male,7298,0,55,United-States,50001
43,Private,10,Married-civ-spouse,Sales,Husband,White,Male,7298,0,40,United-States,67266
42,Private,10,Married-civ-spouse,Craft-repair,Husband,White,Male,7298,0,45,United-States,71955
53,Private,14,Married-civ-spouse,Sales,Husband,White,Male,7298,0,60,United-States,50001
51,Private,11,Married-civ-spouse,Tech-support,Husband,White,Male,7298,0,40,United-States,73933
34,Private,10,Married-civ-spouse,Exec-managerial,Husband,White,Male,7298,0,40,United-States,68102
50,Private,9,Married-civ-spouse,Adm-clerical,Husband,White,Male,7298,0,45,United-States,111024
50,Local-gov,14,Married-civ-spouse,Prof-specialty,Husband,White,Male,7298,0,40,United-States,81247
36,Private,9,Married-civ-spouse,Transport-moving,Husband,White,Male,7298,0,50,United-States,90151
32,Private,9,Married-civ-spouse,Sales,Husband,White,Male,7298,0,40,United-States,65726
58,Local-gov,9,Married-civ-spouse,Exec-managerial,Husband,White,Male,7298,0,40,United-States,80269
47,Private,9,Married-civ-spouse,Sales,Husband,White,Male,7298,0,45,United-States,50001
31,State-gov,16,Married-civ-spouse,Exec-managerial,Husband,White,Male,7298,0,55,United-States,159199
36,Private,3,Married-civ-spouse,Machine-op-inspct,Husband,White,Male,7298,0,40,Mexico,60112
36,Private,9,Married-civ-spouse,Transport-moving,Husband,White,Male,7298,0,60,United-States,140936
54,Local-gov,14,Married-civ-spouse,Adm-clerical,Husband,White,Male,7298,0,40,United-States,59139
43,Federal-gov,13,Married-civ-spouse,Adm-clerical,Husband,White,Male,7298,0,40,United-States,121761
37,Local-gov,10,Married-civ-spouse,Tech-support,Wife,White,Female,7298,0,36,United-States,93760
35,Private,13,Married-civ-spouse,Prof-specialty,Wife,White,Female,7298,0,8,United-States,154639
39,Self-emp-inc,13,Married-civ-spouse,Exec-managerial,Husband,White,Male,7298,0,40,United-States,55903
57,Self-emp-inc,3,Married-civ-spouse,Exec-managerial,Husband,White,Male,7298,0,84,United-States,57156
39,Private,9,Married-civ-spouse,Craft-repair,Husband,White,Male,7298,0,40,United-States,104956
24,Private,10,Married-civ-spouse,Adm-clerical,Husband,White,Male,7298,0,40,United-States,60881
37,Self-emp-not-inc,13,Married-civ-spouse,Exec-managerial,Husband,Other,Male,7298,0,50,Puerto-Rico,192462
35,State-gov,9,Married-civ-spouse,Craft-repair,Husband,White,Male,7298,0,40,United-States,50001
39,Private,9,Married-civ-spouse,Exec-managerial,Husband,White,Male,7298,0,40,United-States,50001
48,Self-emp-inc,13,Married-civ-spouse,Exec-managerial,Husband,White,Male,7298,0,50,United-States,65517
59,Private,12,Married-civ-spouse,Craft-repair,Husband,White,Male,7298,0,20,United-States,53680
48,Self-emp-not-inc,10,Married-civ-spouse,Farming-fishing,Husband,White,Male,7298,0,60,United-States,81105
38,Private,9,Married-civ-spouse,Craft-repair,Husband,White,Male,7298,0,50,United-States,50215
47,Self-emp-not-inc,9,Married-civ-spouse,Machine-op-inspct,Husband,White,Male,7298,0,40,United-States,50001
60,Local-gov,13,Married-civ-spouse,Prof-specialty,Husband,White,Male,7298,0,40,United-States,52115
48,Private,13,Married-civ-spouse,Exec-managerial,Husband,White,Male,7298,0,60,United-States,58511
32,Private,11,Married-civ-spouse,Prof-specialty,Husband,White,Male,7298,0,42,United-States,61043
54,Private,14,Married-civ-spouse,Prof-specialty,Husband,Asian-Pac-Islander,Male,7298,0,40,India,50001
28,Self-emp-not-inc,10,Married-civ-spouse,Craft-repair,Husband,White,Male,7298,0,40,United-States,68640
44,Private,13,Married-civ-spouse,Exec-managerial,Husband,White,Male,7298,0,48,United-States,133625
45,Private,9,Married-civ-spouse,Handlers-cleaners,Husband,Black,Male,7298,0,40,United-States,102026
51,Private,10,Married-civ-spouse,Craft-repair,Husband,White,Male,7298,0,40,United-States,87173
37,Federal-gov,13,Married-civ-spouse,Adm-clerical,Husband,Asian-Pac-Islander,Male,7298,0,40,Philippines,77807
38,State-gov,14,Married-civ-spouse,Exec-managerial,Husband,White,Male,7298,0,60,United-States,128603
49,Federal-gov,13,Married-civ-spouse,Exec-managerial,Husband,White,Male,7298,0,40,United-States,50001
47,Private,10,Married-civ-spouse,Tech-support,Husband,White,Male,7298,0,40,United-States,50001
51,Private,10,Married-civ-spouse,Machine-op-inspct,Husband,White,Male,7298,0,40,United-States,71950
46,Private,8,Married-civ-spouse,Craft-repair,Husband,White,Male,7298,0,40,United-States,86884
36,Private,10,Married-civ-spouse,Exec-managerial,Husband,White,Male,7298,0,40,United-States,54113
53,Private,14,Married-civ-spouse,Prof-specialty,Husband,White,Male,7298,0,40,United-States,96349
45,Private,14,Married-civ-spouse,Exec-managerial,Husband,White,Male,7298,0,50,United-States,94995
34,Federal-gov,13,Married-civ-spouse,Protective-serv,Husband,White,Male,7298,0,54,United-States,108336
41,Private,9,Married-civ-spouse,Sales,Husband,White,Male,7298,0,50,United-States,50001
38,Self-emp-inc,10,Married-civ-spouse,Exec-managerial,Husband,White,Male,7298,0,40,United-States,68463
57,Private,13,Married-civ-spouse,Prof-specialty,Husband,White,Male,7298,0,40,United-States,136406
46,Private,13,Married-civ-spouse,Exec-managerial,Husband,White,Male,7298,0,65,United-States,107933
53,Private,13,Married-civ-spouse,Adm-clerical,Husband,White,Male,7298,0,40,United-States,91227
37,Private,11,Married-civ-spouse,Adm-clerical,Husband,White,Male,7298,0,40,United-States,56647
50,Private,14,Married-civ-spouse,Exec-managerial,Husband,Asian-Pac-Islander,Male,7298,0,40,Philippines,198879
40,Private,13,Married-civ-spouse,Exec-managerial,Husband,White,Male,7298,0,40,United-States,89408
33,Private,11,Married-civ-spouse,Craft-repair,Husband,White,Male,7298,0,40,United-States,50001
29,Private,13,Married-civ-spouse,Other-service,Husband,White,Male,7298,0,42,United-States,105438
42,Private,9,Married-civ-spouse,Machine-op-inspct,Wife,White,Female,7298,0,40,United-States,50001
44,Private,13,Married-civ-spouse,Craft-repair,Husband,White,Male,7298,0,40,United-States,186169
34,Private,11,Married-civ-spouse,Prof-specialty,Husband,White,Male,7298,0,45,United-States,55076
38,Private,13,Married-civ-spouse,Exec-managerial,Husband,White,Male,7298,0,50,United-States,91256
64,Self-emp-not-inc,9,Married-civ-spouse,Farming-fishing,Husband,White,Male,7298,0,45,United-States,50001
36,Self-emp-not-inc,4,Married-civ-spouse,Machine-op-inspct,Husband,White,Male,7298,0,45,United-States,50001
37,Private,10,Married-civ-spouse,Sales,Wife,White,Female,7298,0,40,United-States,50001
48,Local-gov,9,Married-civ-spouse,Exec-managerial,Husband,Black,Male,7298,0,38,United-States,116412
47,Private,7,Married-civ-spouse,Craft-repair,Husband,White,Male,7298,0,40,United-States,50001
42,Private,15,Married-civ-spouse,Prof-specialty,Husband,White,Male,7298,0,35,United-States,87272
51,State-gov,16,Married-civ-spouse,Exec-managerial,Husband,White,Male,7298,0,40,United-States,110200
45,State-gov,13,Married-civ-spouse,Exec-managerial,Husband,White,Male,7298,0,40,United-States,76781
33,Private,9,Married-civ-spouse,Exec-managerial,Husband,White,Male,7298,0,45,United-States,95850
43,Self-emp-not-inc,10,Married-civ-spouse,Sales,Husband,White,Male,7298,0,50,Mexico,66992
40,Local-gov,10,Married-civ-spouse,Protective-serv,Husband,White,Male,7298,0,40,United-States,63983
51,Private,9,Married-civ-spouse,Tech-support,Husband,White,Male,7298,0,50,United-States,128311
38,Private,13,Married-civ-spouse,Adm-clerical,Husband,White,Male,7298,0,50,United-States,50001
36,Private,9,Married-civ-spouse,Craft-repair,Husband,White,Male,7298,0,40,United-States,99061
60,Local-gov,13,Married-civ-spouse,Protective-serv,Husband,White,Male,7298,0,48,United-States,168965
54,Private,9,Married-civ-spouse,Adm-clerical,Husband,White,Male,7298,0,60,United-States,58233
41,Private,10,Married-civ-spouse,Machine-op-inspct,Husband,White,Male,7298,0,42,United-States,78929
42,Private,11,Married-civ-spouse,Exec-managerial,Wife,White,Female,7298,0,35,United-States,101210
50,Private,13,Married-civ-spouse,Exec-managerial,Husband,White,Male,7298,0,50,United-States,142090
52,Federal-gov,12,Married-civ-spouse,Other-service,Husband,White,Male,7298,0,40,United-States,116558
38,Private,10,Married-civ-spouse,Sales,Husband,White,Male,7298,0,40,United-States,74311
59,Private,14,Married-civ-spouse,Sales,Husband,White,Male,7298,0,55,United-States,116028
36,Private,13,Married-civ-spouse,Exec-managerial,Husband,White,Male,7298,0,50,United-States,168139
55,Private,13,Married-civ-spouse,Prof-specialty,Husband,White,Male,7298,0,40,United-States,66068
39,Local-gov,14,Married-civ-spouse,Prof-specialty,Husband,White,Male,7298,0,40,United-States,50001
40,Federal-gov,13,Married-civ-spouse,Adm-clerical,Husband,White,Male,7298,0,48,United-States,75123
41,Private,11,Married-civ-spouse,Other-service,Husband,Asian-Pac-Islander,Male,7298,0,60,India,50001
38,Private,10,Married-civ-spouse,Transport-moving,Husband,White,Male,7298,0,60,United-States,71206
32,Private,9,Married-civ-spouse,Transport-moving,Husband,White,Male,7298,0,40,United-States,119283
60,Self-emp-inc,13,Married-civ-spouse,Exec-managerial,Husband,White,Male,7298,0,60,United-States,66968
50,Federal-gov,13,Married-civ-spouse,Exec-managerial,Husband,White,Male,7298,0,40,United-States,197791
62,Private,11,Married-civ-spouse,Prof-specialty,Husband,White,Male,7298,0,50,United-States,78106
49,Private,9,Married-civ-spouse,Machine-op-inspct,Husband,White,Male,7298,0,43,United-States,63188
46,State-gov,9,Married-civ-spouse,Other-service,Husband,Black,Male,7298,0,40,United-States,117924
44,Private,11,Married-civ-spouse,Adm-clerical,Husband,White,Male,7298,0,51,United-States,50001
30,Private,13,Married-civ-spouse,Sales,Husband,White,Male,7298,0,50,United-States,50001
61,Local-gov,14,Married-civ-spouse,Exec-managerial,Husband,White,Male,7298,0,60,United-States,55123
31,Private,9,Married-civ-spouse,Craft-repair,Husband,White,Male,7298,0,40,United-States,72369
53,Private,10,Married-civ-spouse,Transport-moving,Husband,White,Male,7298,0,45,United-States,50001
36,Self-emp-not-inc,13,Married-civ-spouse,Exec-managerial,Husband,White,Male,7298,0,40,United-States,91921
40,Private,10,Married-civ-spouse,Adm-clerical,Wife,White,Female,7298,0,40,United-States,82041
30,Federal-gov,10,Married-civ-spouse,Adm-clerical,Husband,White,Male,7298,0,48,Cuba,50001
50,Local-gov,9,Married-civ-spouse,Adm-clerical,Wife,White,Female,7298,0,30,United-States,110676
63,Private,10,Married-civ-spouse,Sales,Husband,White,Male,7298,0,48,United-States,54485
38,Self-emp-not-inc,13,Married-civ-spouse,Sales,Husband,White,Male,7298,0,50,United-States,94855
33,Self-emp-not-inc,13,Married-civ-spouse,Sales,Husband,White,Male,7298,0,80,United-States,60321
45,Private,9,Married-civ-spouse,Adm-clerical,Husband,Black,Male,7298,0,40,United-States,158135
41,Federal-gov,10,Married-civ-spouse,Transport-moving,Wife,White,Female,7298,0,40,United-States,50001
37,Local-gov,13,Married-civ-spouse,Adm-clerical,Husband,White,Male,7298,0,40,United-States,50001
35,Local-gov,9,Married-civ-spouse,Protective-serv,Husband,Black,Male,7298,0,35,United-States,94259
33,Private,14,Married-civ-spouse,Exec-managerial,Husband,White,Male,7298,0,60,Canada,50001
35,Private,13,Married-civ-spouse,Handlers-cleaners,Husband,White,Male,7298,0,35,United-States,72448
35,Self-emp-not-inc,9,Married-civ-spouse,Craft-repair,Husband,White,Male,7298,0,60,United-States,102546
51,Private,9,Married-civ-spouse,Exec-managerial,Husband,White,Male,7298,0,40,United-States,55895
46,Self-emp-not-inc,9,Married-civ-spouse,Sales,Own-child,White,Female,7298,0,40,United-States,62436
44,Federal-gov,11,Married-civ-spouse,Protective-serv,Husband,White,Male,7298,0,48,United-States,56556
34,Private,10,Married-civ-spouse,Exec-managerial,Wife,White,Female,7298,0,40,United-States,50001
36,Private,11,Married-civ-spouse,Exec-managerial,Wife,White,Female,7298,0,55,United-States,73910
35,Local-gov,13,Married-civ-spouse,Sales,Husband,Asian-Pac-Islander,Male,7298,0,40,Philippines,82230
40,Private,10,Married-civ-spouse,Prof-specialty,Husband,White,Male,7298,0,40,United-States,66303
38,Private,13,Married-civ-spouse,Prof-specialty,Husband,White,Male,7298,0,50,United-States,61511
33,Private,10,Married-civ-spouse,Prof-specialty,Wife,White,Female,7298,0,21,United-States,109580
55,Self-emp-not-inc,14,Married-civ-spouse,Prof-specialty,Husband,White,Male,7298,0,40,United-States,50001
28,Private,10,Married-civ-spouse,Adm-clerical,Wife,White,Female,7298,0,32,United-States,182935
43,Federal-gov,9,Married-civ-spouse,Farming-fishing,Husband,White,Male,7298,0,40,United-States,96716
40,Private,9,Married-civ-spouse,Sales,Husband,White,Male,7298,0,45,United-States,50001
51,Self-emp-not-inc,9,Married-civ-spouse,Craft-repair,Husband,White,Male,7298,0,48,United-States,100232
40,Local-gov,14,Married-civ-spouse,Prof-specialty,Husband,White,Male,7298,0,35,United-States,91607
49,Private,9,Married-civ-spouse,Craft-repair,Husband,White,Male,7298,0,40,United-States,50001
39,Local-gov,12,Married-civ-spouse,Craft-repair,Husband,Black,Male,7298,0,40,United-States,84966
27,Private,9,Married-civ-spouse,Machine-op-inspct,Husband,White,Male,7298,0,40,United-States,50001
45,Private,10,Married-civ-spouse,Exec-managerial,Husband,White,Male,7298,0,40,United-States,97257
60,Private,11,Married-civ-spouse,Tech-support,Husband,White,Male,7298,0,40,United-States,91038
60,Private,10,Married-civ-spouse,Sales,Husband,White,Male,7298,0,40,United-States,57209
47,Private,10,Married-civ-spouse,Craft-repair,Husband,White,Male,7298,0,40,United-States,112643
43,Private,13,Married-civ-spouse,Exec-managerial,Husband,White,Male,7298,0,40,United-States,54168
31,Private,10,Married-civ-spouse,Farming-fishing,Husband,White,Male,7298,0,50,United-States,50001
62,Private,10,Married-civ-spouse,Farming-fishing,Husband,White,Male,7298,0,40,United-States,53780
52,Private,10,Married-civ-spouse,Sales,Husband,White,Male,7298,0,45,United-States,50001
34,Private,10,Married-civ-spouse,Machine-op-inspct,Husband,Black,Male,7298,0,40,United-States,129517
44,Private,14,Married-civ-spouse,Prof-specialty,Husband,White,Male,7298,0,40,United-States,57250
49,Local-gov,14,Married-civ-spouse,Prof-specialty,Husband,White,Male,7298,0,40,United-States,76389
50,Private,9,Married-civ-spouse,Transport-moving,Husband,White,Male,7298,0,40,United-States,50001
26,Private,10,Married-civ-spouse,Transport-moving,Husband,White,Male,7298,0,55,United-States,65675
46,Private,10,Married-civ-spouse,Transport-moving,Husband,White,Male,7298,0,45,United-States,77244
45,Local-gov,13,Married-civ-spouse,Farming-fishing,Husband,Asian-Pac-Islander,Male,7298,0,40,United-States,194767
36,State-gov,10,Married-civ-spouse,Exec-managerial,Wife,White,Female,7298,0,39,United-States,105573
41,Self-emp-not-inc,14,Married-civ-spouse,Exec-managerial,Husband,White,Male,7298,0,70,United-States,153687
60,Private,10,Married-civ-spouse,Prof-specialty,Husband,White,Male,7298,0,40,United-States,51716
45,Private,10,Married-civ-spouse,Transport-moving,Husband,White,Male,7298,0,50,United-States,76939
44,Self-emp-not-inc,9,Married-civ-spouse,Craft-repair,Husband,White,Male,7298,0,50,England,50001
34,Private,10,Married-civ-spouse,Prof-specialty,Husband,White,Male,7298,0,50,United-States,50001
51,Private,10,Married-civ-spouse,Adm-clerical,Husband,White,Male,7298,0,40,United-States,50001
35,Federal-gov,13,Married-civ-spouse,Prof-specialty,Husband,White,Male,7298,0,40,United-States,74187
54,Private,10,Married-civ-spouse,Sales,Husband,White,Male,7298,0,50,United-States,111385
53,Private,9,Married-civ-spouse,Craft-repair,Husband,White,Male,7298,0,40,United-States,58816
51,Private,9,Married-civ-spouse,Craft-repair,Husband,White,Male,7298,0,50,United-States,56894
40,Self-emp-not-inc,13,Married-AF-spouse,Prof-specialty,Husband,White,Male,7298,0,50,United-States,168969
42,Private,13,Married-civ-spouse,Prof-specialty,Husband,White,Male,7298,0,45,United-States,50001
50,Self-emp-inc,14,Married-civ-spouse,Prof-specialty,Husband,White,Male,7298,0,50,United-States,86823
51,Private,14,Married-civ-spouse,Exec-managerial,Husband,White,Male,7298,0,50,United-States,124167
33,Private,14,Married-civ-spouse,Exec-managerial,Husband,White,Male,7298,0,45,United-States,50001
48,Private,9,Married-civ-spouse,Prof-specialty,Husband,White,Male,7298,0,40,United-States,135272
40,Private,9,Married-civ-spouse,Craft-repair,Wife,White,Female,7298,0,40,United-States,75986
36,Private,9,Married-civ-spouse,Machine-op-inspct,Husband,White,Male,7298,0,40,United-States,79762
27,Private,13,Married-civ-spouse,Exec-managerial,Husband,White,Male,7298,0,55,United-States,173169
37,Private,13,Married-civ-spouse,Exec-managerial,Husband,White,Male,7298,0,40,United-States,67800
54,Self-emp-inc,13,Married-civ-spouse,Exec-managerial,Husband,White,Male,7298,0,55,United-States,78407
36,Private,14,Married-civ-spouse,Prof-specialty,Husband,White,Male,7298,0,55,United-States,63131
46,Private,13,Married-civ-spouse,Exec-managerial,Husband,White,Male,7298,0,50,United-States,50001
38,Private,13,Married-civ-spouse,Prof-specialty,Husband,White,Male,7298,0,60,United-States,70386
38,Private,10,Married-civ-spouse,Transport-moving,Husband,White,Male,7298,0,43,United-States,92905
45,Private,13,Married-civ-spouse,Craft-repair,Husband,White,Male,7298,0,55,United-States,53494
48,Private,10,Married-civ-spouse,Prof-specialty,Wife,White,Female,7298,0,40,United-States,100137
60,Private,9,Married-civ-spouse,Sales,Husband,White,Male,7298,0,65,United-States,50001
58,Self-emp-inc,10,Married-civ-spouse,Exec-managerial,Husband,White,Male,7298,0,60,United-States,90199
42,Private,13,Married-civ-spouse,Tech-support,Husband,White,Male,7298,0,45,United-States,250000
51,Private,9,Married-civ-spouse,Other-service,Husband,White,Male,7298,0,40,El-Salvador,50001
42,Federal-gov,13,Married-civ-spouse,Exec-managerial,Husband,White,Male,7298,0,50,United-States,132630
44,Private,10,Married-civ-spouse,Prof-specialty,Husband,White,Male,7298,0,45,United-States,225262
32,Private,13,Married-civ-spouse,Exec-managerial,Husband,White,Male,7298,0,45,United-States,59510
60,Federal-gov,10,Married-civ-spouse,Adm-clerical,Husband,White,Male,7298,0,40,United-States,50001
49,Private,10,Married-civ-spouse,Exec-managerial,Husband,White,Male,7298,0,40,United-States,85259
31,State-gov,13,Married-civ-spouse,Prof-specialty,Husband,White,Male,7298,0,55,United-States,104656
45,Private,10,Married-civ-spouse,Transport-moving,Husband,White,Male,7298,0,50,United-States,81045
55,Private,13,Married-civ-spouse,Exec-managerial,Husband,White,Male,7298,0,60,United-States,52217
61,Private,3,Married-civ-spouse,Handlers-cleaners,Husband,Asian-Pac-Islander,Male,7298,0,40,Philippines,176312
57,Local-gov,10,Married-civ-spouse,Handlers-cleaners,Husband,Black,Male,7298,0,40,United-States,76783
47,Private,13,Married-civ-spouse,Adm-clerical,Husband,White,Male,7298,0,40,United-States,96687
40,Private,10,Married-civ-spouse,Craft-repair,Husband,White,Male,7298,0,50,United-States,69261
47,Private,13,Married-civ-spouse,Exec-managerial,Husband,White,Male,7298,0,44,United-States,86901
29,Private,11,Married-civ-spouse,Craft-repair,Husband,Asian-Pac-Islander,Male,7298,0,32,United-States,81707
52,Local-gov,14,Married-civ-spouse,Exec-managerial,Husband,White,Male,7298,0,60,United-States,58025
28,Private,13,Married-civ-spouse,Sales,Husband,White,Male,7298,0,42,United-States,99314
30,Private,9,Married-civ-spouse,Adm-clerical,Wife,White,Female,7298,0,40,United-States,51771
35,Private,14,Married-civ-spouse,Prof-specialty,Husband,Black,Male,7298,0,40,United-States,113810
28,Local-gov,14,Married-civ-spouse,Prof-specialty,Wife,White,Female,7298,0,40,United-States,169364
36,State-gov,13,Married-civ-spouse,Protective-serv,Husband,White,Male,7298,0,55,United-States,123796
41,State-gov,14,Married-civ-spouse,Prof-specialty,Husband,White,Male,7298,0,60,United-States,50001
30,Private,11,Married-civ-spouse,Prof-specialty,Own-child,White,Female,7298,0,16,United-States,74481
45,Private,9,Married-civ-spouse,Craft-repair,Husband,White,Male,7298,0,60,United-States,82049
38,Private,13,Married-civ-spouse,Sales,Husband,White,Male,7298,0,40,United-States,83562
42,Private,13,Married-civ-spouse,Sales,Husband,White,Male,7298,0,40,United-States,50001
48,Self-emp-inc,9,Married-civ-spouse,Craft-repair,Husband,White,Male,7298,0,50,United-States,92493
52,Private,14,Divorced,Prof-specialty,Not-in-family,White,Female,6849,0,60,United-States,34757
24,Private,14,Never-married,Exec-managerial,Own-child,White,Male,6849,0,90,United-States,23222
34,Private,9,Divorced,Craft-repair,Not-in-family,White,Male,6849,0,55,United-States,40603
29,Private,13,Never-married,Sales,Not-in-family,White,Male,6849,0,48,United-States,35353
35,Private,7,Separated,Sales,Not-in-family,White,Female,6849,0,60,United-States,15000
25,Private,13,Never-married,Sales,Not-in-family,White,Female,6849,0,50,United-States,50000
40,Local-gov,10,Divorced,Transport-moving,Unmarried,White,Male,6849,0,40,United-States,34439
28,State-gov,13,Never-married,Prof-specialty,Own-child,White,Male,6849,0,40,United-States,19300
59,Self-emp-not-inc,10,Widowed,Farming-fishing,Not-in-family,White,Female,6849,0,40,United-States,22758
30,Private,10,Divorced,Prof-specialty,Not-in-family,White,Female,6849,0,40,England,50000
26,Private,13,Never-married,Adm-clerical,Not-in-family,White,Male,6849,0,65,United-States,31528
53,Private,9,Widowed,Machine-op-inspct,Not-in-family,White,Male,6849,0,40,United-States,32296
40,Private,9,Never-married,Adm-clerical,Not-in-family,White,Female,6849,0,38,United-States,34190
39,Private,14,Never-married,Prof-specialty,Not-in-family,White,Male,6849,0,40,United-States,39453
25,Private,9,Never-married,Sales,Own-child,Amer-Indian-Eskimo,Male,6849,0,40,United-States,50000
28,Private,13,Never-married,Exec-managerial,Not-in-family,White,Female,6849,0,60,United-States,21647
35,Private,9,Never-married,Adm-clerical,Own-child,White,Female,6849,0,40,United-States,19158
47,Private,7,Never-married,Machine-op-inspct,Unmarried,Black,Female,6849,0,40,United-States,16550
35,Private,7,Never-married,Craft-repair,Own-child,White,Male,6849,0,40,United-States,28040
33,Private,10,Never-married,Adm-clerical,Not-in-family,White,Female,6849,0,50,United-States,22679
39,Private,9,Divorced,Other-service,Unmarried,Amer-Indian-Eskimo,Female,6849,0,40,United-States,22147
50,State-gov,13,Married-spouse-absent,Prof-specialty,Not-in-family,White,Male,6849,0,40,United-States,30192
40,Private,9,Never-married,Exec-managerial,Not-in-family,Amer-Indian-Eskimo,Male,6849,0,43,United-States,36125
38,Private,13,Divorced,Exec-managerial,Not-in-family,White,Male,6849,0,60,United-States,26985
55,State-gov,11,Widowed,Prof-specialty,Unmarried,White,Female,6849,0,40,United-States,32170
30,Self-emp-not-inc,13,Married-spouse-absent,Craft-repair,Not-in-family,White,Male,6849,0,60,United-States,50000
35,Private,11,Divorced,Adm-clerical,Not-in-family,White,Female,6849,0,40,United-States,24474
71,Private,9,Married-civ-spouse,Protective-serv,Husband,White,Male,6767,0,20,United-States,27311
65,Private,11,Married-civ-spouse,Farming-fishing,Husband,White,Male,6767,0,60,United-States,50000
90,Local-gov,9,Married-civ-spouse,Other-service,Husband,White,Male,6767,0,40,United-States,33431
66,Local-gov,13,Married-civ-spouse,Other-service,Husband,White,Male,6767,0,20,United-States,43074
74,Local-gov,9,Married-civ-spouse,Other-service,Husband,White,Male,6767,0,6,United-States,47130
72,Private,11,Separated,Other-service,Unmarried,White,Female,6723,0,25,United-States,25671
65,Private,13,Divorced,Prof-specialty,Not-in-family,White,Male,6723,0,40,United-States,50000
67,Private,13,Married-civ-spouse,Protective-serv,Husband,White,Male,6514,0,7,United-States,71541
65,State-gov,14,Married-civ-spouse,Prof-specialty,Husband,White,Male,6514,0,35,United-States,50001
65,Self-emp-not-inc,10,Married-civ-spouse,Machine-op-inspct,Husband,White,Male,6514,0,40,United-States,116755
71,Self-emp-not-inc,10,Married-civ-spouse,Machine-op-inspct,Husband,White,Male,6514,0,40,United-States,50001
69,Self-emp-inc,14,Married-civ-spouse,Exec-managerial,Husband,White,Male,6514,0,40,United-States,76870
57,Private,3,Divorced,Transport-moving,Unmarried,White,Male,6497,0,40,United-States,34083
46,Private,14,Divorced,Prof-specialty,Unmarried,White,Female,6497,0,50,United-States,15406
45,Local-gov,10,Divorced,Adm-clerical,Unmarried,Black,Female,6497,0,35,United-States,25050
36,Federal-gov,10,Separated,Adm-clerical,Unmarried,Black,Female,6497,0,56,United-States,27723
35,Private,9,Never-married,Machine-op-inspct,Unmarried,White,Male,6497,0,65,United-States,31933
41,Private,13,Divorced,Transport-moving,Own-child,Black,Male,6497,0,40,United-States,36097
38,Private,10,Never-married,Adm-clerical,Unmarried,White,Female,6497,0,35,United-States,36537
49,Self-emp-inc,13,Divorced,Prof-specialty,Unmarried,White,Male,6497,0,45,United-States,28807
47,Private,13,Widowed,Craft-repair,Unmarried,Black,Female,6497,0,40,United-States,41233
26,Private,7,Never-married,Machine-op-inspct,Unmarried,White,Male,6497,0,48,United-States,29527
46,Private,12,Widowed,Tech-support,Unmarried,White,Female,6497,0,40,United-States,50000
67,Private,15,Married-civ-spouse,Tech-support,Husband,White,Male,6418,0,10,United-States,55591
69,Self-emp-inc,13,Married-civ-spouse,Exec-managerial,Husband,White,Male,6418,0,45,United-States,92305
62,Self-emp-inc,4,Married-civ-spouse,Exec-managerial,Husband,White,Male,6418,0,40,United-States,83169
73,Self-emp-not-inc,4,Married-civ-spouse,Farming-fishing,Husband,White,Male,6418,0,99,United-States,75520
62,Private,9,Married-civ-spouse,Farming-fishing,Husband,White,Male,6418,0,40,United-States,50001
67,Self-emp-not-inc,9,Married-civ-spouse,Transport-moving,Husband,White,Male,6418,0,58,United-States,139229
65,Self-emp-inc,7,Married-civ-spouse,Exec-managerial,Husband,White,Male,6418,0,35,United-States,69479
55,Private,9,Married-civ-spouse,Adm-clerical,Husband,White,Male,6418,0,50,United-States,80213
70,Private,13,Married-civ-spouse,Handlers-cleaners,Husband,White,Male,6418,0,40,United-States,134829
72,Private,9,Widowed,Adm-clerical,Not-in-family,White,Female,6360,0,40,United-States,35676
68,Private,14,Never-married,Adm-clerical,Not-in-family,White,Female,6360,0,20,United-States,45256
67,Local-gov,13,Divorced,Adm-clerical,Unmarried,Black,Female,6360,0,35,United-States,22718
71,Private,4,Widowed,Exec-managerial,Not-in-family,White,Male,6097,0,40,United-States,50001
38,Private,10,Divorced,Adm-clerical,Unmarried,White,Female,5721,0,44,United-States,29038
26,Private,9,Never-married,Machine-op-inspct,Unmarried,White,Male,5721,0,40,United-States,32277
28,Local-gov,9,Separated,Adm-clerical,Not-in-family,White,Female,5721,0,40,United-States,47192
66,Private,10,Married-civ-spouse,Sales,Husband,White,Male,5556,0,40,United-States,54044
66,Private,12,Married-civ-spouse,Machine-op-inspct,Husband,White,Male,5556,0,40,Yugoslavia,58776
66,Self-emp-inc,13,Married-civ-spouse,Sales,Husband,White,Male,5556,0,26,United-States,50001
65,Private,14,Married-civ-spouse,Prof-specialty,Husband,White,Male,5556,0,50,United-States,71354
65,Private,13,Married-civ-spouse,Prof-specialty,Husband,White,Male,5556,0,48,United-States,50001
45,Private,12,Divorced,Prof-specialty,Unmarried,White,Female,5455,0,38,United-States,47943
42,Private,9,Divorced,Exec-managerial,Not-in-family,Black,Female,5455,0,50,United-States,17868
39,Private,9,Divorced,Other-service,Unmarried,Black,Female,5455,0,40,United-States,50000
47,Local-gov,14,Divorced,Prof-specialty,Unmarried,White,Female,5455,0,45,United-States,28650
36,State-gov,14,Divorced,Prof-specialty,Unmarried,White,Male,5455,0,30,United-States,50000
39,Federal-gov,13,Divorced,Prof-specialty,Unmarried,White,Female,5455,0,60,United-States,35414
43,Self-emp-inc,9,Divorced,Craft-repair,Unmarried,White,Male,5455,0,50,United-States,46218
45,Private,9,Divorced,Sales,Unmarried,Black,Male,5455,0,40,United-States,27296
37,State-gov,11,Never-married,Prof-specialty,Unmarried,Black,Female,5455,0,40,United-States,21840
40,Local-gov,13,Divorced,Prof-specialty,Unmarried,White,Female,5455,0,40,United-States,32074
60,Local-gov,13,Separated,Prof-specialty,Unmarried,White,Female,5455,0,55,United-States,29420
42,Private,13,Married-civ-spouse,Exec-managerial,Husband,White,Male,5178,0,40,United-States,50001
42,Local-gov,10,Married-civ-spouse,Craft-repair,Husband,White,Male,5178,0,40,United-States,67290
36,Private,10,Married-civ-spouse,Sales,Husband,White,Male,5178,0,50,United-States,89604
32,Private,9,Married-civ-spouse,Craft-repair,Husband,White,Male,5178,0,48,United-States,50001
44,Self-emp-inc,10,Married-civ-spouse,Sales,Husband,White,Male,5178,0,60,United-States,119132
50,Private,9,Married-civ-spouse,Adm-clerical,Wife,White,Female,5178,0,40,United-States,110889
54,Private,9,Married-civ-spouse,Machine-op-inspct,Husband,White,Male,5178,0,50,United-States,50001
32,Self-emp-inc,9,Married-civ-spouse,Craft-repair,Husband,White,Male,5178,0,45,United-States,50001
61,Local-gov,13,Married-civ-spouse,Exec-managerial,Husband,White,Male,5178,0,50,United-States,142821
51,Private,13,Married-civ-spouse,Exec-managerial,Husband,White,Male,5178,0,60,United-States,52625
40,Private,15,Married-civ-spouse,Craft-repair,Husband,White,Male,5178,0,40,Mexico,50001
32,Private,9,Married-civ-spouse,Machine-op-inspct,Husband,White,Male,5178,0,50,United-States,60618
34,Private,10,Married-civ-spouse,Prof-specialty,Husband,White,Male,5178,0,40,United-States,76787
48,Local-gov,10,Married-civ-spouse,Exec-managerial,Wife,White,Female,5178,0,40,United-States,70030
45,Private,5,Married-civ-spouse,Adm-clerical,Husband,Black,Male,5178,0,40,United-States,87646
35,Private,9,Married-civ-spouse,Transport-moving,Husband,White,Male,5178,0,90,United-States,58960
41,Federal-gov,9,Married-civ-spouse,Adm-clerical,Husband,White,Male,5178,0,40,United-States,84789
31,Private,9,Married-civ-spouse,Prof-specialty,Husband,White,Male,5178,0,45,United-States,87547
29,Self-emp-not-inc,9,Married-civ-spouse,Transport-moving,Husband,White,Male,5178,0,40,United-States,120961
37,Local-gov,13,Married-civ-spouse,Protective-serv,Husband,White,Male,5178,0,40,United-States,50001
26,Private,13,Married-civ-spouse,Sales,Wife,White,Female,5178,0,42,United-States,50001
36,Private,9,Married-civ-spouse,Craft-repair,Husband,White,Male,5178,0,40,United-States,50001
42,Private,9,Married-civ-spouse,Craft-repair,Husband,White,Male,5178,0,40,United-States,110908
47,Private,9,Married-civ-spouse,Craft-repair,Husband,White,Male,5178,0,30,Canada,50001
40,Private,10,Married-civ-spouse,Craft-repair,Husband,White,Male,5178,0,40,United-States,72838
30,Private,11,Married-civ-spouse,Prof-specialty,Husband,White,Male,5178,0,52,United-States,89797
37,Private,13,Married-civ-spouse,Exec-managerial,Husband,White,Male,5178,0,40,United-States,66566
36,Private,15,Married-civ-spouse,Prof-specialty,Husband,White,Male,5178,0,60,United-States,75616
40,Private,10,Married-civ-spouse,Adm-clerical,Husband,White,Male,5178,0,60,United-States,64371
33,Private,13,Married-civ-spouse,Exec-managerial,Husband,Black,Male,5178,0,40,United-States,50001
49,Private,13,Married-civ-spouse,Adm-clerical,Husband,White,Male,5178,0,40,United-States,50001
42,Local-gov,13,Married-civ-spouse,Prof-specialty,Husband,White,Male,5178,0,40,United-States,95648
38,Private,7,Married-civ-spouse,Craft-repair,Husband,White,Male,5178,0,40,United-States,121236
26,Private,12,Married-civ-spouse,Machine-op-inspct,Husband,White,Male,5178,0,40,United-States,50001
54,Self-emp-not-inc,15,Married-civ-spouse,Prof-specialty,Husband,White,Male,5178,0,50,United-States,66265
46,Private,10,Married-civ-spouse,Prof-specialty,Husband,White,Male,5178,0,38,United-States,91947
32,Private,9,Married-civ-spouse,Machine-op-inspct,Husband,White,Male,5178,0,40,United-States,189087
25,Private,13,Married-civ-spouse,Tech-support,Husband,White,Male,5178,0,40,United-States,50001
44,Private,10,Married-civ-spouse,Craft-repair,Husband,White,Male,5178,0,50,United-States,113345
30,Private,16,Married-civ-spouse,Prof-specialty,Husband,White,Male,5178,0,75,United-States,108904
25,Private,7,Married-civ-spouse,Transport-moving,Husband,White,Male,5178,0,40,Poland,55960
37,Private,10,Married-civ-spouse,Craft-repair,Husband,White,Male,5178,0,75,United-States,76478
28,Private,13,Married-civ-spouse,Exec-managerial,Husband,White,Male,5178,0,50,United-States,53706
31,Private,14,Married-civ-spouse,Prof-specialty,Husband,White,Male,5178,0,40,United-States,90609
44,Private,14,Married-civ-spouse,Exec-managerial,Husband,White,Male,5178,0,40,United-States,50001
44,Private,7,Married-civ-spouse,Prof-specialty,Wife,White,Female,5178,0,36,United-States,58185
39,Self-emp-inc,9,Married-civ-spouse,Craft-repair,Husband,White,Male,5178,0,50,United-States,56690
51,Federal-gov,13,Married-civ-spouse,Farming-fishing,Husband,White,Male,5178,0,40,United-States,50001
27,Private,9,Married-civ-spouse,Adm-clerical,Wife,White,Female,5178,0,40,United-States,74153
31,Private,9,Married-civ-spouse,Transport-moving,Wife,White,Female,5178,0,35,United-States,76704
53,Private,3,Married-civ-spouse,Craft-repair,Husband,Other,Male,5178,0,40,Puerto-Rico,89533
37,Local-gov,10,Married-civ-spouse,Craft-repair,Husband,White,Male,5178,0,40,United-States,123166
48,State-gov,13,Married-civ-spouse,Exec-managerial,Husband,White,Male,5178,0,40,United-States,111333
56,Private,13,Married-civ-spouse,Adm-clerical,Husband,White,Male,5178,0,44,United-States,79296
35,Private,9,Married-civ-spouse,Sales,Husband,White,Male,5178,0,50,United-States,50001
50,Local-gov,9,Married-civ-spouse,Exec-managerial,Husband,White,Male,5178,0,40,United-States,97350
42,Private,9,Married-civ-spouse,Sales,Husband,White,Male,5178,0,50,United-States,73704
58,Private,12,Married-civ-spouse,Exec-managerial,Husband,White,Male,5178,0,60,United-States,105896
35,Private,9,Married-civ-spouse,Exec-managerial,Husband,White,Male,5178,0,40,United-States,63218
46,Private,10,Married-civ-spouse,Tech-support,Husband,White,Male,5178,0,40,United-States,80842
34,Private,13,Married-civ-spouse,Exec-managerial,Husband,White,Male,5178,0,55,United-States,107437
43,Private,14,Married-civ-spouse,Prof-specialty,Husband,White,Male,5178,0,40,United-States,54049
39,State-gov,14,Married-civ-spouse,Prof-specialty,Wife,White,Female,5178,0,38,United-States,57887
46,Federal-gov,11,Married-civ-spouse,Adm-clerical,Husband,White,Male,5178,0,40,United-States,142933
55,Private,9,Married-civ-spouse,Transport-moving,Husband,White,Male,5178,0,72,United-States,61896
38,Private,13,Married-civ-spouse,Exec-managerial,Husband,White,Male,5178,0,40,United-States,58782
63,Private,5,Married-civ-spouse,Exec-managerial,Husband,White,Male,5178,0,40,United-States,136273
27,Private,9,Married-civ-spouse,Craft-repair,Husband,White,Male,5178,0,40,United-States,81618
47,Private,9,Married-civ-spouse,Craft-repair,Husband,White,Male,5178,0,40,United-States,121307
47,Private,12,Married-civ-spouse,Sales,Husband,White,Male,5178,0,50,United-States,141640
36,Private,7,Married-civ-spouse,Craft-repair,Husband,White,Male,5178,0,40,United-States,54702
43,Private,10,Married-civ-spouse,Prof-specialty,Husband,White,Male,5178,0,40,United-States,125986
44,Private,13,Married-civ-spouse,Tech-support,Husband,White,Male,5178,0,40,United-States,155897
36,Private,9,Married-civ-spouse,Machine-op-inspct,Husband,Black,Male,5178,0,40,United-States,50001
51,Private,12,Married-civ-spouse,Sales,Husband,White,Male,5178,0,45,United-States,50001
57,Self-emp-inc,9,Married-civ-spouse,Transport-moving,Husband,White,Male,5178,0,60,Hungary,108774
32,Private,10,Married-civ-spouse,Sales,Husband,White,Male,5178,0,50,United-States,71128
39,Self-emp-inc,12,Married-civ-spouse,Sales,Husband,White,Male,5178,0,48,United-States,119914
35,Self-emp-inc,13,Married-civ-spouse,Sales,Own-child,White,Male,5178,0,50,United-States,82656
62,Self-emp-inc,9,Married-civ-spouse,Sales,Wife,White,Female,5178,0,40,Scotland,103706
45,Private,13,Married-civ-spouse,Prof-specialty,Wife,Asian-Pac-Islander,Female,5178,0,40,Philippines,121431
39,Private,11,Married-civ-spouse,Machine-op-inspct,Husband,White,Male,5178,0,40,United-States,50001
31,Private,10,Married-civ-spouse,Transport-moving,Husband,White,Male,5178,0,40,United-States,50001
53,Self-emp-inc,9,Married-civ-spouse,Craft-repair,Husband,White,Male,5178,0,45,United-States,53418
54,Private,9,Married-civ-spouse,Craft-repair,Husband,White,Male,5178,0,40,United-States,83370
37,Private,9,Married-civ-spouse,Handlers-cleaners,Husband,White,Male,5178,0,40,United-States,50001
55,Private,11,Married-civ-spouse,Transport-moving,Husband,White,Male,5178,0,50,United-States,104068
45,Local-gov,9,Married-civ-spouse,Transport-moving,Wife,White,Female,5178,0,40,United-States,50001
59,Private,11,Married-civ-spouse,Prof-specialty,Husband,White,Male,5178,0,50,United-States,170454
33,Private,10,Married-civ-spouse,Prof-specialty,Wife,White,Female,5178,0,40,United-States,113282
47,Private,9,Married-civ-spouse,Machine-op-inspct,Husband,White,Male,5178,0,40,United-States,139482
28,Federal-gov,13,Married-civ-spouse,Exec-managerial,Husband,White,Male,5178,0,40,United-States,137842
47,Local-gov,9,Married-civ-spouse,Transport-moving,Husband,White,Male,5178,0,40,United-States,50001
38,Private,13,Married-civ-spouse,Adm-clerical,Husband,White,Male,5178,0,50,United-States,50001
34,State-gov,13,Married-civ-spouse,Tech-support,Own-child,White,Female,5178,0,25,United-States,109687
54,Federal-gov,9,Married-civ-spouse,Exec-managerial,Husband,White,Male,5178,0,40,United-States,50001
58,Private,6,Married-civ-spouse,Craft-repair,Husband,White,Male,5178,0,40,United-States,61534
24,Private,10,Never-married,Sales,Own-child,White,Female,5060,0,30,United-States,34162
30,Private,9,Married-civ-spouse,Machine-op-inspct,Husband,White,Male,5013,0,40,United-States,15000
43,Self-emp-inc,14,Married-civ-spouse,Exec-managerial,Husband,White,Male,5013,0,45,United-States,28032
54,Private,9,Married-civ-spouse,Transport-moving,Husband,Black,Male,5013,0,40,United-States,26251
45,Self-emp-not-inc,10,Married-civ-spouse,Sales,Husband,White,Male,5013,0,40,United-States,29808
47,Private,11,Married-civ-spouse,Craft-repair,Husband,White,Male,5013,0,40,United-States,50000
40,Private,9,Married-civ-spouse,Sales,Wife,White,Female,5013,0,20,United-States,27045
36,Private,13,Married-civ-spouse,Exec-managerial,Husband,White,Male,5013,0,50,United-States,17399
26,Private,14,Married-civ-spouse,Prof-specialty,Husband,White,Male,5013,0,40,United-States,50000
49,Private,13,Married-civ-spouse,Prof-specialty,Husband,White,Male,5013,0,45,United-States,50000
44,Self-emp-inc,9,Married-civ-spouse,Exec-managerial,Husband,White,Male,5013,0,60,Greece,24340
27,Private,9,Married-civ-spouse,Machine-op-inspct,Husband,White,Male,5013,0,46,Canada,23176
41,Self-emp-not-inc,10,Married-civ-spouse,Farming-fishing,Husband,White,Male,5013,0,70,United-States,38921
30,Private,9,Married-civ-spouse,Craft-repair,Husband,White,Male,5013,0,40,United-States,25604
29,Private,6,Married-civ-spouse,Craft-repair,Husband,White,Male,5013,0,40,United-States,34261
26,Private,9,Married-civ-spouse,Exec-managerial,Wife,White,Female,5013,0,40,United-States,27325
30,Private,9,Married-civ-spouse,Transport-moving,Husband,White,Male,5013,0,40,United-States,32974
35,Private,10,Married-civ-spouse,Craft-repair,Husband,White,Male,5013,0,40,United-States,30961
30,Local-gov,12,Married-civ-spouse,Protective-serv,Husband,White,Male,5013,0,45,United-States,29874
29,Private,13,Married-civ-spouse,Prof-specialty,Husband,White,Male,5013,0,40,Germany,31740
46,Private,9,Married-civ-spouse,Sales,Husband,White,Male,5013,0,50,United-States,40383
48,Self-emp-not-inc,10,Married-civ-spouse,Prof-specialty,Husband,White,Male,5013,0,45,United-States,30579
52,Private,11,Married-civ-spouse,Tech-support,Husband,White,Male,5013,0,40,United-States,23387
60,Private,9,Married-civ-spouse,Prof-specialty,Husband,White,Male,5013,0,40,United-States,37540
43,Private,10,Married-civ-spouse,Adm-clerical,Husband,White,Male,5013,0,40,United-States,33161
39,Private,9,Married-civ-spouse,Other-service,Wife,White,Female,5013,0,40,United-States,29184
31,Private,9,Married-civ-spouse,Machine-op-inspct,Husband,White,Male,5013,0,40,United-States,32242
52,Federal-gov,14,Married-civ-spouse,Exec-managerial,Husband,White,Male,5013,0,40,United-States,31797
26,Private,9,Married-civ-spouse,Craft-repair,Husband,White,Male,5013,0,60,United-States,50000
44,State-gov,13,Married-civ-spouse,Adm-clerical,Husband,White,Male,5013,0,40,United-States,46720
35,Private,10,Married-civ-spouse,Sales,Husband,White,Male,5013,0,70,United-States,28819
35,Private,13,Married-civ-spouse,Prof-specialty,Husband,White,Male,5013,0,40,United-States,20138
45,Federal-gov,13,Married-civ-spouse,Adm-clerical,Husband,White,Male,5013,0,45,United-States,32869
52,Local-gov,6,Married-civ-spouse,Craft-repair,Husband,White,Male,5013,0,40,United-States,26008
28,Self-emp-inc,13,Married-civ-spouse,Exec-managerial,Husband,White,Male,5013,0,55,United-States,15332
54,Private,11,Married-civ-spouse,Craft-repair,Husband,Asian-Pac-Islander,Male,5013,0,40,Vietnam,50000
56,Private,4,Married-civ-spouse,Machine-op-inspct,Wife,White,Female,5013,0,45,United-States,50000
48,Private,13,Married-civ-spouse,Exec-managerial,Husband,White,Male,5013,0,45,United-States,49964
59,Private,13,Married-civ-spouse,Prof-specialty,Husband,White,Male,5013,0,40,United-States,35161
46,Private,10,Married-civ-spouse,Other-service,Wife,White,Female,5013,0,40,United-States,17629
45,Private,9,Married-civ-spouse,Craft-repair,Husband,White,Male,5013,0,40,United-States,17870
55,Private,10,Married-civ-spouse,Craft-repair,Husband,White,Male,5013,0,52,United-States,50000
50,Private,9,Married-civ-spouse,Craft-repair,Husband,White,Male,5013,0,45,United-States,31505
49,Private,9,Married-civ-spouse,Craft-repair,Husband,White,Male,5013,0,60,United-States,15000
33,Private,9,Married-civ-spouse,Exec-managerial,Husband,White,Male,5013,0,40,United-States,21587
51,Private,11,Married-civ-spouse,Craft-repair,Husband,White,Male,5013,0,40,United-States,50000
42,Private,13,Married-civ-spouse,Prof-specialty,Husband,White,Male,5013,0,40,United-States,34963
47,Private,9,Married-civ-spouse,Other-service,Wife,Black,Female,5013,0,40,United-States,18907
32,Private,9,Married-civ-spouse,Machine-op-inspct,Husband,White,Male,5013,0,55,United-States,26640
49,Private,11,Married-civ-spouse,Craft-repair,Husband,White,Male,5013,0,40,United-States,25628
49,Self-emp-not-inc,9,Married-civ-spouse,Craft-repair,Husband,White,Male,5013,0,50,United-States,43621
31,Private,9,Married-civ-spouse,Handlers-cleaners,Husband,White,Male,5013,0,40,United-States,44513
52,State-gov,9,Married-civ-spouse,Craft-repair,Husband,White,Male,5013,0,40,United-States,34032
32,Local-gov,13,Married-civ-spouse,Prof-specialty,Wife,White,Female,5013,0,45,United-States,48389
63,Private,14,Married-civ-spouse,Tech-support,Husband,White,Male,5013,0,40,United-States,29762
39,Private,13,Married-civ-spouse,Prof-specialty,Wife,White,Female,5013,0,32,United-States,22979
56,Private,9,Married-civ-spouse,Craft-repair,Husband,White,Male,5013,0,40,United-States,35739
35,Private,9,Married-civ-spouse,Handlers-cleaners,Husband,White,Male,5013,0,40,United-States,41367
53,Local-gov,9,Married-civ-spouse,Craft-repair,Husband,White,Male,5013,0,35,United-States,15159
57,Private,10,Married-civ-spouse,Sales,Husband,White,Male,5013,0,50,United-States,50000
29,Private,10,Married-civ-spouse,Craft-repair,Husband,White,Male,5013,0,40,United-States,27122
47,Private,9,Married-civ-spouse,Prof-specialty,Husband,White,Male,5013,0,24,United-States,26635
52,Private,10,Married-civ-spouse,Craft-repair,Husband,White,Male,5013,0,40,United-States,40731
51,Private,14,Married-civ-spouse,Prof-specialty,Husband,Asian-Pac-Islander,Male,5013,0,40,India,17829
24,Private,13,Married-civ-spouse,Prof-specialty,Husband,White,Male,5013,0,30,United-States,19105
37,Private,10,Married-civ-spouse,Tech-support,Wife,White,Female,5013,0,40,United-States,50000
43,Federal-gov,14,Married-civ-spouse,Handlers-cleaners,Husband,White,Male,5013,0,12,United-States,50000
28,Private,10,Married-civ-spouse,Handlers-cleaners,Husband,White,Male,5013,0,55,United-States,38659
36,Private,9,Married-civ-spouse,Craft-repair,Husband,White,Male,5013,0,40,Italy,25560
49,Private,9,Married-civ-spouse,Sales,Husband,White,Male,5013,0,40,United-States,26721
45,Local-gov,13,Divorced,Prof-specialty,Unmarried,White,Female,4934,0,50,United-States,68360
40,Private,10,Separated,Craft-repair,Unmarried,White,Male,4934,0,47,United-States,60510
37,Private,13,Separated,Prof-specialty,Unmarried,White,Female,4934,0,32,United-States,55297
60,Federal-gov,11,Divorced,Prof-specialty,Unmarried,White,Male,4934,0,40,United-States,108264
52,Local-gov,9,Divorced,Tech-support,Unmarried,White,Male,4934,0,36,United-States,57352
43,Private,10,Separated,Transport-moving,Unmarried,White,Male,4934,0,51,United-States,50001
43,Private,14,Widowed,Exec-managerial,Unmarried,White,Male,4934,0,40,United-States,159268
75,Self-emp-not-inc,16,Married-civ-spouse,Prof-specialty,Husband,White,Male,4931,0,3,United-States,50000
45,Federal-gov,9,Divorced,Tech-support,Not-in-family,White,Female,4865,0,40,United-States,36777
34,Private,14,Never-married,Prof-specialty,Not-in-family,White,Male,4865,0,60,United-States,36703
34,Private,9,Never-married,Adm-clerical,Not-in-family,White,Female,4865,0,40,United-States,28726
26,Local-gov,13,Never-married,Prof-specialty,Not-in-family,White,Female,4865,0,35,United-States,44910
34,State-gov,13,Divorced,Prof-specialty,Not-in-family,White,Male,4865,0,55,United-States,31564
27,Federal-gov,9,Divorced,Adm-clerical,Not-in-family,White,Male,4865,0,50,United-States,24218
30,Private,13,Never-married,Transport-moving,Not-in-family,White,Male,4865,0,40,United-States,42254
36,Private,9,Never-married,Adm-clerical,Not-in-family,White,Female,4865,0,40,United-States,18279
27,Private,13,Never-married,Prof-specialty,Not-in-family,White,Female,4865,0,36,United-States,25218
61,Private,9,Divorced,Prof-specialty,Not-in-family,White,Male,4865,0,40,United-States,27412
28,Private,10,Never-married,Tech-support,Not-in-family,White,Female,4865,0,40,United-States,21309
52,Local-gov,12,Divorced,Other-service,Not-in-family,White,Female,4865,0,30,United-States,50000
37,Local-gov,13,Never-married,Prof-specialty,Not-in-family,White,Female,4865,0,45,United-States,32981
59,Private,4,Never-married,Farming-fishing,Unmarried,White,Male,4865,0,40,United-States,30806
32,Local-gov,14,Never-married,Prof-specialty,Not-in-family,White,Female,4865,0,40,United-States,30294
25,Private,11,Never-married,Adm-clerical,Not-in-family,White,Female,4865,0,40,United-States,37520
55,Private,9,Separated,Machine-op-inspct,Not-in-family,White,Male,4865,0,45,United-States,29896
34,Self-emp-inc,14,Separated,Prof-specialty,Not-in-family,White,Female,4787,0,40,United-States,77852
64,State-gov,16,Never-married,Prof-specialty,Not-in-family,White,Female,4787,0,40,United-States,50001
51,Private,16,Divorced,Craft-repair,Not-in-family,White,Female,4787,0,60,United-States,155579
40,Private,10,Divorced,Other-service,Not-in-family,Black,Male,4787,0,50,United-States,50001
51,Private,9,Divorced,Adm-clerical,Unmarried,White,Female,4787,0,24,United-States,117747
58,Private,9,Divorced,Tech-support,Not-in-family,White,Male,4787,0,39,United-States,93336
39,Self-emp-not-inc,16,Never-married,Prof-specialty,Not-in-family,White,Male,4787,0,40,United-States,167226
34,Self-emp-inc,14,Never-married,Exec-managerial,Not-in-family,White,Female,4787,0,45,France,250000
61,Private,13,Divorced,Sales,Not-in-family,Black,Male,4787,0,48,United-States,105638
30,Private,13,Never-married,Tech-support,Not-in-family,White,Female,4787,0,45,United-States,65946
58,Federal-gov,13,Separated,Prof-specialty,Not-in-family,White,Male,4787,0,40,United-States,172355
35,Private,9,Never-married,Sales,Not-in-family,White,Male,4787,0,40,United-States,109341
46,Local-gov,13,Divorced,Prof-specialty,Not-in-family,White,Female,4787,0,25,United-States,110521
52,Local-gov,14,Divorced,Exec-managerial,Not-in-family,White,Female,4787,0,60,United-States,77805
46,Local-gov,13,Never-married,Prof-specialty,Own-child,White,Male,4787,0,45,United-States,75596
39,Private,10,Never-married,Prof-specialty,Not-in-family,Black,Male,4787,0,40,United-States,50001
35,Private,15,Never-married,Prof-specialty,Not-in-family,Asian-Pac-Islander,Male,4787,0,45,Japan,138797
38,Local-gov,13,Never-married,Protective-serv,Not-in-family,White,Female,4787,0,43,United-States,50001
49,Private,14,Divorced,Sales,Not-in-family,White,Male,4787,0,45,United-States,50001
30,Private,12,Never-married,Craft-repair,Not-in-family,White,Male,4787,0,50,United-States,50001
53,Private,9,Divorced,Prof-specialty,Not-in-family,White,Male,4787,0,46,United-States,140510
59,Local-gov,14,Widowed,Prof-specialty,Unmarried,White,Female,4787,0,60,United-States,80984
52,State-gov,14,Married-spouse-absent,Exec-managerial,Unmarried,White,Female,4787,0,44,United-States,53323
45,Private,13,Divorced,Adm-clerical,Unmarried,White,Female,4687,0,35,United-States,90900
42,Private,14,Divorced,Tech-support,Unmarried,Black,Female,4687,0,35,United-States,113649
39,Private,9,Divorced,Sales,Not-in-family,White,Female,4687,0,50,United-States,71273
29,Private,13,Never-married,Prof-specialty,Not-in-family,White,Male,4650,0,40,United-States,47926
31,Private,13,Divorced,Exec-managerial,Not-in-family,White,Male,4650,0,45,United-States,47921
35,Self-emp-not-inc,9,Never-married,Exec-managerial,Not-in-family,White,Male,4650,0,50,United-States,45834
36,Private,5,Divorced,Handlers-cleaners,Not-in-family,White,Male,4650,0,56,United-States,31127
36,Private,8,Never-married,Exec-managerial,Not-in-family,White,Male,4650,0,50,United-States,15000
42,Private,14,Divorced,Prof-specialty,Not-in-family,White,Male,4650,0,40,United-States,18386
53,State-gov,10,Divorced,Adm-clerical,Other-relative,White,Female,4650,0,40,United-States,16655
49,Local-gov,14,Never-married,Prof-specialty,Not-in-family,White,Female,4650,0,40,United-States,28255
39,Local-gov,9,Never-married,Protective-serv,Own-child,Amer-Indian-Eskimo,Male,4650,0,48,United-States,37422
31,Private,8,Never-married,Sales,Not-in-family,White,Male,4650,0,50,United-States,29391
30,Self-emp-inc,9,Divorced,Exec-managerial,Not-in-family,White,Male,4650,0,40,United-States,25514
39,Private,9,Never-married,Tech-support,Not-in-family,White,Male,4650,0,44,United-States,39545
25,Private,14,Never-married,Prof-specialty,Not-in-family,White,Female,4650,0,37,United-States,42355
37,Local-gov,11,Never-married,Protective-serv,Not-in-family,White,Male,4650,0,40,United-States,47934
35,Private,10,Never-married,Prof-specialty,Unmarried,Asian-Pac-Islander,Male,4650,0,20,United-States,22571
39,Private,9,Divorced,Prof-specialty,Not-in-family,White,Female,4650,0,40,United-States,50000
40,Private,13,Never-married,Prof-specialty,Not-in-family,White,Male,4650,0,40,United-States,34394
42,Local-gov,13,Never-married,Exec-managerial,Own-child,White,Male,4650,0,35,United-States,23535
34,Local-gov,14,Never-married,Exec-managerial,Not-in-family,White,Male,4650,0,30,United-States,39913
41,Federal-gov,10,Married-spouse-absent,Adm-clerical,Not-in-family,Black,Male,4650,0,40,United-States,34089
35,Private,13,Never-married,Tech-support,Not-in-family,Asian-Pac-Islander,Female,4650,0,40,United-States,26579
32,Private,10,Never-married,Craft-repair,Not-in-family,White,Male,4650,0,45,United-States,18372
42,Private,14,Never-married,Exec-managerial,Not-in-family,White,Female,4650,0,40,United-States,30379
47,Private,9,Divorced,Machine-op-inspct,Not-in-family,White,Male,4650,0,40,United-States,48545
28,Private,11,Never-married,Prof-specialty,Not-in-family,White,Female,4650,0,40,United-States,23468
23,Private,9,Divorced,Craft-repair,Not-in-family,White,Male,4650,0,50,Ireland,38107
55,Private,10,Divorced,Adm-clerical,Unmarried,White,Female,4650,0,20,United-States,25424
23,Private,10,Never-married,Other-service,Own-child,White,Female,4650,0,40,United-States,16829
45,Private,10,Divorced,Sales,Not-in-family,White,Male,4650,0,40,United-States,50000
43,Private,9,Never-married,Prof-specialty,Not-in-family,White,Male,4650,0,40,United-States,17778
38,Private,10,Separated,Other-service,Not-in-family,White,Female,4650,0,72,United-States,25637
40,Private,13,Never-married,Exec-managerial,Not-in-family,White,Female,4650,0,48,United-States,24927
50,Local-gov,14,Divorced,Exec-managerial,Not-in-family,White,Female,4650,0,70,United-States,24082
33,Private,13,Separated,Prof-specialty,Not-in-family,White,Male,4650,0,35,United-States,31940
31,Private,10,Divorced,Craft-repair,Own-child,White,Male,4650,0,40,United-States,22406
41,Private,14,Widowed,Prof-specialty,Not-in-family,White,Female,4650,0,55,United-States,35891
60,Private,9,Divorced,Machine-op-inspct,Not-in-family,White,Male,4650,0,40,United-States,18368
62,Private,14,Never-married,Handlers-cleaners,Not-in-family,White,Male,4650,0,40,United-States,15000
50,Private,10,Divorced,Craft-repair,Not-in-family,White,Male,4650,0,22,United-States,41263
41,Private,10,Divorced,Exec-managerial,Not-in-family,White,Male,4650,0,40,United-States,20516
32,Federal-gov,11,Never-married,Tech-support,Own-child,Black,Male,4650,0,40,United-States,29291
57,Private,13,Married-civ-spouse,Exec-managerial,Husband,Asian-Pac-Islander,Male,4508,0,40,South,50000
32,Private,1,Married-civ-spouse,Machine-op-inspct,Wife,Asian-Pac-Islander,Female,4508,0,40,Cambodia,17062
23,Private,7,Married-civ-spouse,Transport-moving,Husband,White,Male,4508,0,25,United-States,16260
39,Private,9,Married-civ-spouse,Adm-clerical,Husband,White,Male,4508,0,24,United-States,46918
22,Private,9,Married-civ-spouse,Priv-house-serv,Wife,White,Female,4508,0,40,United-States,36893
56,Private,13,Married-civ-spouse,Exec-managerial,Husband,White,Male,4508,0,40,United-States,47077
43,Self-emp-not-inc,4,Married-civ-spouse,Farming-fishing,Husband,White,Male,4508,0,40,Cuba,30566
28,Private,5,Married-civ-spouse,Sales,Husband,White,Male,4508,0,40,United-States,50000
21,Self-emp-not-inc,8,Married-civ-spouse,Adm-clerical,Wife,White,Female,4508,0,30,Portugal,15000
34,Self-emp-not-inc,9,Married-civ-spouse,Farming-fishing,Husband,White,Male,4508,0,90,United-States,21965
32,Private,15,Married-civ-spouse,Sales,Husband,White,Male,4508,0,40,United-States,17622
38,Private,13,Married-civ-spouse,Transport-moving,Husband,White,Male,4508,0,40,United-States,15000
27,Private,9,Never-married,Adm-clerical,Not-in-family,White,Male,4416,0,40,United-States,22335
25,Private,9,Never-married,Sales,Not-in-family,White,Male,4416,0,42,United-States,50000
25,Private,9,Never-married,Machine-op-inspct,Own-child,White,Male,4416,0,40,United-States,15000
50,Self-emp-not-inc,13,Never-married,Craft-repair,Not-in-family,White,Male,4416,0,45,United-States,27007
49,Private,6,Separated,Exec-managerial,Not-in-family,Black,Male,4416,0,99,United-States,38811
33,Private,9,Never-married,Handlers-cleaners,Own-child,White,Male,4416,0,40,United-States,42612
22,Without-pay,9,Never-married,Handlers-cleaners,Own-child,White,Male,4416,0,40,United-States,24492
56,Private,10,Widowed,Exec-managerial,Not-in-family,White,Male,4416,0,60,United-States,16726
34,Private,9,Never-married,Machine-op-inspct,Not-in-family,White,Male,4416,0,30,United-States,21616
54,Private,9,Divorced,Machine-op-inspct,Not-in-family,White,Female,4416,0,25,United-States,40323
25,Private,9,Never-married,Adm-clerical,Own-child,Black,Female,4416,0,40,Puerto-Rico,40192
20,Private,10,Never-married,Other-service,Other-relative,White,Female,4416,0,25,United-States,50000
38,Self-emp-not-inc,9,Married-civ-spouse,Craft-repair,Husband,White,Male,4386,0,35,United-States,21968
55,Private,9,Married-civ-spouse,Sales,Husband,White,Male,4386,0,40,United-States,133602
40,Private,11,Married-civ-spouse,Tech-support,Husband,White,Male,4386,0,40,United-States,20684
53,Private,10,Married-civ-spouse,Adm-clerical,Wife,White,Female,4386,0,40,United-States,50001
55,Private,9,Married-civ-spouse,Craft-repair,Husband,White,Male,4386,0,40,United-States,125091
50,Private,9,Married-civ-spouse,Craft-repair,Husband,White,Male,4386,0,40,United-States,28934
45,Self-emp-inc,13,Married-civ-spouse,Farming-fishing,Husband,White,Male,4386,0,35,United-States,61934
38,Private,11,Married-civ-spouse,Craft-repair,Husband,White,Male,4386,0,40,United-States,83841
53,Self-emp-not-inc,4,Married-civ-spouse,Exec-managerial,Husband,White,Male,4386,0,50,Greece,91366
46,Private,9,Married-civ-spouse,Machine-op-inspct,Husband,Black,Male,4386,0,40,United-States,110700
42,Private,9,Married-civ-spouse,Machine-op-inspct,Husband,White,Male,4386,0,48,United-States,50001
51,Private,9,Married-civ-spouse,Exec-managerial,Husband,White,Male,4386,0,55,United-States,115472
43,Private,9,Married-civ-spouse,Machine-op-inspct,Husband,Black,Male,4386,0,40,United-States,52580
47,Local-gov,9,Married-civ-spouse,Other-service,Husband,White,Male,4386,0,40,United-States,92779
51,Federal-gov,9,Married-civ-spouse,Craft-repair,Husband,White,Male,4386,0,40,United-States,50001
31,Private,12,Married-civ-spouse,Sales,Husband,White,Male,4386,0,45,United-States,120798
30,Private,14,Married-civ-spouse,Adm-clerical,Husband,White,Male,4386,0,40,United-States,250000
44,Private,6,Married-civ-spouse,Machine-op-inspct,Husband,White,Male,4386,0,60,United-States,22237
29,Private,13,Married-civ-spouse,Handlers-cleaners,Husband,Black,Male,4386,0,80,United-States,101744
48,Private,13,Married-civ-spouse,Sales,Husband,White,Male,4386,0,50,United-States,137954
51,Private,9,Married-civ-spouse,Machine-op-inspct,Husband,White,Male,4386,0,40,United-States,50001
35,Private,13,Married-civ-spouse,Exec-managerial,Husband,White,Male,4386,0,47,United-States,50001
48,Private,9,Married-civ-spouse,Machine-op-inspct,Husband,White,Male,4386,0,40,United-States,72370
41,Private,13,Married-civ-spouse,Exec-managerial,Husband,White,Male,4386,0,50,United-States,126112
54,Self-emp-not-inc,14,Married-civ-spouse,Sales,Husband,White,Male,4386,0,45,United-States,50001
31,Private,9,Married-civ-spouse,Machine-op-inspct,Wife,White,Female,4386,0,40,United-States,84640
44,Private,12,Married-civ-spouse,Exec-managerial,Husband,White,Male,4386,0,45,United-States,100833
51,Federal-gov,16,Married-civ-spouse,Prof-specialty,Husband,White,Male,4386,0,52,United-States,62177
61,Federal-gov,13,Married-civ-spouse,Prof-specialty,Husband,White,Male,4386,0,15,United-States,70946
63,Private,7,Married-civ-spouse,Protective-serv,Husband,White,Male,4386,0,37,United-States,117735
51,Private,7,Married-civ-spouse,Sales,Husband,White,Male,4386,0,30,United-States,112996
35,Private,9,Married-civ-spouse,Adm-clerical,Wife,White,Female,4386,0,35,United-States,50001
52,Private,9,Married-civ-spouse,Machine-op-inspct,Husband,White,Male,4386,0,40,United-States,113152
24,Private,9,Married-civ-spouse,Handlers-cleaners,Husband,White,Male,4386,0,40,United-States,50001
33,Private,9,Married-civ-spouse,Exec-managerial,Husband,White,Male,4386,0,60,United-States,15000
44,Local-gov,11,Married-civ-spouse,Transport-moving,Husband,White,Male,4386,0,40,United-States,124922
57,Self-emp-not-inc,13,Married-civ-spouse,Exec-managerial,Husband,White,Male,4386,0,13,United-States,166275
47,Private,9,Married-civ-spouse,Sales,Husband,White,Male,4386,0,45,United-States,50001
44,Private,12,Married-civ-spouse,Sales,Husband,White,Male,4386,0,40,United-States,130619
45,Private,14,Married-civ-spouse,Exec-managerial,Husband,White,Male,4386,0,40,United-States,50000
37,Private,11,Married-civ-spouse,Craft-repair,Husband,White,Male,4386,0,44,United-States,50001
31,Private,10,Married-civ-spouse,Craft-repair,Husband,White,Male,4386,0,50,United-States,50001
53,State-gov,11,Married-civ-spouse,Prof-specialty,Husband,White,Male,4386,0,40,United-States,77235
34,Private,11,Married-civ-spouse,Prof-specialty,Husband,White,Male,4386,0,50,United-States,138089
29,Private,9,Married-civ-spouse,Other-service,Wife,White,Female,4386,0,40,United-States,66220
53,Local-gov,10,Married-civ-spouse,Protective-serv,Husband,White,Male,4386,0,40,United-States,110499
44,Local-gov,14,Married-civ-spouse,Prof-specialty,Wife,White,Female,4386,0,40,United-States,69153
48,Private,9,Married-civ-spouse,Adm-clerical,Husband,White,Male,4386,0,45,United-States,50001
34,State-gov,10,Married-civ-spouse,Prof-specialty,Husband,Black,Male,4386,0,40,United-States,75114
44,Private,10,Married-civ-spouse,Craft-repair,Husband,White,Male,4386,0,55,United-States,40204
29,Self-emp-not-inc,10,Married-civ-spouse,Exec-managerial,Other-relative,White,Male,4386,0,45,United-States,76146
51,Local-gov,9,Married-civ-spouse,Craft-repair,Husband,White,Male,4386,0,40,United-States,83177
37,Private,9,Married-civ-spouse,Exec-managerial,Husband,White,Male,4386,0,45,United-States,83996
34,Private,10,Married-civ-spouse,Sales,Wife,White,Female,4386,0,20,United-States,19128
40,Private,10,Married-civ-spouse,Sales,Husband,White,Male,4386,0,50,United-States,24460
46,Private,10,Married-civ-spouse,Craft-repair,Husband,White,Male,4386,0,38,United-States,103781
37,Self-emp-not-inc,10,Married-civ-spouse,Exec-managerial,Husband,White,Male,4386,0,50,United-States,81740
36,Self-emp-not-inc,13,Married-civ-spouse,Exec-managerial,Husband,White,Male,4386,0,50,United-States,57504
31,Private,11,Married-civ-spouse,Craft-repair,Husband,White,Male,4386,0,40,Mexico,65675
53,Private,14,Married-civ-spouse,Prof-specialty,Husband,Asian-Pac-Islander,Male,4386,0,40,India,50311
46,Self-emp-not-inc,9,Married-civ-spouse,Farming-fishing,Husband,White,Male,4386,0,70,United-States,43479
32,Private,10,Married-civ-spouse,Sales,Husband,White,Male,4386,0,50,United-States,45845
38,Private,9,Married-civ-spouse,Craft-repair,Husband,Black,Male,4386,0,48,United-States,15000
43,Local-gov,10,Married-civ-spouse,Tech-support,Husband,White,Male,4386,0,99,United-States,50001
53,Private,9,Married-civ-spouse,Other-service,Husband,Black,Male,4386,0,30,United-States,89893
45,Private,11,Married-civ-spouse,Craft-repair,Husband,White,Male,4386,0,38,United-States,78367
41,Private,11,Married-civ-spouse,Sales,Husband,White,Male,4386,0,60,United-States,56355
63,Private,10,Married-civ-spouse,Prof-specialty,Husband,White,Male,4386,0,40,United-States,50001
42,Self-emp-not-inc,11,Married-civ-spouse,Transport-moving,Husband,White,Male,4386,0,80,United-States,71773
40,Private,10,Married-civ-spouse,Machine-op-inspct,Husband,White,Male,4386,0,50,United-States,79678
24,Private,9,Never-married,Exec-managerial,Other-relative,White,Male,4101,0,50,United-States,20324
21,Private,10,Never-married,Exec-managerial,Not-in-family,White,Female,4101,0,40,United-States,28045
32,Private,10,Never-married,Adm-clerical,Not-in-family,White,Female,4101,0,50,United-States,18434
56,Private,12,Divorced,Adm-clerical,Unmarried,White,Female,4101,0,40,United-States,27951
35,Self-emp-not-inc,10,Separated,Farming-fishing,Not-in-family,White,Male,4101,0,60,United-States,23043
43,Private,9,Separated,Other-service,Not-in-family,White,Female,4101,0,40,United-States,32873
31,Private,13,Never-married,Sales,Not-in-family,White,Male,4101,0,50,United-States,30881
56,Private,9,Divorced,Prof-specialty,Not-in-family,White,Female,4101,0,40,United-States,15000
23,Private,10,Never-married,Tech-support,Not-in-family,White,Female,4101,0,40,United-States,24856
21,Private,9,Never-married,Sales,Own-child,White,Female,4101,0,40,United-States,22742
25,Private,13,Never-married,Exec-managerial,Not-in-family,White,Male,4101,0,35,United-States,32372
31,Private,9,Never-married,Craft-repair,Own-child,White,Male,4101,0,40,United-States,50000
27,State-gov,13,Never-married,Prof-specialty,Not-in-family,White,Female,4101,0,40,United-States,41287
37,Private,11,Never-married,Adm-clerical,Not-in-family,Other,Female,4101,0,35,United-States,30828
19,Private,9,Never-married,Sales,Not-in-family,White,Male,4101,0,48,United-States,24372
23,Private,10,Never-married,Transport-moving,Not-in-family,White,Male,4101,0,40,United-States,50000
28,Local-gov,13,Never-married,Adm-clerical,Not-in-family,Black,Female,4101,0,60,United-States,35402
54,State-gov,8,Never-married,Other-service,Own-child,White,Male,4101,0,40,United-States,35947
36,Private,9,Divorced,Machine-op-inspct,Not-in-family,White,Male,4101,0,40,United-States,39540
25,Private,9,Never-married,Other-service,Other-relative,Asian-Pac-Islander,Male,4101,0,60,United-States,26600
28,Private,10,Married-civ-spouse,Sales,Wife,White,Female,4064,0,25,United-States,50000
59,Private,10,Married-civ-spouse,Sales,Husband,White,Male,4064,0,40,United-States,34605
58,State-gov,16,Married-civ-spouse,Prof-specialty,Husband,Asian-Pac-Islander,Male,4064,0,40,India,27515
43,Private,10,Married-civ-spouse,Adm-clerical,Wife,White,Female,4064,0,15,United-States,33829
39,Private,9,Married-civ-spouse,Sales,Husband,White,Male,4064,0,38,United-States,39988
26,Private,13,Married-civ-spouse,Sales,Husband,White,Male,4064,0,50,United-States,15000
63,Private,9,Married-civ-spouse,Sales,Husband,White,Male,4064,0,40,United-States,24107
32,Local-gov,9,Married-civ-spouse,Transport-moving,Wife,White,Female,4064,0,22,United-States,50000
47,Private,9,Married-civ-spouse,Handlers-cleaners,Husband,White,Male,4064,0,60,United-States,30769
35,Private,10,Married-civ-spouse,Craft-repair,Husband,White,Male,4064,0,35,United-States,27958
38,Federal-gov,13,Married-civ-spouse,Prof-specialty,Husband,White,Male,4064,0,40,United-States,50000
52,Self-emp-inc,6,Married-civ-spouse,Sales,Husband,White,Male,4064,0,45,United-States,42534
32,Self-emp-not-inc,9,Married-civ-spouse,Farming-fishing,Husband,White,Male,4064,0,40,United-States,50000
35,Private,10,Married-civ-spouse,Sales,Husband,White,Male,4064,0,40,United-States,33883
54,Private,9,Married-civ-spouse,Sales,Husband,White,Male,4064,0,55,United-States,46863
49,Private,13,Married-civ-spouse,Sales,Husband,White,Male,4064,0,44,United-States,33970
40,Private,4,Married-civ-spouse,Sales,Husband,White,Male,4064,0,40,United-States,38084
40,Private,3,Married-civ-spouse,Other-service,Husband,Other,Male,4064,0,40,Mexico,29072
43,Private,10,Married-civ-spouse,Craft-repair,Husband,White,Male,4064,0,38,United-States,30642
31,Local-gov,13,Married-civ-spouse,Machine-op-inspct,Husband,White,Male,4064,0,40,United-States,19294
50,Local-gov,10,Married-civ-spouse,Craft-repair,Husband,White,Male,4064,0,55,United-States,50000
46,Private,9,Married-civ-spouse,Craft-repair,Husband,Black,Male,4064,0,40,United-States,49030
27,Federal-gov,12,Married-civ-spouse,Adm-clerical,Husband,White,Male,4064,0,40,El-Salvador,24579
34,Private,10,Married-civ-spouse,Transport-moving,Husband,White,Male,4064,0,40,United-States,28184
61,Local-gov,16,Married-civ-spouse,Exec-managerial,Husband,White,Male,4064,0,40,United-States,50000
55,Private,9,Married-civ-spouse,Sales,Husband,White,Male,4064,0,40,United-States,50000
33,Federal-gov,10,Married-civ-spouse,Tech-support,Wife,White,Female,4064,0,40,United-States,50000
31,Federal-gov,13,Married-civ-spouse,Tech-support,Wife,White,Female,4064,0,30,Canada,31606
32,Private,13,Married-civ-spouse,Exec-managerial,Husband,White,Male,4064,0,50,United-States,42145
49,Private,9,Married-civ-spouse,Machine-op-inspct,Husband,White,Male,4064,0,50,United-States,20312
36,Private,9,Married-civ-spouse,Craft-repair,Husband,White,Male,4064,0,40,United-States,33869
42,Private,9,Married-civ-spouse,Sales,Husband,White,Male,4064,0,40,United-States,50000
30,Private,11,Married-civ-spouse,Sales,Husband,White,Male,4064,0,40,United-States,44790
38,Self-emp-not-inc,9,Married-civ-spouse,Craft-repair,Husband,White,Male,4064,0,40,United-States,25610
26,Private,10,Married-civ-spouse,Exec-managerial,Husband,White,Male,4064,0,50,United-States,28873
47,Private,13,Married-civ-spouse,Sales,Husband,White,Male,4064,0,60,United-States,24650
47,Private,11,Married-civ-spouse,Adm-clerical,Husband,White,Male,4064,0,40,United-States,50000
51,Private,11,Married-civ-spouse,Other-service,Husband,White,Male,4064,0,55,United-States,33639
28,Private,9,Married-civ-spouse,Transport-moving,Husband,White,Male,4064,0,45,United-States,38429
34,Local-gov,9,Married-civ-spouse,Protective-serv,Husband,White,Male,4064,0,50,United-States,45993
46,Private,9,Married-civ-spouse,Farming-fishing,Husband,White,Male,4064,0,55,United-States,22553
45,Private,9,Married-civ-spouse,Transport-moving,Husband,Other,Male,4064,0,40,United-States,16946
47,Private,9,Married-civ-spouse,Transport-moving,Husband,White,Male,3942,0,40,United-States,27712
41,Private,10,Married-civ-spouse,Sales,Husband,White,Male,3942,0,40,United-States,26871
38,Private,8,Married-civ-spouse,Other-service,Husband,White,Male,3942,0,40,United-States,23342
29,Private,7,Married-civ-spouse,Craft-repair,Husband,White,Male,3942,0,50,United-States,24190
50,Private,12,Married-civ-spouse,Sales,Wife,White,Female,3942,0,40,United-States,24740
45,Private,9,Married-civ-spouse,Other-service,Husband,White,Male,3942,0,40,United-States,43419
41,Local-gov,10,Married-civ-spouse,Transport-moving,Husband,White,Male,3942,0,40,United-States,25377
23,Private,9,Married-civ-spouse,Machine-op-inspct,Wife,White,Female,3942,0,40,United-States,31759
59,Private,6,Married-civ-spouse,Handlers-cleaners,Husband,White,Male,3942,0,40,United-States,21818
38,Private,4,Married-civ-spouse,Farming-fishing,Husband,White,Male,3942,0,84,Portugal,50000
26,Private,9,Married-civ-spouse,Exec-managerial,Husband,White,Male,3942,0,45,United-States,38922
35,Private,9,Married-civ-spouse,Prof-specialty,Wife,White,Female,3942,0,35,United-States,35091
27,Private,7,Married-civ-spouse,Handlers-cleaners,Husband,White,Male,3942,0,40,United-States,15000
61,Private,2,Married-civ-spouse,Handlers-cleaners,Husband,White,Male,3942,0,20,Mexico,28819
36,Private,11,Married-civ-spouse,Handlers-cleaners,Wife,White,Female,3908,0,8,United-States,49624
45,Federal-gov,11,Married-civ-spouse,Protective-serv,Husband,White,Male,3908,0,40,United-States,15000
32,Private,15,Married-civ-spouse,Prof-specialty,Husband,White,Male,3908,0,40,United-States,47527
36,Private,9,Married-civ-spouse,Craft-repair,Husband,White,Male,3908,0,55,United-States,31639
43,Private,9,Married-civ-spouse,Handlers-cleaners,Husband,White,Male,3908,0,40,United-States,39059
59,Private,7,Married-civ-spouse,Other-service,Wife,White,Female,3908,0,28,United-States,20995
27,Private,9,Married-civ-spouse,Transport-moving,Husband,White,Male,3908,0,35,United-States,44645
24,Private,13,Married-civ-spouse,Prof-specialty,Husband,White,Male,3908,0,40,United-States,22158
34,Private,9,Married-civ-spouse,Craft-repair,Husband,White,Male,3908,0,46,United-States,21898
31,Private,9,Married-civ-spouse,Sales,Husband,White,Male,3908,0,40,United-States,37963
31,Private,10,Married-civ-spouse,Prof-specialty,Wife,White,Female,3908,0,40,United-States,44912
32,Private,9,Married-civ-spouse,Handlers-cleaners,Wife,Black,Female,3908,0,40,United-States,46915
42,Private,10,Married-civ-spouse,Machine-op-inspct,Husband,White,Male,3908,0,40,United-States,44665
38,Private,13,Married-civ-spouse,Other-service,Husband,White,Male,3908,0,70,United-States,20794
58,Private,11,Married-civ-spouse,Exec-managerial,Husband,White,Male,3908,0,40,United-States,29644
51,Private,4,Married-civ-spouse,Exec-managerial,Husband,Amer-Indian-Eskimo,Male,3908,0,47,United-States,26812
51,State-gov,9,Married-civ-spouse,Adm-clerical,Wife,White,Female,3908,0,40,United-States,46261
44,Private,14,Married-civ-spouse,Adm-clerical,Husband,White,Male,3908,0,50,United-States,15000
23,Private,9,Married-civ-spouse,Adm-clerical,Wife,White,Female,3908,0,40,United-States,23504
27,Private,10,Married-civ-spouse,Tech-support,Husband,White,Male,3908,0,40,United-States,50000
35,Private,10,Married-civ-spouse,Adm-clerical,Wife,White,Female,3908,0,27,United-States,25665
33,Private,9,Married-civ-spouse,Transport-moving,Husband,White,Male,3908,0,40,United-States,41119
28,Local-gov,9,Married-civ-spouse,Protective-serv,Husband,White,Male,3908,0,40,United-States,33733
42,Self-emp-not-inc,9,Married-civ-spouse,Sales,Husband,White,Male,3908,0,45,United-States,50000
33,Local-gov,10,Married-civ-spouse,Protective-serv,Husband,White,Male,3908,0,40,United-States,21020
21,Private,6,Married-civ-spouse,Other-service,Husband,White,Male,3908,0,40,United-States,21363
34,Private,11,Married-civ-spouse,Adm-clerical,Husband,White,Male,3908,0,45,United-States,26001
31,Self-emp-inc,13,Married-civ-spouse,Sales,Husband,White,Male,3908,0,50,United-States,21314
51,Private,10,Married-civ-spouse,Transport-moving,Husband,White,Male,3908,0,40,United-States,22314
35,Self-emp-not-inc,10,Married-civ-spouse,Exec-managerial,Husband,White,Male,3908,0,60,United-States,50000
36,Self-emp-not-inc,11,Married-civ-spouse,Farming-fishing,Husband,White,Male,3908,0,75,United-States,15000
58,Local-gov,9,Married-civ-spouse,Protective-serv,Husband,White,Male,3908,0,40,United-States,19306
54,State-gov,9,Separated,Adm-clerical,Unmarried,Black,Female,3887,0,35,United-States,47372
37,Private,9,Never-married,Handlers-cleaners,Unmarried,White,Female,3887,0,40,Nicaragua,27895
28,Federal-gov,10,Never-married,Adm-clerical,Unmarried,Black,Female,3887,0,40,United-States,31527
32,State-gov,10,Never-married,Protective-serv,Unmarried,Black,Female,3887,0,40,United-States,42976
32,Private,9,Divorced,Adm-clerical,Unmarried,White,Male,3887,0,40,United-States,31707
32,Private,10,Separated,Tech-support,Unmarried,Black,Female,3887,0,40,United-States,28905
69,Self-emp-inc,13,Married-civ-spouse,Machine-op-inspct,Husband,White,Male,3818,0,30,United-States,22275
67,Self-emp-inc,9,Married-civ-spouse,Machine-op-inspct,Husband,White,Male,3818,0,11,United-States,33721
65,Private,12,Married-civ-spouse,Exec-managerial,Husband,White,Male,3818,0,40,United-States,22058
65,Private,9,Married-civ-spouse,Exec-managerial,Husband,Amer-Indian-Eskimo,Male,3818,0,40,United-States,25271
68,Private,9,Married-civ-spouse,Adm-clerical,Husband,White,Male,3818,0,40,United-States,19489
77,Local-gov,13,Married-civ-spouse,Adm-clerical,Husband,White,Male,3818,0,14,United-States,26792
65,Self-emp-not-inc,13,Married-civ-spouse,Sales,Husband,White,Male,3818,0,10,United-States,50000
37,Private,5,Married-civ-spouse,Handlers-cleaners,Husband,White,Male,3781,0,50,Mexico,23451
20,Private,9,Married-civ-spouse,Craft-repair,Husband,White,Male,3781,0,35,United-States,50000
32,Private,9,Married-civ-spouse,Craft-repair,Husband,White,Male,3781,0,40,United-States,18152
60,Private,15,Married-civ-spouse,Prof-specialty,Husband,White,Male,3781,0,16,United-States,32696
50,Self-emp-not-inc,16,Married-civ-spouse,Prof-specialty,Husband,White,Male,3781,0,40,United-States,27176
58,Private,5,Married-civ-spouse,Machine-op-inspct,Husband,Black,Male,3781,0,40,United-States,27938
33,Private,9,Married-civ-spouse,Handlers-cleaners,Husband,White,Male,3781,0,40,United-States,42421
20,Private,9,Married-civ-spouse,Adm-clerical,Husband,White,Male,3781,0,50,United-States,44833
21,Private,10,Married-civ-spouse,Adm-clerical,Wife,White,Female,3781,0,40,United-States,34808
22,Private,10,Married-civ-spouse,Adm-clerical,Wife,White,Female,3781,0,35,United-States,27852
52,Private,9,Married-civ-spouse,Machine-op-inspct,Husband,Other,Male,3781,0,40,Columbia,23225
48,Private,2,Married-civ-spouse,Farming-fishing,Husband,White,Male,3781,0,50,Mexico,31880
35,Private,7,Separated,Transport-moving,Not-in-family,Black,Male,3674,0,40,United-States,30017
33,Private,10,Never-married,Prof-specialty,Not-in-family,White,Female,3674,0,16,United-States,50000
36,Private,13,Divorced,Adm-clerical,Not-in-family,White,Female,3674,0,40,United-States,50000
50,Federal-gov,7,Never-married,Sales,Not-in-family,Black,Female,3674,0,40,United-States,28126
23,Private,10,Never-married,Adm-clerical,Not-in-family,White,Female,3674,0,40,United-States,34995
64,Private,7,Widowed,Adm-clerical,Not-in-family,White,Female,3674,0,35,United-States,50000
21,Private,9,Never-married,Handlers-cleaners,Not-in-family,White,Male,3674,0,50,United-States,22840
25,Private,13,Never-married,Prof-specialty,Not-in-family,White,Male,3674,0,30,United-States,31750
44,Private,9,Divorced,Sales,Not-in-family,White,Male,3674,0,50,United-States,50000
41,Self-emp-not-inc,9,Divorced,Sales,Not-in-family,White,Male,3674,0,45,United-States,19056
29,Local-gov,12,Never-married,Adm-clerical,Not-in-family,White,Male,3674,0,40,United-States,39172
46,Private,9,Never-married,Handlers-cleaners,Own-child,White,Male,3674,0,30,United-States,27211
32,Private,2,Never-married,Craft-repair,Not-in-family,White,Male,3674,0,40,Guatemala,26143
24,Private,13,Never-married,Tech-support,Not-in-family,White,Female,3674,0,40,United-States,23147
61,Private,9,Married-civ-spouse,Machine-op-inspct,Husband,White,Male,3471,0,40,United-States,29509
74,Private,5,Married-civ-spouse,Machine-op-inspct,Husband,White,Male,3471,0,40,United-States,15000
63,Private,9,Married-civ-spouse,Adm-clerical,Wife,White,Female,3471,0,40,United-States,19185
64,Local-gov,9,Married-civ-spouse,Handlers-cleaners,Husband,White,Male,3471,0,40,United-States,17225
73,Private,9,Married-civ-spouse,Machine-op-inspct,Husband,White,Male,3471,0,40,England,28400
37,Private,11,Married-civ-spouse,Adm-clerical,Husband,White,Male,3471,0,40,United-States,50000
72,Private,10,Married-civ-spouse,Prof-specialty,Husband,White,Male,3471,0,20,United-States,50000
66,Federal-gov,6,Married-civ-spouse,Craft-repair,Husband,White,Male,3471,0,40,United-States,20759
39,Federal-gov,14,Married-civ-spouse,Craft-repair,Wife,Asian-Pac-Islander,Female,3464,0,40,United-States,27048
39,Private,13,Married-civ-spouse,Sales,Husband,White,Male,3464,0,40,United-States,50000
38,Private,9,Married-civ-spouse,Sales,Husband,White,Male,3464,0,40,Columbia,50000
32,Private,10,Married-civ-spouse,Exec-managerial,Husband,White,Male,3464,0,40,United-States,15914
40,Private,9,Married-civ-spouse,Exec-managerial,Wife,Black,Female,3464,0,20,United-States,42719
41,State-gov,9,Married-civ-spouse,Adm-clerical,Husband,White,Male,3464,0,40,United-States,20744
36,State-gov,9,Married-civ-spouse,Adm-clerical,Husband,White,Male,3464,0,30,United-States,22709
26,Private,9,Married-civ-spouse,Machine-op-inspct,Husband,White,Male,3464,0,48,United-States,21419
29,Self-emp-not-inc,9,Married-civ-spouse,Farming-fishing,Husband,White,Male,3464,0,40,United-States,50000
38,State-gov,9,Married-civ-spouse,Adm-clerical,Husband,White,Male,3464,0,40,United-States,26128
27,Private,9,Married-civ-spouse,Sales,Wife,White,Female,3464,0,40,United-States,28829
39,State-gov,9,Married-civ-spouse,Adm-clerical,Wife,Asian-Pac-Islander,Female,3464,0,20,United-States,30861
54,Private,9,Married-civ-spouse,Sales,Husband,White,Male,3464,0,40,United-States,32356
37,Private,9,Married-civ-spouse,Machine-op-inspct,Husband,White,Male,3464,0,50,United-States,24698
31,Private,11,Married-civ-spouse,Craft-repair,Husband,White,Male,3464,0,38,United-States,41733
38,Self-emp-not-inc,9,Married-civ-spouse,Other-service,Husband,White,Male,3464,0,80,Italy,50000
31,Local-gov,10,Married-civ-spouse,Protective-serv,Husband,White,Male,3464,0,45,United-States,20076
46,Private,9,Married-civ-spouse,Craft-repair,Husband,White,Male,3464,0,40,United-States,48522
37,Private,10,Married-civ-spouse,Machine-op-inspct,Husband,White,Male,3464,0,40,United-States,39294
30,Private,3,Married-civ-spouse,Machine-op-inspct,Husband,White,Male,3464,0,40,Mexico,44680
32,Private,10,Married-civ-spouse,Machine-op-inspct,Husband,White,Male,3464,0,40,United-States,40719
36,Private,6,Married-civ-spouse,Machine-op-inspct,Own-child,White,Female,3464,0,40,United-States,50000
55,Private,13,Married-civ-spouse,Adm-clerical,Wife,White,Female,3464,0,40,United-States,22448
36,Self-emp-not-inc,10,Married-civ-spouse,Farming-fishing,Husband,White,Male,3456,0,8,United-States,39943
75,Self-emp-not-inc,9,Married-civ-spouse,Farming-fishing,Husband,White,Male,3456,0,40,United-States,37809
71,Self-emp-not-inc,10,Married-civ-spouse,Farming-fishing,Husband,White,Male,3432,0,30,United-States,28479
70,Private,9,Married-civ-spouse,Sales,Husband,White,Male,3432,0,40,United-States,50000
71,Private,10,Married-civ-spouse,Sales,Husband,White,Male,3432,0,20,United-States,50000
66,Local-gov,9,Married-civ-spouse,Exec-managerial,Husband,White,Male,3432,0,20,United-States,47052
25,Local-gov,11,Never-married,Exec-managerial,Own-child,White,Female,3418,0,40,United-States,30748
33,Private,6,Separated,Other-service,Unmarried,White,Female,3418,0,35,United-States,28898
29,Private,12,Divorced,Sales,Unmarried,White,Female,3418,0,40,United-States,24201
25,Private,10,Never-married,Sales,Own-child,Black,Female,3418,0,30,United-States,31912
29,Private,7,Divorced,Sales,Not-in-family,White,Female,3418,0,48,United-States,33888
27,State-gov,10,Married-civ-spouse,Transport-moving,Husband,White,Male,3411,0,40,United-States,24592
44,Private,11,Married-civ-spouse,Craft-repair,Husband,White,Male,3411,0,40,United-States,35896
62,Private,4,Married-civ-spouse,Craft-repair,Husband,White,Male,3411,0,50,United-States,36134
39,Private,5,Married-civ-spouse,Other-service,Wife,Black,Female,3411,0,34,United-States,39161
62,Private,11,Married-civ-spouse,Other-service,Husband,White,Male,3411,0,40,United-States,21912
51,Private,9,Married-civ-spouse,Adm-clerical,Wife,Black,Female,3411,0,38,United-States,36485
40,Self-emp-not-inc,9,Married-civ-spouse,Craft-repair,Husband,White,Male,3411,0,40,United-States,37322
29,Private,13,Married-civ-spouse,Craft-repair,Husband,White,Male,3411,0,45,United-States,15000
47,Local-gov,7,Married-civ-spouse,Transport-moving,Husband,White,Male,3411,0,40,El-Salvador,15683
37,Private,13,Married-civ-spouse,Exec-managerial,Other-relative,White,Male,3411,0,47,United-States,20002
30,Private,9,Married-civ-spouse,Craft-repair,Own-child,Asian-Pac-Islander,Male,3411,0,40,United-States,27182
50,Private,4,Married-civ-spouse,Craft-repair,Husband,White,Male,3411,0,40,United-States,19847
44,State-gov,10,Married-civ-spouse,Exec-managerial,Husband,White,Male,3411,0,40,United-States,49135
28,Private,9,Married-civ-spouse,Craft-repair,Husband,White,Male,3411,0,40,United-States,50000
26,Private,7,Married-civ-spouse,Exec-managerial,Husband,White,Male,3411,0,40,United-States,50000
41,Private,3,Married-civ-spouse,Farming-fishing,Husband,White,Male,3411,0,40,Mexico,40901
61,Private,3,Married-civ-spouse,Handlers-cleaners,Husband,White,Male,3411,0,45,United-States,42080
46,Private,9,Married-civ-spouse,Machine-op-inspct,Husband,White,Male,3411,0,35,Guatemala,29199
56,Self-emp-not-inc,5,Married-civ-spouse,Exec-managerial,Other-relative,White,Male,3411,0,50,Columbia,35761
64,Self-emp-not-inc,10,Married-civ-spouse,Exec-managerial,Husband,White,Male,3411,0,15,United-States,29345
38,Self-emp-not-inc,9,Married-civ-spouse,Craft-repair,Husband,White,Male,3411,0,25,United-States,21949
55,Private,9,Married-civ-spouse,Transport-moving,Husband,Black,Male,3411,0,40,Jamaica,25753
29,Private,10,Married-civ-spouse,Exec-managerial,Husband,White,Male,3411,0,70,Mexico,18880
33,Private,9,Married-civ-spouse,Craft-repair,Husband,White,Male,3411,0,40,United-States,26411
51,Private,10,Widowed,Prof-specialty,Not-in-family,White,Female,3325,0,40,United-States,22063
25,Private,9,Divorced,Craft-repair,Not-in-family,White,Male,3325,0,45,United-States,46824
49,Private,10,Divorced,Machine-op-inspct,Not-in-family,White,Male,3325,0,45,United-States,25466
45,Federal-gov,9,Never-married,Transport-moving,Not-in-family,Black,Male,3325,0,40,United-States,27911
45,Private,9,Never-married,Adm-clerical,Not-in-family,White,Male,3325,0,40,United-States,44141
34,Private,9,Divorced,Craft-repair,Not-in-family,White,Male,3325,0,35,United-States,27436
24,Private,10,Never-married,Adm-clerical,Own-child,White,Female,3325,0,52,Dominican-Republic,27483
43,Private,13,Married-spouse-absent,Prof-specialty,Not-in-family,White,Male,3325,0,40,United-States,44239
58,Private,9,Divorced,Machine-op-inspct,Not-in-family,White,Male,3325,0,30,United-States,37391
26,Federal-gov,10,Never-married,Craft-repair,Not-in-family,White,Male,3325,0,40,United-States,18205
29,Private,9,Never-married,Machine-op-inspct,Not-in-family,White,Male,3325,0,40,Ecuador,32398
47,Self-emp-inc,13,Never-married,Sales,Not-in-family,White,Male,3325,0,60,United-States,29950
47,Private,9,Divorced,Exec-managerial,Not-in-family,Amer-Indian-Eskimo,Female,3325,0,45,United-States,30050
48,Private,10,Divorced,Transport-moving,Not-in-family,White,Male,3325,0,53,United-States,35403
26,Private,13,Never-married,Craft-repair,Not-in-family,White,Male,3325,0,40,United-States,30612
31,State-gov,12,Never-married,Adm-clerical,Not-in-family,White,Female,3325,0,35,United-States,34896
22,Private,10,Never-married,Other-service,Not-in-family,White,Male,3325,0,40,United-States,19433
38,Private,13,Divorced,Exec-managerial,Not-in-family,White,Male,3325,0,40,United-States,30488
21,Private,9,Never-married,Handlers-cleaners,Not-in-family,White,Male,3325,0,60,United-States,17626
60,Private,10,Divorced,Prof-specialty,Unmarried,White,Male,3325,0,42,United-States,24491
51,Local-gov,15,Never-married,Prof-specialty,Not-in-family,White,Male,3325,0,40,United-States,44198
31,Private,13,Never-married,Tech-support,Not-in-family,White,Male,3325,0,60,United-States,24962
29,Private,13,Never-married,Sales,Not-in-family,White,Female,3325,0,45,United-States,32644
49,Private,10,Divorced,Exec-managerial,Not-in-family,White,Male,3325,0,50,United-States,25353
35,Private,9,Never-married,Other-service,Not-in-family,White,Male,3325,0,50,United-States,30423
31,Private,9,Never-married,Exec-managerial,Not-in-family,White,Male,3325,0,40,United-States,38915
28,Private,10,Never-married,Prof-specialty,Not-in-family,Black,Female,3325,0,50,United-States,18513
48,Private,10,Divorced,Craft-repair,Not-in-family,White,Male,3325,0,40,United-States,50000
40,Private,14,Never-married,Prof-specialty,Not-in-family,White,Female,3325,0,40,United-States,38851
42,Private,9,Never-married,Craft-repair,Not-in-family,White,Male,3325,0,40,United-States,27235
33,Private,9,Never-married,Sales,Not-in-family,White,Male,3325,0,50,United-States,16428
41,Private,11,Divorced,Tech-support,Not-in-family,White,Female,3325,0,40,United-States,40438
40,Private,11,Divorced,Tech-support,Not-in-family,White,Male,3325,0,40,United-States,26150
27,Private,12,Never-married,Exec-managerial,Not-in-family,White,Male,3325,0,40,United-States,50000
36,Private,10,Divorced,Sales,Not-in-family,White,Female,3325,0,45,United-States,39634
25,Private,13,Never-married,Sales,Not-in-family,White,Male,3325,0,48,United-States,38928
25,Private,13,Never-married,Sales,Not-in-family,White,Male,3325,0,40,United-States,22367
25,Private,13,Never-married,Exec-managerial,Not-in-family,White,Female,3325,0,40,United-States,50000
27,Local-gov,13,Never-married,Prof-specialty,Not-in-family,Amer-Indian-Eskimo,Female,3325,0,43,United-States,30289
27,Private,9,Never-married,Craft-repair,Not-in-family,Black,Male,3325,0,40,United-States,19205
26,Private,9,Never-married,Craft-repair,Own-child,White,Male,3325,0,40,United-States,29870
48,Self-emp-not-inc,10,Divorced,Sales,Not-in-family,White,Female,3325,0,60,United-States,31410
46,Self-emp-inc,9,Married-spouse-absent,Farming-fishing,Not-in-family,White,Male,3325,0,45,United-States,28336
44,Self-emp-not-inc,13,Divorced,Exec-managerial,Not-in-family,White,Female,3325,0,40,United-States,46015
30,Private,10,Never-married,Prof-specialty,Own-child,White,Male,3325,0,50,United-States,20942
23,Private,13,Never-married,Tech-support,Own-child,White,Female,3325,0,40,United-States,28431
46,Private,10,Divorced,Transport-moving,Own-child,White,Male,3325,0,55,United-States,25651
29,Private,13,Never-married,Exec-managerial,Own-child,White,Female,3325,0,10,United-States,28569
42,Local-gov,10,Divorced,Tech-support,Not-in-family,White,Female,3325,0,40,United-States,20026
41,Private,9,Never-married,Craft-repair,Not-in-family,White,Male,3325,0,50,United-States,40694
52,Private,9,Divorced,Craft-repair,Not-in-family,White,Male,3325,0,40,United-States,47422
46,State-gov,11,Divorced,Tech-support,Not-in-family,White,Female,3325,0,42,United-States,30411
59,Private,10,Separated,Adm-clerical,Other-relative,White,Male,3325,0,40,United-States,37379
67,Self-emp-not-inc,9,Divorced,Exec-managerial,Not-in-family,White,Female,3273,0,16,United-States,41089
66,Federal-gov,11,Widowed,Other-service,Unmarried,Black,Female,3273,0,40,United-States,17113
66,Local-gov,16,Divorced,Prof-specialty,Not-in-family,White,Female,3273,0,40,United-States,50000
73,Federal-gov,10,Widowed,Tech-support,Not-in-family,White,Female,3273,0,40,United-States,28513
68,Private,14,Never-married,Prof-specialty,Not-in-family,White,Female,3273,0,40,United-States,50000
69,Self-emp-not-inc,6,Married-spouse-absent,Farming-fishing,Not-in-family,White,Male,3273,0,45,United-States,27442
54,Private,10,Married-civ-spouse,Sales,Husband,White,Male,3137,0,50,United-States,24673
31,Private,5,Married-civ-spouse,Machine-op-inspct,Husband,White,Male,3137,0,40,Mexico,50000
45,Self-emp-not-inc,10,Married-civ-spouse,Exec-managerial,Husband,Amer-Indian-Eskimo,Male,3137,0,40,United-States,35513
38,Private,9,Married-civ-spouse,Machine-op-inspct,Husband,White,Male,3137,0,45,United-States,48246
37,Private,9,Married-civ-spouse,Craft-repair,Own-child,White,Male,3137,0,40,United-States,17283
41,Private,10,Married-civ-spouse,Tech-support,Husband,Black,Male,3137,0,40,United-States,35475
37,Self-emp-not-inc,13,Married-civ-spouse,Sales,Husband,Asian-Pac-Islander,Male,3137,0,77,Vietnam,18075
64,Local-gov,9,Married-civ-spouse,Craft-repair,Husband,White,Male,3137,0,40,United-States,25422
47,Local-gov,13,Married-civ-spouse,Prof-specialty,Husband,White,Male,3137,0,40,United-States,29237
29,Private,9,Married-civ-spouse,Machine-op-inspct,Husband,White,Male,3137,0,48,Ireland,23060
57,Self-emp-not-inc,10,Married-civ-spouse,Craft-repair,Husband,White,Male,3137,0,40,United-States,50000
25,Private,10,Married-civ-spouse,Protective-serv,Husband,White,Male,3137,0,40,United-States,18526
51,Self-emp-not-inc,9,Married-civ-spouse,Craft-repair,Husband,White,Male,3137,0,60,United-States,44161
28,Private,11,Married-civ-spouse,Other-service,Other-relative,White,Female,3137,0,40,United-States,30444
45,Private,9,Married-civ-spouse,Machine-op-inspct,Husband,Black,Male,3137,0,35,United-States,24005
37,Private,5,Married-civ-spouse,Other-service,Husband,White,Male,3137,0,40,United-States,23874
44,Private,9,Married-civ-spouse,Handlers-cleaners,Wife,White,Female,3137,0,30,United-States,28940
39,Private,13,Married-civ-spouse,Tech-support,Husband,Asian-Pac-Islander,Male,3137,0,40,United-States,34873
53,Private,10,Married-civ-spouse,Machine-op-inspct,Husband,White,Male,3137,0,40,United-States,34072
44,Self-emp-not-inc,9,Married-civ-spouse,Craft-repair,Husband,White,Male,3137,0,50,United-States,33631
50,Private,9,Married-civ-spouse,Machine-op-inspct,Wife,White,Female,3137,0,40,El-Salvador,41616
50,Private,9,Married-civ-spouse,Machine-op-inspct,Husband,White,Male,3137,0,47,United-States,25918
51,Private,9,Married-civ-spouse,Machine-op-inspct,Husband,Black,Male,3137,0,40,United-States,24781
60,Private,4,Married-civ-spouse,Machine-op-inspct,Husband,White,Male,3137,0,40,Poland,20965
35,Private,9,Married-civ-spouse,Craft-repair,Husband,White,Male,3137,0,40,United-States,46526
40,Local-gov,9,Married-civ-spouse,Other-service,Other-relative,White,Male,3137,0,40,United-States,35867
42,Private,13,Married-civ-spouse,Exec-managerial,Husband,White,Male,3137,0,40,United-States,32707
37,Self-emp-not-inc,9,Married-civ-spouse,Prof-specialty,Husband,White,Male,3137,0,30,United-States,50000
60,Self-emp-not-inc,10,Married-civ-spouse,Transport-moving,Husband,White,Male,3137,0,46,United-States,27120
31,Self-emp-not-inc,11,Married-civ-spouse,Exec-managerial,Husband,White,Male,3137,0,50,United-States,26627
52,Local-gov,10,Married-civ-spouse,Protective-serv,Husband,White,Male,3137,0,42,United-States,48224
36,Self-emp-not-inc,9,Married-civ-spouse,Prof-specialty,Wife,White,Female,3137,0,40,United-States,46667
36,Private,10,Married-civ-spouse,Craft-repair,Husband,White,Male,3137,0,50,El-Salvador,18309
38,Self-emp-not-inc,10,Married-civ-spouse,Prof-specialty,Husband,White,Male,3137,0,50,United-States,20158
30,Self-emp-not-inc,11,Married-civ-spouse,Sales,Husband,White,Male,3137,0,60,Germany,36744
31,Private,9,Married-civ-spouse,Farming-fishing,Husband,White,Male,3137,0,45,United-States,39770
46,Self-emp-not-inc,10,Married-civ-spouse,Exec-managerial,Husband,White,Male,3137,0,40,United-States,27308
33,Private,13,Married-civ-spouse,Prof-specialty,Husband,White,Male,3103,0,47,United-States,50001
37,Private,7,Married-civ-spouse,Machine-op-inspct,Husband,White,Male,3103,0,44,United-States,57185
50,Private,9,Married-civ-spouse,Machine-op-inspct,Husband,White,Male,3103,0,40,United-States,80716
41,Private,13,Married-civ-spouse,Craft-repair,Husband,White,Male,3103,0,40,United-States,50001
26,Private,10,Married-civ-spouse,Tech-support,Husband,White,Male,3103,0,40,United-States,131186
51,Private,11,Married-civ-spouse,Craft-repair,Husband,White,Male,3103,0,50,United-States,102327
33,Private,9,Married-civ-spouse,Sales,Husband,White,Male,3103,0,40,United-States,56626
36,Private,9,Married-civ-spouse,Craft-repair,Husband,White,Male,3103,0,40,United-States,50001
39,Private,9,Married-civ-spouse,Sales,Husband,White,Male,3103,0,44,United-States,120316
51,Private,9,Married-civ-spouse,Handlers-cleaners,Husband,White,Male,3103,0,40,United-States,77826
36,Private,13,Married-civ-spouse,Prof-specialty,Husband,White,Male,3103,0,45,United-States,65260
48,Private,10,Married-civ-spouse,Sales,Husband,White,Male,3103,0,40,United-States,110705
32,Private,9,Married-civ-spouse,Exec-managerial,Husband,White,Male,3103,0,55,United-States,72813
50,Private,9,Married-civ-spouse,Craft-repair,Husband,White,Male,3103,0,40,United-States,50001
50,Private,11,Married-civ-spouse,Transport-moving,Husband,White,Male,3103,0,55,United-States,50001
41,Self-emp-not-inc,10,Married-civ-spouse,Machine-op-inspct,Husband,White,Male,3103,0,40,United-States,50001
52,Private,12,Married-civ-spouse,Sales,Husband,White,Male,3103,0,48,United-States,76432
44,Private,13,Married-civ-spouse,Adm-clerical,Husband,White,Male,3103,0,40,United-States,59456
56,Private,9,Married-civ-spouse,Craft-repair,Husband,White,Male,3103,0,40,United-States,55507
37,Self-emp-inc,10,Married-civ-spouse,Exec-managerial,Husband,White,Male,3103,0,50,United-States,69021
35,Self-emp-not-inc,9,Married-civ-spouse,Craft-repair,Husband,White,Male,3103,0,40,United-States,54718
34,Self-emp-not-inc,11,Married-civ-spouse,Craft-repair,Husband,White,Male,3103,0,60,United-States,59824
62,Private,13,Married-civ-spouse,Prof-specialty,Husband,White,Male,3103,0,40,United-States,50001
43,Private,13,Married-civ-spouse,Exec-managerial,Husband,White,Male,3103,0,40,United-States,127996
28,Private,13,Married-civ-spouse,Exec-managerial,Husband,White,Male,3103,0,40,United-States,65759
43,Private,11,Married-civ-spouse,Exec-managerial,Husband,White,Male,3103,0,48,United-States,50001
57,Private,13,Married-civ-spouse,Prof-specialty,Husband,White,Male,3103,0,40,United-States,66677
47,Private,10,Married-civ-spouse,Machine-op-inspct,Husband,Asian-Pac-Islander,Male,3103,0,40,Philippines,50001
50,Private,11,Married-civ-spouse,Tech-support,Husband,White,Male,3103,0,40,United-States,60724
33,Self-emp-not-inc,11,Married-civ-spouse,Prof-specialty,Wife,White,Female,3103,0,50,United-States,52076
54,Private,10,Married-civ-spouse,Craft-repair,Husband,White,Male,3103,0,40,Germany,129594
47,Private,13,Married-civ-spouse,Exec-managerial,Husband,White,Male,3103,0,60,United-States,71953
33,Private,13,Married-civ-spouse,Prof-specialty,Husband,White,Male,3103,0,43,United-States,138034
52,Private,15,Married-civ-spouse,Prof-specialty,Wife,White,Female,3103,0,30,United-States,50001
39,Private,10,Married-civ-spouse,Sales,Husband,White,Male,3103,0,50,United-States,61076
55,Private,9,Married-civ-spouse,Handlers-cleaners,Husband,White,Male,3103,0,40,United-States,68655
57,Private,13,Married-civ-spouse,Prof-specialty,Husband,White,Male,3103,0,50,United-States,50001
40,Private,16,Married-civ-spouse,Exec-managerial,Husband,Asian-Pac-Islander,Male,3103,0,40,India,50001
60,State-gov,14,Married-civ-spouse,Exec-managerial,Wife,White,Female,3103,0,40,United-States,101501
26,Local-gov,9,Married-civ-spouse,Protective-serv,Husband,White,Male,3103,0,40,United-States,88539
36,Private,11,Married-civ-spouse,Machine-op-inspct,Husband,White,Male,3103,0,40,United-States,139039
32,Private,9,Married-civ-spouse,Exec-managerial,Husband,White,Male,3103,0,40,United-States,73849
39,Self-emp-inc,9,Married-civ-spouse,Exec-managerial,Husband,White,Male,3103,0,60,United-States,123511
51,Self-emp-not-inc,12,Married-civ-spouse,Sales,Husband,White,Male,3103,0,30,United-States,76802
27,Private,10,Married-civ-spouse,Prof-specialty,Husband,White,Male,3103,0,50,United-States,153829
41,State-gov,10,Married-civ-spouse,Adm-clerical,Wife,White,Female,3103,0,40,United-States,118681
61,Private,14,Married-civ-spouse,Sales,Husband,White,Male,3103,0,50,United-States,26800
38,Private,6,Married-civ-spouse,Craft-repair,Husband,White,Male,3103,0,40,United-States,100854
40,Self-emp-not-inc,14,Married-civ-spouse,Sales,Husband,White,Male,3103,0,50,United-States,50000
43,Private,10,Married-civ-spouse,Sales,Husband,White,Male,3103,0,40,United-States,50001
46,Private,10,Married-civ-spouse,Transport-moving,Husband,White,Male,3103,0,40,United-States,129094
54,Private,13,Married-civ-spouse,Sales,Husband,White,Male,3103,0,40,United-States,62691
36,Private,13,Married-civ-spouse,Tech-support,Husband,White,Male,3103,0,42,United-States,102192
49,Private,9,Married-civ-spouse,Craft-repair,Husband,White,Male,3103,0,45,United-States,114104
52,Private,10,Married-civ-spouse,Exec-managerial,Husband,White,Male,3103,0,55,United-States,110047
55,Private,9,Married-civ-spouse,Craft-repair,Husband,White,Male,3103,0,40,United-States,53869
38,Self-emp-not-inc,13,Married-civ-spouse,Prof-specialty,Husband,Asian-Pac-Islander,Male,3103,0,60,United-States,75845
39,Private,13,Married-civ-spouse,Exec-managerial,Husband,White,Male,3103,0,50,United-States,64754
59,Private,10,Married-civ-spouse,Transport-moving,Husband,White,Male,3103,0,35,United-States,117696
34,Private,13,Married-civ-spouse,Exec-managerial,Husband,White,Male,3103,0,55,United-States,136848
42,Private,10,Married-civ-spouse,Craft-repair,Husband,White,Male,3103,0,45,United-States,57220
46,Private,10,Married-civ-spouse,Craft-repair,Husband,White,Male,3103,0,60,United-States,145461
53,Self-emp-not-inc,9,Married-civ-spouse,Craft-repair,Husband,Black,Male,3103,0,72,United-States,34444
51,Self-emp-not-inc,9,Married-civ-spouse,Farming-fishing,Husband,White,Male,3103,0,60,United-States,68534
34,Private,10,Married-civ-spouse,Tech-support,Husband,White,Male,3103,0,40,United-States,50001
35,Self-emp-not-inc,11,Married-civ-spouse,Farming-fishing,Husband,White,Male,3103,0,55,United-States,29626
51,Private,10,Married-civ-spouse,Craft-repair,Husband,White,Male,3103,0,48,United-States,107019
50,Self-emp-not-inc,12,Married-civ-spouse,Machine-op-inspct,Husband,White,Male,3103,0,40,United-States,54386
55,Self-emp-not-inc,14,Married-civ-spouse,Sales,Husband,White,Male,3103,0,55,United-States,108789
37,Private,9,Married-civ-spouse,Craft-repair,Husband,White,Male,3103,0,45,United-States,102760
48,Private,9,Married-civ-spouse,Machine-op-inspct,Husband,White,Male,3103,0,46,United-States,50001
25,Self-emp-not-inc,10,Married-civ-spouse,Craft-repair,Husband,White,Male,3103,0,50,United-States,50001
39,Private,13,Married-civ-spouse,Sales,Husband,White,Male,3103,0,48,United-States,165731
45,Private,8,Married-civ-spouse,Adm-clerical,Wife,Black,Female,3103,0,40,United-States,50001
45,Self-emp-not-inc,10,Married-civ-spouse,Other-service,Husband,White,Male,3103,0,42,United-States,26061
46,Private,13,Married-civ-spouse,Prof-specialty,Husband,White,Male,3103,0,40,United-States,50001
28,Private,9,Married-civ-spouse,Prof-specialty,Wife,White,Female,3103,0,20,United-States,31992
18,Private,9,Married-civ-spouse,Priv-house-serv,Not-in-family,White,Female,3103,0,40,United-States,45512
46,Private,9,Married-civ-spouse,Adm-clerical,Wife,White,Female,3103,0,52,United-States,72732
34,Private,14,Married-civ-spouse,Exec-managerial,Husband,Asian-Pac-Islander,Male,3103,0,40,India,50001
30,Private,13,Married-civ-spouse,Exec-managerial,Husband,White,Male,3103,0,60,United-States,91357
25,Private,10,Married-civ-spouse,Adm-clerical,Wife,Black,Female,3103,0,40,United-States,50826
56,Private,9,Married-civ-spouse,Transport-moving,Husband,White,Male,3103,0,45,United-States,50001
44,Private,9,Married-civ-spouse,Exec-managerial,Wife,White,Female,3103,0,40,United-States,82657
29,Private,13,Married-civ-spouse,Sales,Husband,White,Male,3103,0,45,United-States,66664
61,Private,9,Married-civ-spouse,Sales,Husband,White,Male,3103,0,40,United-States,92189
46,Self-emp-inc,13,Married-civ-spouse,Exec-managerial,Husband,White,Male,3103,0,37,United-States,74960
30,Private,13,Married-civ-spouse,Sales,Wife,White,Female,3103,0,55,United-States,92441
46,Federal-gov,13,Married-civ-spouse,Tech-support,Husband,White,Male,3103,0,40,United-States,50001
44,Private,10,Married-civ-spouse,Machine-op-inspct,Husband,White,Male,3103,0,40,United-States,57988
60,Self-emp-not-inc,9,Married-civ-spouse,Transport-moving,Husband,White,Male,3103,0,60,United-States,50001
45,Private,13,Married-civ-spouse,Craft-repair,Husband,White,Male,3103,0,40,United-States,53746
53,Private,14,Married-civ-spouse,Prof-specialty,Husband,White,Male,3103,0,40,United-States,50001
55,Local-gov,14,Married-civ-spouse,Prof-specialty,Wife,White,Female,3103,0,45,United-States,50001
41,Private,13,Married-civ-spouse,Adm-clerical,Husband,Asian-Pac-Islander,Male,3103,0,35,Philippines,63326
30,Private,9,Married-civ-spouse,Transport-moving,Husband,White,Male,3103,0,70,United-States,50001
37,Private,10,Married-civ-spouse,Craft-repair,Husband,White,Male,3103,0,40,United-States,50001
69,Private,5,Never-married,Craft-repair,Other-relative,White,Male,2993,0,40,United-States,50000
70,Private,9,Widowed,Craft-repair,Not-in-family,White,Female,2993,0,20,United-States,24745
40,Local-gov,10,Never-married,Adm-clerical,Unmarried,Amer-Indian-Eskimo,Female,2977,0,35,United-States,47146
40,Private,13,Never-married,Adm-clerical,Unmarried,Black,Female,2977,0,40,United-States,50000
35,State-gov,13,Never-married,Exec-managerial,Not-in-family,Asian-Pac-Islander,Female,2977,0,45,United-States,50000
34,Private,9,Divorced,Exec-managerial,Unmarried,White,Female,2977,0,50,United-States,18098
36,Private,4,Married-spouse-absent,Machine-op-inspct,Unmarried,White,Female,2977,0,40,Puerto-Rico,42622
39,Private,9,Divorced,Machine-op-inspct,Unmarried,White,Male,2977,0,40,United-States,50000
32,Private,9,Never-married,Adm-clerical,Unmarried,Black,Female,2977,0,35,United-States,50000
42,State-gov,13,Divorced,Adm-clerical,Unmarried,Black,Female,2977,0,40,United-States,38573
78,Private,9,Widowed,Other-service,Not-in-family,Black,Female,2964,0,40,United-States,44190
71,Private,10,Never-married,Other-service,Not-in-family,White,Female,2964,0,60,United-States,24760
69,Private,12,Divorced,Adm-clerical,Not-in-family,White,Female,2964,0,6,Germany,28333
69,Private,4,Divorced,Machine-op-inspct,Unmarried,Black,Female,2964,0,40,United-States,23249
79,Private,4,Widowed,Priv-house-serv,Not-in-family,White,Female,2964,0,30,United-States,23402
66,Private,11,Widowed,Priv-house-serv,Not-in-family,White,Female,2964,0,30,United-States,49610
70,Private,9,Widowed,Priv-house-serv,Not-in-family,White,Female,2964,0,12,United-States,50000
90,Self-emp-not-inc,9,Never-married,Exec-managerial,Not-in-family,White,Male,2964,0,12,United-States,23506
69,Self-emp-not-inc,9,Divorced,Exec-managerial,Not-in-family,White,Female,2964,0,35,United-States,27153
51,Private,4,Married-civ-spouse,Craft-repair,Husband,White,Male,2961,0,40,United-States,17489
62,Private,9,Married-civ-spouse,Craft-repair,Husband,White,Male,2961,0,30,United-States,50000
20,Private,7,Married-civ-spouse,Handlers-cleaners,Other-relative,White,Male,2961,0,35,United-States,43247
66,Private,14,Married-civ-spouse,Prof-specialty,Husband,White,Male,2936,0,20,United-States,24669
81,Self-emp-inc,6,Married-civ-spouse,Exec-managerial,Wife,White,Female,2936,0,28,United-States,37524
58,Private,4,Married-civ-spouse,Machine-op-inspct,Husband,White,Male,2936,0,50,Mexico,38647
59,Private,10,Divorced,Craft-repair,Not-in-family,White,Male,2907,0,40,United-States,29230
26,Private,6,Never-married,Adm-clerical,Not-in-family,White,Female,2907,0,40,United-States,34951
23,Private,13,Never-married,Protective-serv,Not-in-family,White,Female,2907,0,40,United-States,15636
36,Private,9,Never-married,Adm-clerical,Other-relative,White,Female,2907,0,40,Nicaragua,44248
26,Private,7,Separated,Craft-repair,Other-relative,White,Male,2907,0,50,United-States,15000
56,Private,13,Never-married,Prof-specialty,Not-in-family,White,Female,2907,0,52,Cuba,34578
31,Private,9,Never-married,Farming-fishing,Not-in-family,White,Male,2907,0,99,United-States,21472
22,Private,9,Never-married,Craft-repair,Own-child,White,Male,2907,0,40,United-States,26389
23,Private,13,Never-married,Craft-repair,Own-child,White,Male,2907,0,40,United-States,32851
25,Private,5,Never-married,Handlers-cleaners,Own-child,Black,Male,2907,0,40,United-States,33676
18,Private,10,Never-married,Transport-moving,Own-child,White,Male,2907,0,30,United-States,41216
59,Private,13,Married-civ-spouse,Adm-clerical,Wife,White,Female,2885,0,30,United-States,40273
41,Private,9,Married-civ-spouse,Machine-op-inspct,Husband,White,Male,2885,0,40,United-States,50000
35,Private,9,Married-civ-spouse,Transport-moving,Husband,White,Male,2885,0,40,United-States,27043
56,Private,9,Married-civ-spouse,Craft-repair,Husband,White,Male,2885,0,45,United-States,50000
47,Self-emp-inc,9,Married-civ-spouse,Exec-managerial,Husband,White,Male,2885,0,32,United-States,46930
35,Private,9,Married-civ-spouse,Machine-op-inspct,Husband,White,Male,2885,0,40,United-States,19703
36,Self-emp-not-inc,9,Married-civ-spouse,Craft-repair,Husband,White,Male,2885,0,40,United-States,33276
56,State-gov,16,Married-civ-spouse,Prof-specialty,Not-in-family,Asian-Pac-Islander,Male,2885,0,40,China,39866
55,State-gov,9,Married-civ-spouse,Prof-specialty,Wife,White,Female,2885,0,40,United-States,15296
27,Private,9,Married-civ-spouse,Machine-op-inspct,Husband,Asian-Pac-Islander,Male,2885,0,40,Laos,16636
22,Private,13,Married-civ-spouse,Adm-clerical,Own-child,Amer-Indian-Eskimo,Female,2885,0,25,United-States,39955
48,Private,9,Married-civ-spouse,Sales,Husband,White,Male,2885,0,15,United-States,50000
27,Private,9,Married-civ-spouse,Craft-repair,Husband,White,Male,2885,0,40,United-States,39864
34,Private,9,Married-civ-spouse,Craft-repair,Husband,White,Male,2885,0,80,United-States,46053
47,Private,13,Married-civ-spouse,Exec-managerial,Husband,Asian-Pac-Islander,Male,2885,0,65,Japan,20693
26,Private,9,Married-civ-spouse,Sales,Husband,White,Male,2885,0,40,United-States,50000
61,Local-gov,4,Married-civ-spouse,Adm-clerical,Husband,White,Male,2885,0,40,United-States,24979
42,Self-emp-inc,10,Married-civ-spouse,Prof-specialty,Husband,Amer-Indian-Eskimo,Male,2885,0,30,United-States,47346
25,Private,10,Married-civ-spouse,Sales,Husband,White,Male,2885,0,43,United-States,50000
28,Private,9,Married-civ-spouse,Machine-op-inspct,Husband,White,Male,2885,0,40,United-States,27177
42,Self-emp-not-inc,11,Married-civ-spouse,Craft-repair,Husband,Asian-Pac-Islander,Male,2885,0,40,United-States,50000
42,Private,9,Married-civ-spouse,Transport-moving,Husband,White,Male,2885,0,45,United-States,16606
50,Private,5,Married-civ-spouse,Craft-repair,Husband,White,Male,2885,0,40,United-States,35298
24,Private,9,Married-civ-spouse,Craft-repair,Husband,White,Male,2885,0,50,United-States,27306
27,Private,10,Married-civ-spouse,Craft-repair,Husband,White,Male,2829,0,70,United-States,50000
38,Private,9,Married-civ-spouse,Handlers-cleaners,Husband,White,Male,2829,0,30,Mexico,15000
35,Private,10,Married-civ-spouse,Tech-support,Husband,White,Male,2829,0,55,Poland,17931
26,Private,10,Married-civ-spouse,Craft-repair,Husband,White,Male,2829,0,40,United-States,32268
39,Self-emp-not-inc,10,Married-civ-spouse,Farming-fishing,Husband,White,Male,2829,0,90,United-States,49572
39,Private,10,Married-civ-spouse,Sales,Husband,White,Male,2829,0,65,United-States,40632
36,Private,12,Married-civ-spouse,Machine-op-inspct,Husband,White,Male,2829,0,40,United-States,24849
40,Private,9,Married-civ-spouse,Adm-clerical,Husband,White,Male,2829,0,40,United-States,34964
32,Private,9,Married-civ-spouse,Handlers-cleaners,Husband,White,Male,2829,0,40,United-States,34520
41,Private,9,Married-civ-spouse,Sales,Husband,White,Male,2829,0,40,United-States,20079
25,Private,13,Married-civ-spouse,Craft-repair,Husband,White,Male,2829,0,60,United-States,43195
29,Private,9,Married-civ-spouse,Adm-clerical,Wife,White,Female,2829,0,40,United-States,22065
35,Self-emp-not-inc,9,Married-civ-spouse,Craft-repair,Husband,White,Male,2829,0,45,United-States,29944
62,Private,10,Married-civ-spouse,Tech-support,Husband,White,Male,2829,0,24,United-States,27095
39,Private,9,Married-civ-spouse,Machine-op-inspct,Husband,White,Male,2829,0,40,United-States,34607
30,Private,4,Married-civ-spouse,Craft-repair,Husband,White,Male,2829,0,40,United-States,21527
54,Self-emp-not-inc,10,Married-civ-spouse,Transport-moving,Husband,White,Male,2829,0,30,United-States,38102
43,Private,9,Married-civ-spouse,Other-service,Husband,Asian-Pac-Islander,Male,2829,0,60,China,16516
47,Self-emp-not-inc,9,Married-civ-spouse,Farming-fishing,Husband,White,Male,2829,0,65,United-States,15000
31,Private,9,Married-civ-spouse,Sales,Husband,White,Male,2829,0,40,United-States,33231
34,Private,15,Married-civ-spouse,Exec-managerial,Husband,White,Male,2829,0,50,United-States,50000
27,Private,10,Married-civ-spouse,Adm-clerical,Husband,White,Male,2829,0,40,United-States,23769
40,Private,11,Married-civ-spouse,Transport-moving,Husband,White,Male,2829,0,40,United-States,26515
45,Private,6,Married-civ-spouse,Craft-repair,Husband,White,Male,2829,0,40,United-States,50000
28,Private,9,Married-civ-spouse,Craft-repair,Husband,Black,Male,2829,0,40,United-States,44564
61,Self-emp-inc,9,Married-civ-spouse,Exec-managerial,Husband,White,Male,2829,0,45,United-States,35457
41,Private,10,Married-civ-spouse,Adm-clerical,Husband,White,Male,2829,0,40,United-States,16092
29,Private,7,Married-civ-spouse,Handlers-cleaners,Wife,Asian-Pac-Islander,Female,2829,0,14,Philippines,50000
62,Local-gov,4,Married-civ-spouse,Craft-repair,Husband,White,Male,2829,0,40,United-States,31411
53,Private,9,Married-civ-spouse,Machine-op-inspct,Husband,White,Male,2829,0,40,United-States,27044
45,Self-emp-not-inc,13,Married-civ-spouse,Sales,Husband,White,Male,2829,0,60,United-States,38120
75,Self-emp-not-inc,9,Married-AF-spouse,Sales,Wife,White,Female,2653,0,14,United-States,36042
70,Private,5,Married-civ-spouse,Machine-op-inspct,Wife,White,Female,2653,0,40,United-States,45047
70,Self-emp-not-inc,10,Married-civ-spouse,Farming-fishing,Husband,White,Male,2653,0,70,United-States,37894
75,Private,9,Married-civ-spouse,Sales,Husband,White,Male,2653,0,20,United-States,33352
90,Local-gov,4,Married-civ-spouse,Protective-serv,Husband,White,Male,2653,0,40,United-States,46349
24,Private,4,Married-civ-spouse,Craft-repair,Husband,White,Male,2635,0,38,United-States,16201
29,Local-gov,9,Married-civ-spouse,Other-service,Wife,White,Female,2635,0,40,United-States,37445
39,Private,7,Married-civ-spouse,Other-service,Husband,Black,Male,2635,0,37,United-States,24898
33,Private,9,Married-civ-spouse,Protective-serv,Husband,White,Male,2635,0,16,United-States,43168
37,Self-emp-not-inc,6,Married-civ-spouse,Other-service,Wife,White,Female,2635,0,40,United-States,43202
54,Self-emp-not-inc,9,Married-civ-spouse,Other-service,Husband,White,Male,2635,0,40,United-States,17791
64,Self-emp-inc,9,Married-civ-spouse,Craft-repair,Husband,White,Male,2635,0,10,United-States,18432
39,Private,6,Married-civ-spouse,Machine-op-inspct,Husband,White,Male,2635,0,40,United-States,39062
64,Private,9,Married-civ-spouse,Craft-repair,Husband,White,Male,2635,0,40,United-States,29768
64,Self-emp-not-inc,9,Married-civ-spouse,Craft-repair,Husband,White,Male,2635,0,24,Italy,50000
35,Self-emp-not-inc,5,Married-civ-spouse,Craft-repair,Husband,White,Male,2635,0,30,United-States,45854
22,Private,9,Never-married,Sales,Own-child,White,Female,2597,0,40,United-States,44004
25,Private,10,Never-married,Other-service,Not-in-family,White,Male,2597,0,48,United-States,15338
26,Private,9,Never-married,Craft-repair,Other-relative,White,Male,2597,0,40,United-States,23431
21,Private,10,Never-married,Adm-clerical,Not-in-family,White,Male,2597,0,45,United-States,32902
19,Private,9,Never-married,Handlers-cleaners,Other-relative,White,Male,2597,0,40,United-States,33638
25,Private,14,Never-married,Prof-specialty,Own-child,White,Female,2597,0,31,United-States,40130
60,Private,9,Divorced,Tech-support,Unmarried,White,Female,2597,0,40,United-States,37665
26,Private,10,Never-married,Adm-clerical,Own-child,White,Male,2597,0,40,United-States,19879
25,Private,9,Divorced,Other-service,Not-in-family,White,Male,2597,0,40,United-States,27190
24,Private,9,Never-married,Adm-clerical,Not-in-family,White,Female,2597,0,40,United-States,41543
32,Private,12,Divorced,Sales,Not-in-family,White,Male,2597,0,48,United-States,44171
53,Private,9,Divorced,Sales,Not-in-family,White,Female,2597,0,40,United-States,34047
26,Private,10,Separated,Sales,Own-child,Amer-Indian-Eskimo,Male,2597,0,48,United-States,32956
25,State-gov,13,Never-married,Other-service,Not-in-family,White,Female,2597,0,50,United-States,28742
32,Private,10,Married-civ-spouse,Exec-managerial,Own-child,White,Female,2597,0,40,Japan,28861
23,Private,9,Never-married,Craft-repair,Own-child,Black,Male,2597,0,40,United-States,15000
60,Self-emp-not-inc,9,Divorced,Sales,Not-in-family,Black,Male,2597,0,55,United-States,50000
49,Private,12,Separated,Adm-clerical,Not-in-family,White,Female,2597,0,40,United-States,45527
23,Private,10,Never-married,Handlers-cleaners,Own-child,White,Male,2597,0,50,United-States,34760
25,Private,6,Never-married,Transport-moving,Not-in-family,White,Male,2597,0,50,United-States,50000
40,Private,10,Married-civ-spouse,Machine-op-inspct,Husband,White,Male,2580,0,40,United-States,41965
37,Private,4,Married-civ-spouse,Farming-fishing,Husband,White,Male,2580,0,60,United-States,31497
28,Private,9,Married-civ-spouse,Machine-op-inspct,Husband,White,Male,2580,0,40,United-States,16932
22,Self-emp-inc,4,Married-civ-spouse,Craft-repair,Husband,White,Male,2580,0,40,United-States,44617
63,Private,9,Married-civ-spouse,Other-service,Husband,White,Male,2580,0,20,United-States,25740
24,Private,4,Married-civ-spouse,Sales,Husband,White,Male,2580,0,40,United-States,41544
30,Private,5,Married-civ-spouse,Craft-repair,Husband,White,Male,2580,0,40,United-States,46804
27,Private,9,Married-civ-spouse,Adm-clerical,Husband,White,Male,2580,0,45,United-States,21608
55,Private,6,Married-civ-spouse,Other-service,Husband,Black,Male,2580,0,40,United-States,22568
59,Self-emp-not-inc,3,Married-civ-spouse,Other-service,Husband,White,Male,2580,0,15,El-Salvador,33708
40,Private,10,Married-civ-spouse,Machine-op-inspct,Husband,White,Male,2580,0,40,United-States,45830
64,Private,4,Married-civ-spouse,Adm-clerical,Husband,White,Male,2580,0,50,United-States,15000
69,Private,9,Widowed,Machine-op-inspct,Unmarried,White,Male,2538,0,40,United-States,38023
23,Private,9,Never-married,Sales,Not-in-family,White,Female,2463,0,40,United-States,45741
26,State-gov,15,Never-married,Prof-specialty,Not-in-family,Asian-Pac-Islander,Male,2463,0,50,India,39071
48,Private,9,Never-married,Adm-clerical,Not-in-family,White,Female,2463,0,40,United-States,39981
34,Private,13,Never-married,Prof-specialty,Not-in-family,White,Male,2463,0,50,France,29614
36,Private,10,Never-married,Adm-clerical,Not-in-family,White,Male,2463,0,40,United-States,43692
34,Private,9,Separated,Handlers-cleaners,Not-in-family,White,Male,2463,0,40,United-States,31376
31,Private,10,Never-married,Adm-clerical,Not-in-family,White,Female,2463,0,38,United-States,50000
24,Private,7,Never-married,Farming-fishing,Unmarried,White,Male,2463,0,40,United-States,22464
28,Private,11,Never-married,Other-service,Not-in-family,White,Female,2463,0,35,United-States,15423
26,Private,13,Never-married,Exec-managerial,Own-child,White,Male,2463,0,35,United-States,18371
30,Private,11,Never-married,Adm-clerical,Other-relative,Asian-Pac-Islander,Male,2463,0,40,Vietnam,50000
61,Private,9,Married-civ-spouse,Adm-clerical,Wife,White,Female,2414,0,5,United-States,18997
67,Self-emp-not-inc,6,Married-civ-spouse,Farming-fishing,Husband,White,Male,2414,0,80,United-States,25319
67,Self-emp-not-inc,4,Married-civ-spouse,Farming-fishing,Husband,White,Male,2414,0,40,United-States,26296
68,Self-emp-not-inc,9,Married-civ-spouse,Farming-fishing,Husband,White,Male,2414,0,40,United-States,42222
65,Without-pay,9,Married-civ-spouse,Transport-moving,Husband,White,Male,2414,0,20,United-States,48182
65,Without-pay,9,Married-civ-spouse,Transport-moving,Husband,White,Male,2414,0,30,United-States,22842
59,Private,9,Married-civ-spouse,Adm-clerical,Husband,White,Male,2414,0,15,United-States,50000
72,Private,6,Married-civ-spouse,Other-service,Husband,White,Male,2414,0,12,United-States,29745
30,Private,13,Married-civ-spouse,Sales,Husband,White,Male,2407,0,40,United-States,34709
50,Self-emp-not-inc,14,Married-civ-spouse,Farming-fishing,Husband,White,Male,2407,0,98,United-States,24282
35,Private,10,Married-civ-spouse,Craft-repair,Husband,White,Male,2407,0,40,United-States,28089
39,Private,7,Married-civ-spouse,Other-service,Husband,White,Male,2407,0,70,Mexico,33319
31,Private,10,Married-civ-spouse,Craft-repair,Husband,White,Male,2407,0,65,United-States,46231
26,Private,10,Married-civ-spouse,Exec-managerial,Husband,White,Male,2407,0,50,United-States,50000
25,Private,9,Married-civ-spouse,Handlers-cleaners,Husband,White,Male,2407,0,40,United-States,23165
28,Private,11,Married-civ-spouse,Adm-clerical,Husband,White,Male,2407,0,40,United-States,26170
42,Private,11,Married-civ-spouse,Adm-clerical,Husband,White,Male,2407,0,40,United-States,41494
45,Private,8,Married-civ-spouse,Adm-clerical,Husband,White,Male,2407,0,50,United-States,28228
42,Private,11,Married-civ-spouse,Machine-op-inspct,Husband,White,Male,2407,0,40,United-States,27327
53,Private,12,Married-civ-spouse,Exec-managerial,Husband,White,Male,2407,0,99,United-States,20217
24,Private,10,Married-civ-spouse,Craft-repair,Husband,White,Male,2407,0,40,United-States,50000
32,Private,9,Married-civ-spouse,Craft-repair,Husband,White,Male,2407,0,40,United-States,26920
22,Private,10,Married-civ-spouse,Craft-repair,Husband,White,Male,2407,0,40,United-States,35340
36,Self-emp-not-inc,13,Married-civ-spouse,Exec-managerial,Husband,White,Male,2407,0,40,United-States,46902
55,Private,9,Married-civ-spouse,Other-service,Wife,Black,Female,2407,0,35,United-States,30818
49,Private,4,Married-civ-spouse,Transport-moving,Husband,White,Male,2407,0,50,United-States,23978
59,Private,9,Married-civ-spouse,Transport-moving,Husband,White,Male,2407,0,60,United-States,28779
69,Private,9,Separated,Transport-moving,Unmarried,Black,Female,2387,0,40,United-States,38301
25,Private,12,Never-married,Farming-fishing,Not-in-family,White,Male,2354,0,45,United-States,31237
44,Private,15,Divorced,Prof-specialty,Not-in-family,White,Female,2354,0,99,United-States,21526
24,Private,12,Never-married,Craft-repair,Not-in-family,White,Male,2354,0,40,United-States,36233
42,Private,14,Divorced,Prof-specialty,Not-in-family,White,Female,2354,0,16,United-States,32245
44,Federal-gov,12,Divorced,Exec-managerial,Not-in-family,White,Female,2354,0,40,United-States,24762
38,Private,11,Never-married,Tech-support,Not-in-family,White,Female,2354,0,40,United-States,43484
37,Private,10,Widowed,Other-service,Not-in-family,White,Female,2354,0,40,United-States,36934
28,Private,9,Never-married,Craft-repair,Unmarried,White,Male,2354,0,40,United-States,18175
35,Private,9,Divorced,Craft-repair,Unmarried,White,Male,2354,0,40,United-States,37609
41,Private,9,Separated,Adm-clerical,Not-in-family,Black,Male,2354,0,40,United-States,50000
26,Private,9,Never-married,Adm-clerical,Own-child,White,Female,2354,0,40,United-States,43751
68,Federal-gov,10,Divorced,Adm-clerical,Other-relative,Black,Female,2346,0,40,United-States,50000
75,Self-emp-not-inc,9,Divorced,Sales,Not-in-family,White,Male,2346,0,15,United-States,28534
72,Private,9,Married-spouse-absent,Machine-op-inspct,Unmarried,White,Male,2346,0,40,United-States,50000
69,Private,13,Widowed,Exec-managerial,Not-in-family,White,Female,2346,0,15,United-States,50000
65,Private,10,Widowed,Adm-clerical,Not-in-family,White,Female,2346,0,40,United-States,23166
70,Private,3,Widowed,Other-service,Other-relative,White,Female,2346,0,40,United-States,46819
71,Private,13,Divorced,Tech-support,Own-child,White,Female,2329,0,16,United-States,29359
67,Private,9,Widowed,Tech-support,Not-in-family,White,Female,2329,0,15,United-States,45241
70,Self-emp-not-inc,9,Widowed,Other-service,Other-relative,White,Female,2329,0,20,United-States,33007
65,Self-emp-not-inc,9,Widowed,Other-service,Unmarried,White,Female,2329,0,75,United-States,30300
72,Private,14,Never-married,Prof-specialty,Not-in-family,White,Male,2329,0,60,United-States,41737
78,Private,9,Widowed,Sales,Unmarried,White,Female,2329,0,12,United-States,42671
65,Private,9,Married-civ-spouse,Craft-repair,Husband,White,Male,2290,0,40,Greece,50000
63,Self-emp-not-inc,9,Married-civ-spouse,Craft-repair,Husband,White,Male,2290,0,20,United-States,41302
66,Self-emp-not-inc,12,Married-civ-spouse,Craft-repair,Husband,White,Male,2290,0,30,Hungary,27215
65,Self-emp-not-inc,10,Married-civ-spouse,Exec-managerial,Husband,White,Male,2290,0,40,United-States,34138
72,Local-gov,9,Married-civ-spouse,Exec-managerial,Husband,White,Male,2290,0,10,United-States,26565
73,Local-gov,4,Married-civ-spouse,Protective-serv,Husband,White,Male,2228,0,10,United-States,24080
60,Private,5,Married-civ-spouse,Machine-op-inspct,Husband,White,Male,2228,0,37,United-States,50000
78,Private,9,Married-civ-spouse,Machine-op-inspct,Husband,White,Male,2228,0,32,United-States,28788
70,Private,9,Married-civ-spouse,Machine-op-inspct,Husband,White,Male,2228,0,24,United-States,32666
55,Self-emp-not-inc,14,Married-civ-spouse,Sales,Husband,White,Male,2228,0,50,United-States,39329
28,Private,9,Never-married,Sales,Not-in-family,White,Female,2202,0,48,United-States,29675
31,Private,12,Never-married,Adm-clerical,Not-in-family,White,Male,2202,0,38,United-States,20823
29,Self-emp-not-inc,10,Divorced,Craft-repair,Not-in-family,White,Male,2202,0,50,United-States,42775
53,Private,11,Divorced,Adm-clerical,Not-in-family,Black,Female,2202,0,40,United-States,23150
58,Self-emp-inc,11,Divorced,Sales,Not-in-family,White,Male,2202,0,56,United-States,21825
33,Private,13,Never-married,Prof-specialty,Not-in-family,White,Male,2202,0,50,United-States,29134
44,Self-emp-inc,10,Never-married,Exec-managerial,Not-in-family,Black,Male,2202,0,45,United-States,35206
55,Private,9,Widowed,Other-service,Not-in-family,White,Female,2202,0,35,Italy,29212
23,Private,10,Never-married,Other-service,Own-child,Black,Male,2202,0,80,United-States,19615
29,Private,13,Never-married,Adm-clerical,Own-child,Asian-Pac-Islander,Female,2202,0,40,Taiwan,50000
39,Local-gov,10,Never-married,Adm-clerical,Not-in-family,White,Female,2202,0,44,United-States,32021
28,Local-gov,13,Never-married,Prof-specialty,Not-in-family,White,Female,2202,0,50,United-States,38412
50,Local-gov,14,Divorced,Prof-specialty,Not-in-family,Black,Female,2202,0,30,United-States,41763
38,Private,13,Never-married,Exec-managerial,Not-in-family,White,Male,2202,0,45,United-States,22399
24,Private,13,Never-married,Adm-clerical,Own-child,White,Male,2202,0,30,United-States,38251
22,Private,13,Never-married,Exec-managerial,Own-child,White,Male,2202,0,4,United-States,19766
17,Private,7,Never-married,Handlers-cleaners,Own-child,White,Male,2176,0,18,United-States,37886
49,Private,6,Separated,Handlers-cleaners,Own-child,White,Male,2176,0,40,United-States,31038
20,Private,10,Never-married,Other-service,Own-child,White,Male,2176,0,25,United-States,24616
18,Private,9,Never-married,Handlers-cleaners,Own-child,White,Male,2176,0,25,United-States,50000
21,Private,9,Never-married,Machine-op-inspct,Own-child,White,Male,2176,0,40,United-States,22298
20,Private,10,Never-married,Prof-specialty,Own-child,White,Female,2176,0,12,United-States,25585
21,Private,10,Never-married,Adm-clerical,Own-child,White,Female,2176,0,20,United-States,26701
20,Private,10,Never-married,Adm-clerical,Own-child,White,Female,2176,0,20,United-States,42395
28,Self-emp-not-inc,15,Never-married,Prof-specialty,Not-in-family,White,Male,2176,0,40,United-States,43193
19,Private,9,Never-married,Transport-moving,Own-child,White,Male,2176,0,45,United-States,15000
36,Private,13,Never-married,Other-service,Not-in-family,White,Male,2176,0,20,United-States,50000
63,Private,7,Widowed,Sales,Not-in-family,White,Female,2176,0,30,United-States,17361
33,Private,4,Divorced,Handlers-cleaners,Not-in-family,White,Male,2176,0,35,United-States,45663
25,Private,9,Never-married,Machine-op-inspct,Own-child,White,Female,2176,0,40,United-States,25455
21,Private,10,Never-married,Machine-op-inspct,Own-child,White,Female,2176,0,40,United-States,45661
18,Private,10,Never-married,Sales,Own-child,White,Female,2176,0,35,United-States,20144
48,Private,10,Divorced,Handlers-cleaners,Own-child,White,Male,2176,0,40,United-States,42753
27,Private,3,Never-married,Priv-house-serv,Other-relative,White,Female,2176,0,40,El-Salvador,29215
39,Private,9,Separated,Machine-op-inspct,Not-in-family,Black,Male,2176,0,40,United-States,39959
20,Private,10,Never-married,Machine-op-inspct,Not-in-family,White,Female,2176,0,40,United-States,23833
18,Private,10,Never-married,Sales,Unmarried,White,Male,2176,0,40,United-States,27817
18,Private,10,Never-married,Tech-support,Own-child,White,Male,2176,0,20,United-States,30221
21,Private,9,Never-married,Handlers-cleaners,Other-relative,Black,Male,2176,0,40,United-States,38190
39,State-gov,13,Never-married,Adm-clerical,Not-in-family,White,Male,2174,0,40,United-States,46428
40,Self-emp-not-inc,13,Married-spouse-absent,Prof-specialty,Not-in-family,White,Female,2174,0,40,United-States,50000
25,Private,10,Never-married,Tech-support,Not-in-family,White,Male,2174,0,40,United-States,50000
29,Private,11,Divorced,Tech-support,Not-in-family,White,Female,2174,0,45,United-States,44338
41,Private,9,Never-married,Exec-managerial,Not-in-family,White,Male,2174,0,40,United-States,37379
23,Private,13,Never-married,Adm-clerical,Own-child,White,Female,2174,0,40,United-States,42211
28,Private,10,Never-married,Exec-managerial,Not-in-family,White,Male,2174,0,55,United-States,21689
36,Private,10,Never-married,Craft-repair,Own-child,White,Male,2174,0,60,United-States,34265
39,Private,9,Divorced,Craft-repair,Own-child,White,Male,2174,0,40,United-States,45930
33,Private,12,Never-married,Exec-managerial,Unmarried,White,Female,2174,0,55,United-States,32650
28,Private,13,Never-married,Prof-specialty,Not-in-family,White,Female,2174,0,40,United-States,21079
39,Private,10,Never-married,Adm-clerical,Own-child,White,Female,2174,0,45,United-States,26914
26,Local-gov,14,Never-married,Prof-specialty,Not-in-family,White,Female,2174,0,40,United-States,48670
29,Self-emp-not-inc,11,Never-married,Adm-clerical,Not-in-family,White,Female,2174,0,40,United-States,41371
32,Federal-gov,12,Divorced,Protective-serv,Not-in-family,White,Male,2174,0,40,United-States,38933
36,Self-emp-not-inc,13,Never-married,Sales,Not-in-family,Black,Female,2174,0,50,United-States,16573
34,Private,10,Divorced,Transport-moving,Not-in-family,White,Male,2174,0,40,United-States,44802
29,Private,15,Divorced,Prof-specialty,Own-child,White,Female,2174,0,72,United-States,23833
40,Private,9,Married-spouse-absent,Handlers-cleaners,Not-in-family,White,Male,2174,0,60,Poland,26507
58,Private,9,Divorced,Adm-clerical,Unmarried,White,Female,2174,0,40,United-States,19770
57,State-gov,13,Divorced,Adm-clerical,Unmarried,White,Male,2174,0,37,United-States,31336
24,Private,9,Never-married,Other-service,Not-in-family,White,Female,2174,0,40,United-States,26402
32,Private,9,Divorced,Other-service,Own-child,White,Male,2174,0,40,United-States,50000
41,Private,9,Divorced,Craft-repair,Unmarried,White,Male,2174,0,40,Japan,34859
27,Private,9,Never-married,Transport-moving,Not-in-family,Black,Male,2174,0,40,United-States,17642
37,Private,10,Never-married,Exec-managerial,Not-in-family,White,Male,2174,0,40,United-States,32473
48,Private,9,Never-married,Machine-op-inspct,Not-in-family,Black,Female,2174,0,40,United-States,32528
57,Private,9,Separated,Machine-op-inspct,Not-in-family,White,Male,2174,0,40,Cuba,47493
41,Private,10,Divorced,Sales,Own-child,White,Male,2174,0,45,United-States,39655
26,Private,10,Never-married,Transport-moving,Not-in-family,Black,Male,2174,0,75,United-States,26734
63,Private,9,Never-married,Machine-op-inspct,Not-in-family,White,Male,2174,0,40,United-States,50000
45,Private,11,Divorced,Exec-managerial,Not-in-family,White,Male,2174,0,50,United-States,40383
21,Private,11,Never-married,Exec-managerial,Own-child,White,Female,2174,0,60,United-States,44710
31,Private,9,Never-married,Adm-clerical,Not-in-family,White,Male,2174,0,40,United-States,48287
28,Private,11,Never-married,Tech-support,Own-child,White,Female,2174,0,36,United-States,47507
62,Private,9,Divorced,Machine-op-inspct,Not-in-family,White,Female,2174,0,40,United-States,46185
41,Private,9,Never-married,Machine-op-inspct,Not-in-family,White,Male,2174,0,41,United-States,22094
29,Federal-gov,10,Never-married,Adm-clerical,Unmarried,Black,Female,2174,0,40,United-States,50000
24,Private,13,Never-married,Exec-managerial,Not-in-family,White,Male,2174,0,45,United-States,28971
29,Private,9,Never-married,Exec-managerial,Not-in-family,White,Male,2174,0,50,United-States,33179
43,Federal-gov,10,Never-married,Adm-clerical,Other-relative,White,Male,2174,0,40,United-States,18414
47,Private,9,Widowed,Adm-clerical,Not-in-family,White,Female,2174,0,40,England,50000
25,Private,13,Never-married,Sales,Own-child,Asian-Pac-Islander,Male,2174,0,40,Vietnam,29237
32,Self-emp-not-inc,13,Never-married,Prof-specialty,Own-child,Black,Female,2174,0,60,Vietnam,21577
43,Private,10,Never-married,Other-service,Not-in-family,White,Male,2174,0,45,United-States,21067
25,Private,10,Never-married,Tech-support,Not-in-family,Black,Female,2174,0,50,United-States,47059
27,State-gov,9,Never-married,Protective-serv,Own-child,White,Male,2174,0,40,United-States,32812
27,Local-gov,9,Never-married,Protective-serv,Not-in-family,Black,Male,2174,0,40,United-States,32721
51,Private,6,Married-civ-spouse,Handlers-cleaners,Husband,White,Male,2105,0,45,United-States,39378
31,Private,6,Married-civ-spouse,Farming-fishing,Husband,White,Male,2105,0,40,Mexico,25587
63,Private,9,Married-civ-spouse,Adm-clerical,Husband,Asian-Pac-Islander,Male,2105,0,40,Vietnam,39559
23,Private,9,Married-civ-spouse,Machine-op-inspct,Own-child,White,Female,2105,0,40,United-States,50000
24,Private,4,Married-civ-spouse,Farming-fishing,Husband,White,Male,2105,0,50,United-States,34692
21,Private,10,Married-civ-spouse,Farming-fishing,Wife,Black,Female,2105,0,20,United-States,41908
52,Private,9,Married-civ-spouse,Machine-op-inspct,Husband,White,Male,2105,0,40,United-States,21538
37,Self-emp-not-inc,12,Married-civ-spouse,Farming-fishing,Husband,White,Male,2105,0,50,United-States,34738
33,Local-gov,9,Married-civ-spouse,Other-service,Husband,Black,Male,2105,0,40,United-States,43376
81,Private,5,Widowed,Priv-house-serv,Not-in-family,Black,Female,2062,0,5,United-States,37159
67,Private,2,Widowed,Machine-op-inspct,Not-in-family,White,Female,2062,0,34,Ecuador,22953
66,Private,9,Never-married,Transport-moving,Not-in-family,White,Male,2050,0,55,United-States,30675
67,Private,5,Divorced,Transport-moving,Not-in-family,White,Female,2050,0,40,United-States,21745
69,Private,10,Widowed,Adm-clerical,Not-in-family,White,Female,2050,0,24,United-States,50000
66,Private,6,Divorced,Adm-clerical,Not-in-family,White,Male,2050,0,40,United-States,36706
71,Local-gov,14,Widowed,Exec-managerial,Not-in-family,White,Male,2050,0,20,United-States,33980
46,Self-emp-inc,10,Divorced,Exec-managerial,Unmarried,White,Female,2036,0,60,United-States,46895
34,Private,9,Never-married,Craft-repair,Unmarried,White,Male,2036,0,30,United-States,43082
38,State-gov,9,Divorced,Other-service,Unmarried,White,Female,2036,0,20,United-States,31347
19,Private,10,Never-married,Other-service,Unmarried,Black,Female,2036,0,30,United-States,32345
67,Local-gov,14,Divorced,Adm-clerical,Not-in-family,White,Female,2009,0,40,United-States,33956
65,Local-gov,8,Widowed,Exec-managerial,Not-in-family,White,Male,2009,0,44,United-States,50000
70,Local-gov,9,Widowed,Exec-managerial,Not-in-family,White,Female,2009,0,40,United-States,20648
69,Private,9,Widowed,Adm-clerical,Not-in-family,White,Female,1848,0,40,United-States,34848
69,Private,9,Widowed,Adm-clerical,Unmarried,White,Female,1848,0,12,United-States,37481
65,Private,10,Widowed,Prof-specialty,Not-in-family,White,Female,1848,0,20,Hungary,16727
65,Private,9,Divorced,Exec-managerial,Other-relative,White,Female,1848,0,50,United-States,50000
69,Self-emp-not-inc,4,Never-married,Farming-fishing,Other-relative,White,Male,1848,0,10,United-States,46426
69,Self-emp-not-inc,10,Never-married,Farming-fishing,Not-in-family,White,Male,1848,0,1,United-States,39708
41,Private,9,Never-married,Machine-op-inspct,Own-child,White,Female,1831,0,40,Peru,42393
33,State-gov,9,Never-married,Other-service,Unmarried,Black,Female,1831,0,40,United-States,39714
44,Private,10,Divorced,Transport-moving,Unmarried,White,Male,1831,0,50,United-States,15000
36,Private,9,Divorced,Exec-managerial,Own-child,White,Female,1831,0,40,United-States,19095
29,Private,10,Divorced,Exec-managerial,Own-child,White,Female,1831,0,40,United-States,38352
40,Private,10,Divorced,Exec-managerial,Unmarried,White,Female,1831,0,30,United-States,42272
47,State-gov,9,Divorced,Adm-clerical,Unmarried,White,Female,1831,0,38,United-States,39380
65,State-gov,7,Married-civ-spouse,Adm-clerical,Husband,White,Male,1797,0,40,United-States,32297
69,Private,3,Married-civ-spouse,Adm-clerical,Husband,White,Male,1797,0,40,United-States,25279
67,Private,4,Married-civ-spouse,Craft-repair,Husband,White,Male,1797,0,40,United-States,29289
65,Self-emp-not-inc,3,Married-civ-spouse,Farming-fishing,Husband,White,Male,1797,0,21,United-States,37792
74,Self-emp-not-inc,6,Married-civ-spouse,Farming-fishing,Husband,Amer-Indian-Eskimo,Male,1797,0,30,United-States,37718
78,Private,4,Married-civ-spouse,Handlers-cleaners,Husband,White,Male,1797,0,15,United-States,44639
67,Self-emp-not-inc,9,Married-civ-spouse,Farming-fishing,Husband,White,Male,1797,0,20,United-States,26136
34,Private,11,Never-married,Prof-specialty,Not-in-family,White,Female,1639,0,20,United-States,25501
45,Local-gov,14,Divorced,Prof-specialty,Unmarried,White,Female,1506,0,45,United-States,37749
46,State-gov,10,Divorced,Prof-specialty,Unmarried,White,Female,1506,0,50,United-States,50000
36,Private,13,Divorced,Prof-specialty,Unmarried,White,Female,1506,0,45,United-States,22036
44,Private,10,Married-spouse-absent,Craft-repair,Unmarried,White,Female,1506,0,45,United-States,26762
39,Private,14,Divorced,Prof-specialty,Own-child,White,Female,1506,0,40,United-States,21680
41,Private,9,Divorced,Craft-repair,Unmarried,White,Female,1506,0,50,United-States,45138
40,Self-emp-inc,12,Divorced,Sales,Unmarried,White,Female,1506,0,40,United-States,23401
37,Private,9,Divorced,Craft-repair,Unmarried,White,Male,1506,0,40,United-States,30271
39,Private,12,Divorced,Exec-managerial,Unmarried,White,Male,1506,0,40,United-States,19762
49,Private,9,Never-married,Transport-moving,Unmarried,Black,Female,1506,0,40,United-States,33477
40,State-gov,14,Divorced,Exec-managerial,Unmarried,White,Female,1506,0,40,United-States,50000
43,State-gov,13,Divorced,Prof-specialty,Unmarried,White,Female,1506,0,36,United-States,50000
49,Private,13,Widowed,Prof-specialty,Unmarried,White,Female,1506,0,35,United-States,47164
42,Private,7,Divorced,Sales,Unmarried,White,Male,1506,0,50,Mexico,33635
41,Federal-gov,14,Divorced,Prof-specialty,Unmarried,White,Female,1506,0,40,United-States,22583
61,Local-gov,9,Widowed,Adm-clerical,Unmarried,White,Female,1471,0,35,United-States,49811
34,Federal-gov,13,Never-married,Exec-managerial,Unmarried,Asian-Pac-Islander,Male,1471,0,40,Cambodia,32415
32,Private,9,Divorced,Tech-support,Unmarried,White,Female,1471,0,38,United-States,26366
33,Private,8,Separated,Adm-clerical,Unmarried,White,Female,1471,0,40,United-States,34132
48,Federal-gov,9,Married-spouse-absent,Adm-clerical,Unmarried,White,Female,1471,0,40,United-States,31598
53,Private,10,Divorced,Adm-clerical,Unmarried,White,Female,1471,0,40,United-States,28974
40,Private,12,Separated,Tech-support,Unmarried,White,Female,1471,0,32,United-States,21395
72,Private,13,Married-civ-spouse,Sales,Husband,White,Male,1455,0,6,United-States,26864
69,Private,5,Married-civ-spouse,Other-service,Husband,White,Male,1424,0,35,United-States,32779
76,Private,9,Married-civ-spouse,Sales,Husband,White,Male,1424,0,24,United-States,34883
69,Local-gov,9,Married-civ-spouse,Craft-repair,Husband,White,Male,1424,0,6,United-States,16474
66,Self-emp-not-inc,9,Married-civ-spouse,Farming-fishing,Husband,White,Male,1409,0,50,United-States,40179
66,Self-emp-inc,5,Married-civ-spouse,Exec-managerial,Husband,White,Male,1409,0,1,United-States,32517
66,Self-emp-not-inc,9,Married-civ-spouse,Farming-fishing,Husband,White,Male,1409,0,40,United-States,37029
75,Self-emp-not-inc,5,Married-civ-spouse,Farming-fishing,Husband,Black,Male,1409,0,5,United-States,26609
68,Self-emp-not-inc,9,Married-civ-spouse,Farming-fishing,Husband,White,Male,1409,0,15,United-States,19149
79,Self-emp-not-inc,4,Married-civ-spouse,Farming-fishing,Husband,White,Male,1409,0,35,United-States,28083
80,Self-emp-not-inc,9,Married-civ-spouse,Other-service,Husband,White,Male,1409,0,40,United-States,43372
76,Self-emp-not-inc,6,Married-civ-spouse,Other-service,Husband,White,Male,1173,0,40,United-States,28002
73,Private,13,Married-civ-spouse,Prof-specialty,Husband,White,Male,1173,0,75,United-States,15078
57,Private,4,Married-civ-spouse,Prof-specialty,Wife,White,Female,1173,0,45,Puerto-Rico,23564
42,Self-emp-inc,9,Divorced,Sales,Unmarried,White,Male,1151,0,50,United-States,39000
35,Private,9,Never-married,Tech-support,Not-in-family,White,Female,1151,0,40,United-States,50000
38,Private,13,Divorced,Sales,Unmarried,White,Female,1151,0,40,United-States,24008
37,Local-gov,13,Divorced,Prof-specialty,Unmarried,White,Female,1151,0,35,United-States,20280
30,Private,9,Divorced,Sales,Unmarried,White,Male,1151,0,30,United-States,22941
24,Local-gov,10,Never-married,Protective-serv,Unmarried,Other,Male,1151,0,40,United-States,38988
44,Private,12,Never-married,Prof-specialty,Unmarried,Black,Female,1151,0,50,United-States,35551
34,Private,9,Divorced,Transport-moving,Unmarried,White,Female,1151,0,48,Germany,21586
70,Private,5,Widowed,Transport-moving,Unmarried,White,Female,1111,0,15,United-States,25580
66,Private,6,Divorced,Transport-moving,Not-in-family,White,Female,1086,0,20,United-States,25821
78,Private,9,Widowed,Transport-moving,Not-in-family,White,Female,1086,0,20,United-States,37178
67,Private,9,Widowed,Transport-moving,Not-in-family,White,Male,1086,0,35,United-States,40009
65,Self-emp-not-inc,15,Never-married,Prof-specialty,Not-in-family,White,Male,1086,0,60,United-States,50000
17,Private,5,Never-married,Other-service,Own-child,White,Male,1055,0,24,United-States,44512
26,Local-gov,13,Never-married,Prof-specialty,Own-child,White,Male,1055,0,40,United-States,20575
21,Local-gov,9,Never-married,Prof-specialty,Not-in-family,White,Female,1055,0,40,United-States,19457
17,Local-gov,6,Never-married,Prof-specialty,Own-child,White,Male,1055,0,30,United-States,32196
20,Local-gov,10,Never-married,Prof-specialty,Own-child,White,Male,1055,0,50,United-States,30099
17,Private,7,Never-married,Adm-clerical,Own-child,White,Female,1055,0,20,United-States,37341
64,Self-emp-not-inc,9,Never-married,Other-service,Not-in-family,White,Male,1055,0,40,United-States,47182
19,Self-emp-not-inc,9,Never-married,Other-service,Own-child,White,Female,1055,0,12,United-States,27040
17,Private,6,Never-married,Other-service,Own-child,Amer-Indian-Eskimo,Female,1055,0,20,United-States,18183
33,Private,9,Never-married,Other-service,Own-child,White,Female,1055,0,40,United-States,15000
33,Local-gov,13,Never-married,Adm-clerical,Not-in-family,White,Female,1055,0,40,United-States,33284
18,Private,7,Never-married,Other-service,Own-child,White,Male,1055,0,20,United-States,28107
19,Private,8,Separated,Prof-specialty,Own-child,White,Female,1055,0,40,United-States,49943
18,Private,9,Never-married,Sales,Other-relative,White,Female,1055,0,30,United-States,20558
21,Private,9,Never-married,Other-service,Not-in-family,White,Female,1055,0,30,United-States,41758
26,Private,7,Never-married,Other-service,Own-child,Black,Male,1055,0,32,United-States,15000
43,Private,10,Never-married,Handlers-cleaners,Own-child,Asian-Pac-Islander,Female,1055,0,40,United-States,32722
18,Private,9,Never-married,Transport-moving,Own-child,White,Male,1055,0,25,United-States,32600
21,Private,10,Never-married,Prof-specialty,Own-child,White,Female,1055,0,32,United-States,22158
62,Private,5,Never-married,Priv-house-serv,Not-in-family,Black,Female,1055,0,22,United-States,47827
19,Private,8,Never-married,Sales,Other-relative,White,Male,1055,0,40,United-States,35485
20,Private,10,Never-married,Sales,Other-relative,White,Male,1055,0,20,United-States,48515
17,Private,7,Never-married,Sales,Own-child,White,Female,1055,0,18,India,40217
22,Private,13,Never-married,Adm-clerical,Own-child,White,Female,1055,0,30,United-States,30524
23,Private,10,Never-married,Adm-clerical,Own-child,White,Male,1055,0,20,United-States,50000
90,Private,13,Widowed,Adm-clerical,Other-relative,White,Female,991,0,10,United-States,41784
72,Private,13,Separated,Adm-clerical,Not-in-family,White,Female,991,0,7,United-States,38383
67,Private,9,Widowed,Sales,Not-in-family,White,Female,991,0,18,United-States,34487
69,Private,9,Widowed,Other-service,Not-in-family,White,Female,991,0,18,United-States,33592
65,Private,9,Separated,Protective-serv,Not-in-family,White,Male,991,0,20,United-States,50000
54,Private,9,Widowed,Machine-op-inspct,Unmarried,White,Male,914,0,40,United-States,49636
33,Private,13,Divorced,Prof-specialty,Unmarried,White,Female,914,0,40,Germany,28318
55,Local-gov,14,Widowed,Prof-specialty,Unmarried,White,Female,914,0,50,United-States,45731
41,Private,9,Widowed,Exec-managerial,Other-relative,White,Male,914,0,40,United-States,21448
25,Private,5,Never-married,Craft-repair,Unmarried,White,Male,914,0,40,United-States,25851
48,Private,9,Separated,Adm-clerical,Unmarried,White,Female,914,0,40,United-States,50000
40,Private,10,Divorced,Adm-clerical,Unmarried,White,Female,914,0,40,United-States,18508
43,Local-gov,14,Divorced,Prof-specialty,Unmarried,White,Female,914,0,40,United-States,34549
34,Local-gov,9,Never-married,Farming-fishing,Not-in-family,Black,Male,594,0,60,United-States,27025
52,Local-gov,8,Never-married,Farming-fishing,Other-relative,Black,Male,594,0,40,United-States,46766
56,Private,9,Widowed,Other-service,Unmarried,Black,Female,594,0,20,United-States,50000
18,Private,10,Never-married,Other-service,Own-child,White,Female,594,0,15,United-States,15000
18,Private,5,Never-married,Handlers-cleaners,Own-child,White,Male,594,0,40,United-States,29059
57,Private,10,Divorced,Exec-managerial,Other-relative,White,Female,594,0,10,United-States,47569
20,Private,10,Never-married,Other-service,Own-child,White,Female,594,0,16,United-States,31320
21,Private,9,Never-married,Craft-repair,Own-child,White,Male,594,0,40,United-States,43736
18,Private,7,Never-married,Handlers-cleaners,Own-child,White,Male,594,0,30,United-States,50000
17,Private,7,Never-married,Other-service,Own-child,White,Male,594,0,10,United-States,43112
19,Private,10,Never-married,Other-service,Own-child,White,Female,594,0,10,United-States,41096
43,Private,9,Divorced,Handlers-cleaners,Not-in-family,White,Male,594,0,16,United-States,15841
20,Private,10,Never-married,Prof-specialty,Other-relative,Black,Female,594,0,20,United-States,29031
26,Private,11,Divorced,Sales,Own-child,White,Female,594,0,35,United-States,30999
43,Local-gov,10,Divorced,Adm-clerical,Not-in-family,White,Female,594,0,20,Mexico,25902
49,Local-gov,9,Divorced,Adm-clerical,Not-in-family,White,Female,594,0,10,United-States,22896
18,Local-gov,10,Never-married,Adm-clerical,Own-child,White,Male,594,0,10,United-States,32993
28,Private,16,Never-married,Prof-specialty,Not-in-family,White,Male,594,0,50,Germany,50000
38,Private,9,Never-married,Handlers-cleaners,Not-in-family,White,Male,594,0,50,United-States,40594
19,Private,10,Never-married,Adm-clerical,Own-child,White,Female,594,0,20,United-States,50000
44,Private,11,Never-married,Priv-house-serv,Not-in-family,White,Male,594,0,25,United-States,50000
18,Private,8,Never-married,Craft-repair,Own-child,White,Male,594,0,20,United-States,27015
18,Self-emp-not-inc,7,Never-married,Other-service,Own-child,White,Female,594,0,4,United-States,26793
24,Private,9,Never-married,Craft-repair,Other-relative,White,Male,594,0,40,United-States,29108
17,Private,6,Never-married,Craft-repair,Not-in-family,White,Male,594,0,30,United-States,50000
20,Private,10,Never-married,Craft-repair,Own-child,Other,Female,594,0,35,United-States,17786
19,Private,10,Never-married,Craft-repair,Own-child,White,Male,594,0,40,United-States,28348
20,Private,7,Never-married,Other-service,Own-child,Black,Male,594,0,20,United-States,22191
19,State-gov,10,Never-married,Other-service,Not-in-family,White,Male,594,0,24,United-States,23668
22,Local-gov,10,Never-married,Prof-specialty,Own-child,White,Female,594,0,25,United-States,33595
18,Private,8,Never-married,Sales,Own-child,White,Male,594,0,14,United-States,50000
21,Local-gov,10,Never-married,Adm-clerical,Not-in-family,White,Female,594,0,4,United-States,43901
24,Private,9,Never-married,Other-service,Own-child,White,Female,594,0,15,United-States,25749
17,Private,7,Never-married,Craft-repair,Own-child,White,Male,594,0,40,United-States,19803
77,Self-emp-not-inc,9,Never-married,Machine-op-inspct,Not-in-family,White,Male,401,0,20,United-States,32031
90,Self-emp-not-inc,9,Widowed,Machine-op-inspct,Not-in-family,White,Male,401,0,4,United-States,16462
38,State-gov,9,Never-married,Other-service,Unmarried,Black,Female,114,0,38,United-States,26322
20,Private,5,Never-married,Adm-clerical,Unmarried,Black,Female,114,0,20,United-States,17251
39,Private,10,Divorced,Adm-clerical,Unmarried,White,Female,114,0,45,United-States,45008
33,Private,5,Divorced,Craft-repair,Unmarried,White,Male,114,0,55,United-States,50000
38,Private,6,Widowed,Transport-moving,Unmarried,Black,Male,114,0,40,United-States,29774
25,Private,9,Never-married,Other-service,Own-child,White,Female,114,0,40,United-States,37972
50,Self-emp-not-inc,13,Married-civ-spouse,Exec-managerial,Husband,White,Male,0,0,13,United-States,32863
38,Private,9,Divorced,Handlers-cleaners,Not-in-family,White,Male,0,0,40,United-States,30460
53,Private,7,Married-civ-spouse,Handlers-cleaners,Husband,Black,Male,0,0,40,United-States,47983
28,Private,13,Married-civ-spouse,Prof-specialty,Wife,Black,Female,0,0,40,Cuba,31783
37,Private,14,Married-civ-spouse,Exec-managerial,Wife,White,Female,0,0,40,United-States,27360
49,Private,5,Married-spouse-absent,Other-service,Not-in-family,Black,Female,0,0,16,Jamaica,47144
52,Self-emp-not-inc,9,Married-civ-spouse,Exec-managerial,Husband,White,Male,0,0,45,United-States,51817
37,Private,10,Married-civ-spouse,Exec-managerial,Husband,Black,Male,0,0,80,United-States,76630
30,State-gov,13,Married-civ-spouse,Prof-specialty,Husband,Asian-Pac-Islander,Male,0,0,40,India,50001
23,Private,13,Never-married,Adm-clerical,Own-child,White,Female,0,0,30,United-States,43217
32,Private,12,Never-married,Sales,Not-in-family,Black,Male,0,0,50,United-States,22636
40,Private,11,Married-civ-spouse,Craft-repair,Husband,Asian-Pac-Islander,Male,0,0,40,United-States,73563
34,Private,4,Married-civ-spouse,Transport-moving,Husband,Amer-Indian-Eskimo,Male,0,0,45,Mexico,33688
25,Self-emp-not-inc,9,Never-married,Farming-fishing,Own-child,White,Male,0,0,35,United-States,44342
32,Private,9,Never-married,Machine-op-inspct,Unmarried,White,Male,0,0,40,United-States,21676
38,Private,7,Married-civ-spouse,Sales,Husband,White,Male,0,0,50,United-States,27496
43,Self-emp-not-inc,14,Divorced,Exec-managerial,Unmarried,White,Female,0,0,45,United-States,50001
40,Private,16,Married-civ-spouse,Prof-specialty,Husband,White,Male,0,0,60,United-States,157387
54,Private,9,Separated,Other-service,Unmarried,Black,Female,0,0,20,United-States,35241
35,Federal-gov,5,Married-civ-spouse,Farming-fishing,Husband,Black,Male,0,0,40,United-States,31227
59,Private,9,Divorced,Tech-support,Unmarried,White,Female,0,0,40,United-States,26981
56,Local-gov,13,Married-civ-spouse,Tech-support,Husband,White,Male,0,0,40,United-States,99306
19,Private,9,Never-married,Craft-repair,Own-child,White,Male,0,0,40,United-States,41692
54,Private,10,Married-civ-spouse,Craft-repair,Husband,Asian-Pac-Islander,Male,0,0,60,South,83274
39,Private,9,Divorced,Exec-managerial,Not-in-family,White,Male,0,0,80,United-States,29694
49,Private,9,Married-civ-spouse,Craft-repair,Husband,White,Male,0,0,40,United-States,21279
23,Local-gov,12,Never-married,Protective-serv,Not-in-family,White,Male,0,0,52,United-States,25980
20,Private,10,Never-married,Sales,Own-child,Black,Male,0,0,44,United-States,50000
30,Federal-gov,10,Married-civ-spouse,Adm-clerical,Own-child,White,Male,0,0,40,United-States,36507
22,State-gov,10,Married-civ-spouse,Other-service,Husband,Black,Male,0,0,15,United-States,39703
48,Private,7,Never-married,Machine-op-inspct,Unmarried,White,Male,0,0,40,Puerto-Rico,34094
21,Private,10,Never-married,Machine-op-inspct,Own-child,White,Male,0,0,40,United-States,38956
19,Private,9,Married-AF-spouse,Adm-clerical,Wife,White,Female,0,0,25,United-States,40458
31,Private,10,Married-civ-spouse,Sales,Husband,White,Male,0,0,38,United-States,79648
48,Self-emp-not-inc,12,Married-civ-spouse,Prof-specialty,Husband,White,Male,0,0,40,United-States,15000
31,Private,5,Married-civ-spouse,Machine-op-inspct,Husband,White,Male,0,0,43,United-States,30669
53,Self-emp-not-inc,13,Married-civ-spouse,Prof-specialty,Husband,White,Male,0,0,40,United-States,16362
24,Private,13,Married-civ-spouse,Tech-support,Husband,White,Male,0,0,50,United-States,36118
49,Private,9,Separated,Adm-clerical,Unmarried,White,Female,0,0,40,United-States,37758
25,Private,9,Never-married,Handlers-cleaners,Not-in-family,White,Male,0,0,35,United-States,15000
57,Federal-gov,13,Married-civ-spouse,Prof-specialty,Husband,Black,Male,0,0,40,United-States,83564
53,Private,9,Married-civ-spouse,Machine-op-inspct,Husband,White,Male,0,0,38,United-States,40743
44,Private,14,Divorced,Exec-managerial,Unmarried,White,Female,0,0,40,United-States,42610
41,State-gov,11,Married-civ-spouse,Craft-repair,Husband,White,Male,0,0,40,United-States,21589
29,Private,11,Never-married,Prof-specialty,Not-in-family,White,Male,0,0,43,United-States,31435
25,Private,10,Married-civ-spouse,Exec-managerial,Wife,Other,Female,0,0,40,United-States,20512
18,Private,9,Never-married,Other-service,Own-child,White,Female,0,0,30,United-States,50000
50,Federal-gov,13,Divorced,Exec-managerial,Not-in-family,White,Male,0,0,55,United-States,50001
47,Self-emp-inc,9,Divorced,Exec-managerial,Not-in-family,White,Male,0,0,60,United-States,37797
43,Private,10,Married-civ-spouse,Tech-support,Husband,White,Male,0,0,40,United-States,77448
46,Private,3,Married-civ-spouse,Machine-op-inspct,Husband,White,Male,0,0,40,Mexico,16705
35,Private,11,Married-civ-spouse,Other-service,Husband,White,Male,0,0,40,Puerto-Rico,48624
41,Private,9,Married-civ-spouse,Adm-clerical,Husband,White,Male,0,0,48,United-States,35752
32,Private,4,Married-spouse-absent,Adm-clerical,Not-in-family,White,Male,0,0,40,United-States,15000
48,Private,9,Married-civ-spouse,Transport-moving,Husband,White,Male,0,0,40,United-States,38785
42,Private,16,Married-civ-spouse,Prof-specialty,Husband,White,Male,0,0,45,United-States,50001
29,Private,10,Divorced,Tech-support,Not-in-family,White,Male,0,0,58,United-States,27581
36,Private,9,Married-civ-spouse,Craft-repair,Husband,White,Male,0,0,40,United-States,29831
28,Private,10,Divorced,Adm-clerical,Not-in-family,White,Female,0,0,40,United-States,27082
53,Private,9,Married-civ-spouse,Adm-clerical,Wife,White,Female,0,0,40,United-States,250000
49,Self-emp-inc,10,Married-civ-spouse,Exec-managerial,Husband,White,Male,0,0,50,United-States,69290
25,Self-emp-inc,10,Never-married,Exec-managerial,Own-child,White,Male,0,0,40,United-States,27374
19,Private,10,Never-married,Prof-specialty,Own-child,White,Male,0,0,32,United-States,27568
31,Private,13,Separated,Sales,Own-child,Black,Female,0,0,40,United-States,39101
29,Self-emp-not-inc,13,Married-civ-spouse,Sales,Husband,White,Male,0,0,70,United-States,57756
23,Private,10,Never-married,Machine-op-inspct,Not-in-family,White,Male,0,0,40,United-States,24279
79,Private,10,Married-civ-spouse,Prof-specialty,Other-relative,White,Male,0,0,20,United-States,29004
27,Private,9,Never-married,Other-service,Own-child,White,Male,0,0,40,Mexico,25292
40,Private,12,Married-civ-spouse,Adm-clerical,Husband,White,Male,0,0,40,United-States,42293
67,Private,6,Married-civ-spouse,Adm-clerical,Husband,White,Male,0,0,2,United-States,28790
18,Private,7,Never-married,Other-service,Own-child,White,Female,0,0,22,United-States,30602
31,Local-gov,4,Married-civ-spouse,Farming-fishing,Husband,White,Male,0,0,40,United-States,38651
18,Private,9,Never-married,Sales,Not-in-family,White,Male,0,0,30,United-States,15000
52,Private,13,Married-civ-spouse,Other-service,Husband,White,Male,0,0,40,Cuba,30744
46,Private,9,Married-civ-spouse,Other-service,Wife,White,Female,0,0,40,United-States,34868
59,Private,9,Married-civ-spouse,Sales,Husband,White,Male,0,0,48,United-States,23124
53,Private,9,Divorced,Sales,Own-child,White,Female,0,0,35,United-States,38390
49,Local-gov,9,Married-civ-spouse,Protective-serv,Husband,White,Male,0,0,40,United-States,61605
33,Private,14,Married-civ-spouse,Prof-specialty,Husband,White,Male,0,0,50,United-States,16386
30,Private,5,Never-married,Sales,Not-in-family,White,Male,0,0,40,United-States,34702
43,Federal-gov,16,Never-married,Prof-specialty,Not-in-family,White,Female,0,0,50,United-States,98610
57,Private,11,Married-civ-spouse,Prof-specialty,Husband,White,Male,0,0,40,United-States,22676
37,Private,10,Divorced,Craft-repair,Unmarried,White,Female,0,0,40,United-States,25956
28,Private,10,Divorced,Machine-op-inspct,Unmarried,Black,Female,0,0,25,United-States,31130
34,Local-gov,13,Married-civ-spouse,Protective-serv,Husband,White,Male,0,0,40,United-States,86643
29,Local-gov,10,Never-married,Handlers-cleaners,Not-in-family,White,Male,0,0,50,United-States,31559
37,Private,10,Married-civ-spouse,Sales,Husband,White,Male,0,0,48,United-States,50995
48,Private,12,Divorced,Exec-managerial,Unmarried,White,Female,0,0,40,England,24980
32,Federal-gov,9,Never-married,Other-service,Own-child,Black,Male,0,0,40,United-States,26382
76,Private,14,Married-civ-spouse,Exec-managerial,Husband,White,Male,0,0,40,United-States,50001
47,Self-emp-not-inc,14,Never-married,Prof-specialty,Not-in-family,White,Female,0,0,50,United-States,28609
20,Private,10,Never-married,Tech-support,Own-child,White,Female,0,0,40,United-States,29890
29,Private,9,Never-married,Craft-repair,Not-in-family,White,Male,0,0,40,United-States,26954
30,Private,7,Never-married,Handlers-cleaners,Own-child,White,Male,0,0,40,United-States,50000
31,Local-gov,9,Never-married,Adm-clerical,Not-in-family,White,Female,0,0,40,United-States,21151
42,Private,9,Married-civ-spouse,Handlers-cleaners,Husband,White,Male,0,0,40,United-States,25286
24,Private,13,Never-married,Sales,Other-relative,White,Male,0,0,40,United-States,33552
38,Private,15,Married-civ-spouse,Prof-specialty,Husband,White,Male,0,0,40,United-States,87004
36,Private,9,Never-married,Machine-op-inspct,Own-child,White,Female,0,0,40,United-States,23963
53,Private,5,Married-civ-spouse,Handlers-cleaners,Husband,White,Male,0,0,50,United-States,29625
56,Self-emp-inc,10,Married-civ-spouse,Sales,Husband,White,Male,0,0,50,United-States,27436
49,Local-gov,11,Married-civ-spouse,Craft-repair,Husband,Black,Male,0,0,40,United-States,105655
55,Private,10,Married-civ-spouse,Sales,Husband,White,Male,0,0,56,United-States,38380
22,Private,9,Never-married,Craft-repair,Not-in-family,White,Male,0,0,41,United-States,26861
21,Private,10,Never-married,Other-service,Own-child,White,Female,0,0,40,United-States,23172
40,Private,13,Married-civ-spouse,Exec-managerial,Husband,White,Male,0,0,60,United-States,15000
30,Private,13,Never-married,Exec-managerial,Own-child,Black,Male,0,0,40,Germany,29773
29,State-gov,13,Married-civ-spouse,Prof-specialty,Husband,White,Male,0,0,50,United-States,50001
19,Private,10,Never-married,Other-service,Own-child,Black,Male,0,0,35,United-States,36291
47,Private,13,Married-civ-spouse,Exec-managerial,Wife,White,Female,0,0,40,United-States,66288
31,Private,12,Married-civ-spouse,Adm-clerical,Husband,White,Male,0,0,40,United-States,123551
35,Private,9,Married-civ-spouse,Adm-clerical,Husband,White,Male,0,0,40,United-States,24125
39,Private,10,Divorced,Craft-repair,Not-in-family,White,Male,0,0,40,United-States,50000
28,Private,12,Never-married,Sales,Not-in-family,White,Female,0,0,60,United-States,34552
37,Private,13,Married-civ-spouse,Sales,Husband,White,Male,0,0,50,United-States,35177
46,Private,12,Divorced,Tech-support,Not-in-family,Black,Female,0,0,36,United-States,33712
38,Federal-gov,14,Married-civ-spouse,Prof-specialty,Husband,White,Male,0,0,40,Iran,62581
43,Self-emp-not-inc,9,Married-civ-spouse,Craft-repair,Husband,White,Male,0,0,60,United-States,26663
27,Private,11,Married-civ-spouse,Adm-clerical,Wife,White,Female,0,0,35,United-States,50000
20,Private,10,Never-married,Sales,Own-child,White,Male,0,0,20,United-States,26713
49,Private,10,Married-civ-spouse,Craft-repair,Husband,Asian-Pac-Islander,Male,0,0,40,United-States,94464
61,Self-emp-inc,9,Married-civ-spouse,Craft-repair,Husband,White,Male,0,0,40,United-States,43198
27,Private,10,Never-married,Sales,Own-child,White,Female,0,0,40,United-States,50000
19,Private,10,Never-married,Other-service,Own-child,White,Male,0,0,30,Mexico,24955
70,Private,10,Never-married,Tech-support,Other-relative,White,Male,0,0,40,United-States,35135
31,Private,9,Never-married,Transport-moving,Unmarried,Black,Female,0,0,30,United-States,44140
22,Private,10,Married-civ-spouse,Other-service,Husband,White,Male,0,0,24,United-States,50000
36,Private,9,Widowed,Other-service,Unmarried,White,Female,0,0,24,United-States,35217
43,Private,10,Divorced,Other-service,Not-in-family,White,Female,0,0,40,United-States,50000
47,Local-gov,10,Divorced,Adm-clerical,Unmarried,White,Female,0,0,38,Mexico,27372
34,Private,9,Never-married,Adm-clerical,Not-in-family,White,Female,0,0,40,United-States,31888
33,Private,13,Never-married,Exec-managerial,Other-relative,Asian-Pac-Islander,Female,0,0,40,Philippines,49461
21,Private,9,Never-married,Craft-repair,Own-child,White,Male,0,0,35,United-States,31444
52,Private,9,Divorced,Craft-repair,Not-in-family,White,Male,0,0,45,United-States,77605
48,Private,9,Married-civ-spouse,Craft-repair,Husband,White,Male,0,0,46,United-States,45839
23,Private,13,Never-married,Handlers-cleaners,Not-in-family,White,Male,0,0,40,United-States,42242
29,Private,9,Divorced,Craft-repair,Not-in-family,White,Male,0,0,60,United-States,34153
42,Private,13,Separated,Other-service,Other-relative,Black,Male,0,0,50,United-States,43071
68,Private,2,Divorced,Other-service,Not-in-family,White,Female,0,0,20,United-States,21826
25,Private,9,Never-married,Other-service,Unmarried,White,Female,0,0,40,United-States,38658
44,Self-emp-inc,14,Divorced,Exec-managerial,Unmarried,Asian-Pac-Islander,Female,0,0,40,United-States,32177
28,Private,9,Never-married,Exec-managerial,Not-in-family,Asian-Pac-Islander,Female,0,0,40,England,33261
45,Self-emp-not-inc,14,Married-civ-spouse,Sales,Husband,White,Male,0,0,40,United-States,50001
36,Private,10,Divorced,Other-service,Unmarried,White,Female,0,0,40,Mexico,16821
39,Federal-gov,12,Never-married,Exec-managerial,Not-in-family,White,Male,0,0,42,United-States,36272
46,State-gov,14,Widowed,Protective-serv,Unmarried,White,Male,0,0,40,United-States,20288
18,Private,7,Never-married,Handlers-cleaners,Own-child,White,Male,0,0,16,United-States,27989
66,Local-gov,11,Widowed,Prof-specialty,Not-in-family,White,Female,0,0,20,United-States,22627
28,State-gov,9,Married-civ-spouse,Protective-serv,Husband,White,Male,0,0,40,United-States,26606
27,Private,13,Never-married,Craft-repair,Not-in-family,White,Male,0,0,50,United-States,23878
28,State-gov,13,Married-civ-spouse,Prof-specialty,Husband,White,Male,0,0,40,United-States,50001
27,Private,9,Married-spouse-absent,Sales,Unmarried,White,Female,0,0,25,United-States,28905
21,Private,9,Never-married,Craft-repair,Own-child,Black,Male,0,0,40,United-States,21403
34,Private,9,Never-married,Handlers-cleaners,Not-in-family,Black,Male,0,0,40,United-States,25212
18,Private,9,Never-married,Other-service,Own-child,White,Male,0,0,12,United-States,46146
33,Private,13,Married-civ-spouse,Prof-specialty,Husband,White,Male,0,0,65,United-States,49190
44,Local-gov,10,Married-civ-spouse,Exec-managerial,Husband,Black,Male,0,0,38,United-States,84099
43,Private,10,Divorced,Adm-clerical,Not-in-family,White,Female,0,0,40,United-States,31004
30,Private,10,Never-married,Craft-repair,Not-in-family,Black,Male,0,0,45,United-States,50000
40,Private,4,Married-civ-spouse,Machine-op-inspct,Husband,White,Male,0,0,40,Mexico,50001
37,Federal-gov,10,Married-civ-spouse,Adm-clerical,Husband,White,Male,0,0,42,United-States,50001
34,Private,9,Married-civ-spouse,Adm-clerical,Husband,Black,Male,0,0,40,United-States,32492
41,Self-emp-not-inc,13,Divorced,Exec-managerial,Not-in-family,White,Female,0,0,40,United-States,19633
53,Self-emp-not-inc,13,Divorced,Exec-managerial,Not-in-family,White,Female,0,0,50,United-States,24626
31,Private,14,Married-civ-spouse,Prof-specialty,Wife,White,Female,0,0,50,United-States,50000
58,State-gov,16,Married-civ-spouse,Prof-specialty,Husband,White,Male,0,0,1,United-States,110163
38,Private,10,Divorced,Machine-op-inspct,Not-in-family,Black,Female,0,0,28,United-States,38767
24,Private,10,Married-civ-spouse,Machine-op-inspct,Husband,White,Male,0,0,40,United-States,36084
41,Local-gov,13,Married-civ-spouse,Craft-repair,Husband,Black,Male,0,0,40,United-States,26242
47,Private,10,Married-civ-spouse,Tech-support,Husband,White,Male,0,0,45,United-States,31869
41,Federal-gov,13,Married-civ-spouse,Tech-support,Husband,White,Male,0,0,24,United-States,27364
23,Private,3,Married-civ-spouse,Transport-moving,Other-relative,White,Male,0,0,40,Mexico,30338
36,Private,10,Divorced,Craft-repair,Not-in-family,White,Male,0,0,40,United-States,42068
24,Self-emp-not-inc,9,Never-married,Sales,Not-in-family,White,Male,0,0,40,United-States,27974
19,Self-emp-not-inc,9,Never-married,Sales,Own-child,White,Male,0,0,40,Italy,31372
51,Private,13,Married-civ-spouse,Exec-managerial,Husband,White,Male,0,0,50,United-States,56275
37,State-gov,9,Divorced,Adm-clerical,Unmarried,White,Female,0,0,35,United-States,50000
18,Private,7,Never-married,Sales,Own-child,White,Female,0,0,40,United-States,43159
35,Private,9,Divorced,Craft-repair,Not-in-family,White,Male,0,0,60,United-States,30398
17,Private,7,Never-married,Sales,Own-child,White,Female,0,0,12,United-States,19434
44,Local-gov,9,Married-civ-spouse,Transport-moving,Husband,Black,Male,0,0,40,United-States,26791
37,Private,9,Married-civ-spouse,Craft-repair,Husband,White,Male,0,0,40,United-States,79459
35,Private,10,Never-married,Sales,Not-in-family,Amer-Indian-Eskimo,Female,0,0,40,United-States,19502
60,Private,9,Married-civ-spouse,Craft-repair,Husband,Asian-Pac-Islander,Male,0,0,40,United-States,30749
54,Self-emp-inc,4,Married-civ-spouse,Machine-op-inspct,Husband,White,Male,0,0,40,United-States,50001
37,Private,13,Never-married,Exec-managerial,Not-in-family,Black,Male,0,0,60,United-States,159589
50,Private,12,Divorced,Sales,Not-in-family,White,Female,0,0,40,United-States,41815
38,Private,13,Married-civ-spouse,Sales,Husband,White,Male,0,0,50,Poland,43912
45,Private,13,Married-civ-spouse,Prof-specialty,Husband,White,Male,0,0,55,United-States,17206
25,Private,6,Never-married,Craft-repair,Not-in-family,White,Male,0,0,40,United-States,26396
31,Private,10,Married-civ-spouse,Handlers-cleaners,Husband,White,Male,0,0,40,United-States,15579
64,Private,2,Divorced,Handlers-cleaners,Not-in-family,White,Male,0,0,40,United-States,31864
54,Private,9,Married-civ-spouse,Adm-clerical,Husband,Black,Male,0,0,20,United-States,43504
53,Local-gov,1,Never-married,Machine-op-inspct,Not-in-family,White,Female,0,0,35,United-States,42697
18,Private,9,Never-married,Sales,Own-child,White,Female,0,0,40,United-States,30590
60,Private,6,Divorced,Sales,Not-in-family,Amer-Indian-Eskimo,Female,0,0,10,United-States,27504
75,Private,11,Widowed,Adm-clerical,Not-in-family,White,Female,0,0,20,Columbia,21119
65,Private,9,Divorced,Adm-clerical,Not-in-family,White,Female,0,0,40,United-States,20466
41,Private,9,Divorced,Sales,Unmarried,Black,Female,0,0,38,United-States,41908
25,Private,10,Never-married,Adm-clerical,Not-in-family,White,Male,0,0,42,United-States,26827
33,Private,10,Divorced,Craft-repair,Other-relative,Other,Female,0,0,40,United-States,50000
28,Private,15,Never-married,Prof-specialty,Not-in-family,White,Male,0,0,55,United-States,124352
59,State-gov,9,Married-civ-spouse,Other-service,Husband,White,Male,0,0,40,United-States,40037
40,State-gov,10,Never-married,Adm-clerical,Not-in-family,White,Female,0,0,38,United-States,29272
41,Private,13,Married-civ-spouse,Exec-managerial,Husband,White,Male,0,0,50,Iran,50748
38,Local-gov,14,Married-civ-spouse,Exec-managerial,Husband,White,Male,0,0,70,United-States,85500
23,Private,9,Never-married,Transport-moving,Own-child,White,Male,0,0,40,United-States,26657
40,Private,13,Married-civ-spouse,Prof-specialty,Husband,White,Male,0,0,40,United-States,55408
41,Self-emp-not-inc,9,Married-civ-spouse,Other-service,Wife,White,Female,0,0,20,United-States,50000
24,State-gov,12,Married-civ-spouse,Protective-serv,Husband,White,Male,0,0,50,United-States,36430
20,State-gov,10,Never-married,Protective-serv,Own-child,White,Male,0,0,20,United-States,22913
56,Private,9,Married-civ-spouse,Adm-clerical,Husband,White,Male,0,0,35,United-States,50000
58,Private,9,Married-civ-spouse,Adm-clerical,Husband,White,Male,0,0,45,United-States,134604
32,Private,9,Never-married,Other-service,Not-in-family,White,Female,0,0,34,United-States,24524
45,Private,9,Married-civ-spouse,Adm-clerical,Husband,White,Male,0,0,40,United-States,36120
41,Private,15,Married-civ-spouse,Prof-specialty,Wife,White,Female,0,0,40,United-States,75319
42,Private,13,Married-civ-spouse,Adm-clerical,Wife,Black,Female,0,0,40,United-States,25332
59,Local-gov,6,Widowed,Other-service,Unmarried,Black,Female,0,0,30,United-States,50000
19,Local-gov,10,Never-married,Adm-clerical,Own-child,White,Male,0,0,40,United-States,26524
58,Private,10,Never-married,Transport-moving,Not-in-family,White,Male,0,0,20,United-States,28443
42,Self-emp-not-inc,9,Married-civ-spouse,Farming-fishing,Husband,Asian-Pac-Islander,Male,0,0,40,Cambodia,190584
20,Private,9,Never-married,Other-service,Own-child,White,Female,0,0,40,United-States,34103
32,Private,9,Separated,Other-service,Not-in-family,White,Female,0,0,30,United-States,22804
45,Private,11,Widowed,Exec-managerial,Not-in-family,White,Female,0,0,45,United-States,36777
50,Private,4,Divorced,Craft-repair,Not-in-family,White,Male,0,0,40,United-States,49387
36,Private,13,Divorced,Prof-specialty,Own-child,White,Female,0,0,40,United-States,37909
45,Private,9,Married-civ-spouse,Sales,Husband,White,Male,0,0,60,United-States,50000
17,Private,7,Never-married,Other-service,Own-child,White,Male,0,0,12,United-States,21092
26,Private,7,Married-civ-spouse,Craft-repair,Husband,White,Male,0,0,40,United-States,30285
37,Self-emp-inc,10,Married-civ-spouse,Exec-managerial,Husband,Asian-Pac-Islander,Male,0,0,75,Thailand,50001
19,Self-emp-inc,10,Never-married,Exec-managerial,Own-child,White,Male,0,0,24,Canada,16203
64,Private,9,Married-civ-spouse,Exec-managerial,Husband,White,Male,0,0,40,United-States,189495
33,Private,13,Never-married,Prof-specialty,Not-in-family,White,Female,0,0,45,United-States,35969
33,Private,9,Married-civ-spouse,Craft-repair,Wife,White,Female,0,0,40,United-States,67954
61,Private,9,Married-civ-spouse,Exec-managerial,Husband,White,Male,0,0,40,United-States,50001
27,Local-gov,14,Never-married,Prof-specialty,Own-child,White,Male,0,0,35,United-States,39610
30,Private,9,Divorced,Prof-specialty,Own-child,White,Female,0,0,40,United-States,16558
43,Private,9,Married-civ-spouse,Handlers-cleaners,Husband,Black,Male,0,0,40,United-States,15000
35,Private,10,Never-married,Exec-managerial,Not-in-family,White,Female,0,0,40,United-States,46137
25,Private,10,Never-married,Tech-support,Own-child,White,Female,0,0,40,United-States,19036
22,Private,13,Never-married,Prof-specialty,Not-in-family,White,Female,0,0,15,Germany,38280
34,Private,12,Divorced,Sales,Unmarried,Black,Female,0,0,45,United-States,50000
60,Private,13,Divorced,Prof-specialty,Not-in-family,White,Female,0,0,42,United-States,21274
21,Private,9,Never-married,Handlers-cleaners,Own-child,White,Male,0,0,40,United-States,30525
41,Private,15,Married-civ-spouse,Prof-specialty,Husband,White,Male,0,0,60,United-States,77569
50,Private,10,Divorced,Other-service,Not-in-family,White,Male,0,0,45,United-States,29081
25,Private,13,Never-married,Exec-managerial,Not-in-family,White,Female,0,0,40,United-States,43896
50,Private,4,Married-civ-spouse,Craft-repair,Husband,White,Male,0,0,40,Ecuador,30851
36,Private,13,Married-civ-spouse,Prof-specialty,Husband,White,Male,0,0,45,United-States,38058
31,Private,9,Divorced,Prof-specialty,Not-in-family,White,Female,0,0,40,United-States,30501
29,Local-gov,13,Never-married,Protective-serv,Not-in-family,White,Male,0,0,56,United-States,26819
21,Private,10,Never-married,Sales,Own-child,White,Male,0,0,45,United-States,31410
27,Private,13,Never-married,Tech-support,Unmarried,Black,Female,0,0,40,United-States,24712
65,Private,9,Married-civ-spouse,Transport-moving,Husband,White,Male,0,0,16,United-States,38878
37,Self-emp-inc,13,Divorced,Sales,Not-in-family,White,Female,0,0,60,United-States,29212
24,Private,9,Never-married,Craft-repair,Own-child,White,Male,0,0,40,United-States,20663
38,Private,9,Divorced,Sales,Not-in-family,White,Male,0,0,80,United-States,27564
21,Private,10,Never-married,Other-service,Not-in-family,Asian-Pac-Islander,Female,0,0,25,United-States,32422
31,Private,9,Married-civ-spouse,Transport-moving,Husband,White,Male,0,0,45,United-States,250000
24,Private,10,Married-civ-spouse,Adm-clerical,Wife,Asian-Pac-Islander,Female,0,0,40,Laos,47538
43,Private,9,Divorced,Adm-clerical,Not-in-family,White,Female,0,0,40,United-States,25485
26,Private,12,Never-married,Tech-support,Not-in-family,White,Male,0,0,45,United-States,38490
46,Private,12,Never-married,Prof-specialty,Not-in-family,White,Female,0,0,33,United-States,21913
35,Private,12,Married-civ-spouse,Adm-clerical,Husband,White,Male,0,0,40,United-States,58483
41,Self-emp-inc,10,Married-civ-spouse,Farming-fishing,Husband,White,Male,0,0,54,United-States,71568
26,Private,13,Never-married,Sales,Not-in-family,White,Male,0,0,40,United-States,50000
19,Private,10,Never-married,Sales,Own-child,Black,Female,0,0,25,United-States,43514
36,Self-emp-not-inc,13,Divorced,Prof-specialty,Not-in-family,Black,Female,0,0,40,United-States,63242
22,Private,10,Never-married,Sales,Own-child,White,Male,0,0,15,United-States,16446
24,Private,10,Never-married,Machine-op-inspct,Not-in-family,White,Male,0,0,40,United-States,19332
77,Self-emp-not-inc,10,Married-civ-spouse,Sales,Husband,White,Male,0,0,40,United-States,29522
22,Private,3,Married-civ-spouse,Machine-op-inspct,Other-relative,White,Female,0,0,40,Mexico,20473
29,Private,10,Never-married,Tech-support,Not-in-family,White,Female,0,0,40,United-States,30488
62,Private,9,Widowed,Other-service,Not-in-family,White,Female,0,0,24,United-States,48101
39,Self-emp-not-inc,9,Married-civ-spouse,Exec-managerial,Husband,White,Male,0,0,40,United-States,40947
35,Private,9,Divorced,Transport-moving,Not-in-family,White,Male,0,0,45,United-States,28708
29,Private,7,Never-married,Exec-managerial,Not-in-family,White,Female,0,0,40,United-States,31056
76,Self-emp-not-inc,14,Married-civ-spouse,Craft-repair,Husband,White,Male,0,0,10,United-States,22685
63,Self-emp-not-inc,9,Married-civ-spouse,Farming-fishing,Husband,White,Male,0,0,45,United-States,17493
23,Self-emp-not-inc,11,Never-married,Farming-fishing,Own-child,Black,Female,0,0,15,United-States,42956
58,Self-emp-not-inc,9,Married-civ-spouse,Handlers-cleaners,Husband,White,Male,0,0,40,United-States,16491
41,Private,10,Never-married,Craft-repair,Not-in-family,Black,Male,0,0,45,United-States,50000
26,Private,13,Never-married,Adm-clerical,Not-in-family,White,Male,0,0,40,United-States,22503
47,Private,11,Never-married,Other-service,Not-in-family,White,Male,0,0,40,United-States,41146
55,Local-gov,6,Married-civ-spouse,Adm-clerical,Husband,White,Male,0,0,40,United-States,37323
53,Private,9,Married-civ-spouse,Transport-moving,Husband,White,Male,0,0,40,United-States,39775
17,Private,3,Never-married,Other-service,Other-relative,White,Male,0,0,48,Mexico,25277
30,Private,9,Never-married,Craft-repair,Other-relative,White,Male,0,0,40,United-States,18778
49,Private,14,Never-married,Prof-specialty,Not-in-family,White,Male,0,0,60,United-States,37116
19,Private,9,Never-married,Sales,Unmarried,Black,Male,0,0,30,Haiti,27717
45,Private,9,Married-civ-spouse,Other-service,Husband,Black,Male,0,0,40,United-States,41514
26,Private,12,Never-married,Sales,Not-in-family,White,Male,0,0,40,United-States,39391
33,Private,9,Never-married,Farming-fishing,Not-in-family,White,Male,0,0,20,United-States,47406
22,State-gov,10,Never-married,Protective-serv,Own-child,Black,Female,0,0,40,United-States,16420
43,Self-emp-not-inc,13,Never-married,Sales,Not-in-family,White,Male,0,0,42,United-States,35493
67,Self-emp-not-inc,7,Married-civ-spouse,Sales,Husband,White,Male,0,0,8,United-States,26250
30,Self-emp-not-inc,11,Divorced,Sales,Unmarried,White,Female,0,0,40,United-States,22043
56,Private,12,Married-spouse-absent,Other-service,Not-in-family,White,Male,0,0,25,Iran,50000
31,Private,13,Never-married,Prof-specialty,Own-child,White,Male,0,0,25,United-States,19383
33,Private,13,Married-civ-spouse,Exec-managerial,Husband,White,Male,0,0,40,United-States,106192
26,Private,9,Married-civ-spouse,Other-service,Husband,White,Male,0,0,40,United-States,36787
33,Private,13,Married-civ-spouse,Exec-managerial,Husband,White,Male,0,0,40,United-States,58056
46,Local-gov,7,Married-civ-spouse,Transport-moving,Husband,White,Male,0,0,30,United-States,50000
59,Local-gov,13,Married-civ-spouse,Transport-moving,Husband,White,Male,0,0,40,United-States,76101
38,Federal-gov,9,Married-civ-spouse,Adm-clerical,Husband,White,Male,0,0,40,United-States,50001
65,Private,7,Widowed,Other-service,Unmarried,Other,Male,0,0,40,United-States,25945
40,Private,11,Married-civ-spouse,Tech-support,Husband,White,Male,0,0,40,United-States,70412
42,Private,9,Married-civ-spouse,Adm-clerical,Wife,White,Female,0,0,35,United-States,38189
26,Self-emp-not-inc,5,Married-civ-spouse,Craft-repair,Husband,White,Male,0,0,40,Portugal,23511
36,Private,6,Married-civ-spouse,Other-service,Wife,White,Female,0,0,24,United-States,15000
62,Private,14,Married-civ-spouse,Prof-specialty,Husband,White,Male,0,0,40,United-States,75070
43,Private,13,Married-civ-spouse,Transport-moving,Husband,White,Male,0,0,45,United-States,28357
22,Private,9,Married-spouse-absent,Sales,Not-in-family,White,Male,0,0,55,United-States,26913
28,Private,9,Married-civ-spouse,Craft-repair,Husband,White,Male,0,0,40,United-States,22216
56,Self-emp-not-inc,10,Married-civ-spouse,Sales,Husband,White,Male,0,0,45,United-States,25811
22,Private,12,Never-married,Sales,Not-in-family,White,Female,0,0,15,United-States,37344
57,Private,13,Divorced,Exec-managerial,Not-in-family,White,Female,0,0,45,United-States,124870
39,Private,9,Divorced,Sales,Unmarried,White,Female,0,0,40,United-States,34966
26,Federal-gov,10,Never-married,Adm-clerical,Unmarried,White,Female,0,0,15,United-States,30216
17,Private,7,Never-married,Other-service,Own-child,White,Male,0,0,10,United-States,25177
40,State-gov,11,Married-civ-spouse,Machine-op-inspct,Husband,White,Male,0,0,38,United-States,66817
45,Private,9,Married-civ-spouse,Machine-op-inspct,Husband,Black,Male,0,0,40,United-States,50000
44,Private,9,Never-married,Craft-repair,Not-in-family,Black,Male,0,0,40,United-States,18745
20,Local-gov,10,Never-married,Adm-clerical,Own-child,White,Female,0,0,10,United-States,27912
33,Private,9,Married-civ-spouse,Craft-repair,Wife,White,Female,0,0,40,United-States,48460
23,Private,10,Never-married,Sales,Not-in-family,White,Male,0,0,40,United-States,38063
46,Self-emp-not-inc,14,Divorced,Exec-managerial,Not-in-family,White,Male,0,0,30,United-States,23340
38,Private,9,Married-civ-spouse,Sales,Husband,White,Male,0,0,50,United-States,30144
54,Private,9,Divorced,Transport-moving,Not-in-family,White,Male,0,0,40,United-States,40392
25,Private,10,Married-civ-spouse,Craft-repair,Husband,White,Male,0,0,40,United-States,38631
46,Private,10,Divorced,Sales,Not-in-family,White,Female,0,0,40,United-States,22876
36,Local-gov,10,Married-civ-spouse,Transport-moving,Wife,White,Female,0,0,40,United-States,15399
23,Private,9,Never-married,Other-service,Not-in-family,White,Female,0,0,25,United-States,36811
29,Private,9,Separated,Machine-op-inspct,Not-in-family,White,Male,0,0,40,United-States,30276
19,Private,10,Never-married,Adm-clerical,Own-child,White,Female,0,0,16,United-States,18924
19,Private,9,Never-married,Other-service,Other-relative,White,Female,0,0,40,United-States,18009
35,Private,9,Married-civ-spouse,Other-service,Wife,White,Female,0,0,40,United-States,59807
27,Private,13,Never-married,Craft-repair,Not-in-family,White,Male,0,0,50,United-States,39886
46,Self-emp-not-inc,12,Separated,Craft-repair,Not-in-family,White,Male,0,0,40,United-States,40093
34,Private,9,Never-married,Other-service,Not-in-family,White,Female,0,0,35,United-States,41700
44,Private,10,Married-civ-spouse,Tech-support,Husband,White,Male,0,0,40,United-States,50000
45,Private,10,Divorced,Handlers-cleaners,Unmarried,White,Female,0,0,40,United-States,29886
20,Private,9,Never-married,Handlers-cleaners,Other-relative,White,Female,0,0,35,United-States,33823
25,Private,13,Married-civ-spouse,Exec-managerial,Husband,White,Male,0,0,55,United-States,83851
52,Self-emp-inc,13,Married-civ-spouse,Exec-managerial,Husband,White,Male,0,0,50,United-States,50001
20,Private,10,Never-married,Handlers-cleaners,Own-child,White,Male,0,0,40,United-States,31347
28,Private,10,Never-married,Other-service,Not-in-family,White,Female,0,0,40,United-States,21973
50,State-gov,13,Married-civ-spouse,Protective-serv,Husband,White,Male,0,0,40,United-States,50001
34,Private,11,Divorced,Tech-support,Not-in-family,White,Female,0,0,64,United-States,19226
28,Private,9,Married-civ-spouse,Adm-clerical,Husband,White,Male,0,0,40,United-States,50000
46,Self-emp-not-inc,9,Married-civ-spouse,Craft-repair,Husband,White,Male,0,0,25,United-States,23072
32,Private,10,Married-civ-spouse,Exec-managerial,Husband,White,Male,0,0,50,United-States,23919
41,Local-gov,10,Divorced,Other-service,Not-in-family,Black,Female,0,0,24,United-States,31705
24,Private,9,Never-married,Handlers-cleaners,Unmarried,Black,Female,0,0,40,United-States,21187
33,Private,10,Divorced,Exec-managerial,Unmarried,White,Female,0,0,40,United-States,43616
31,State-gov,10,Married-civ-spouse,Machine-op-inspct,Husband,White,Male,0,0,40,United-States,20349
35,Private,8,Divorced,Craft-repair,Not-in-family,White,Male,0,0,50,United-States,219218
52,Private,2,Married-civ-spouse,Machine-op-inspct,Husband,White,Male,0,0,40,Mexico,29431
30,Private,7,Never-married,Other-service,Own-child,White,Female,0,0,19,United-States,29753
34,Local-gov,7,Separated,Machine-op-inspct,Not-in-family,Black,Male,0,0,40,United-States,36077
34,State-gov,9,Divorced,Transport-moving,Unmarried,White,Female,0,0,40,United-States,21613
20,Private,10,Married-civ-spouse,Sales,Husband,White,Male,0,0,30,United-States,23770
32,State-gov,13,Married-civ-spouse,Exec-managerial,Wife,White,Female,0,0,40,United-States,50001
29,Private,9,Divorced,Farming-fishing,Not-in-family,White,Male,0,0,40,United-States,44917
33,Private,6,Never-married,Craft-repair,Unmarried,White,Female,0,0,35,United-States,50000
25,Private,9,Married-civ-spouse,Transport-moving,Husband,White,Male,0,0,60,United-States,50000
23,Private,9,Never-married,Handlers-cleaners,Not-in-family,White,Male,0,0,72,Dominican-Republic,25112
63,Self-emp-inc,9,Married-civ-spouse,Exec-managerial,Husband,White,Male,0,0,40,United-States,50001
47,Local-gov,14,Married-civ-spouse,Prof-specialty,Husband,White,Male,0,0,40,United-States,50000
80,Local-gov,9,Widowed,Prof-specialty,Not-in-family,White,Male,0,0,24,United-States,21474
17,Local-gov,7,Never-married,Prof-specialty,Own-child,White,Male,0,0,40,United-States,40497
30,Private,12,Married-civ-spouse,Other-service,Wife,White,Female,0,0,25,United-States,89091
33,Private,14,Married-civ-spouse,Prof-specialty,Husband,White,Male,0,0,50,United-States,86592
34,Local-gov,10,Never-married,Protective-serv,Not-in-family,White,Female,0,0,40,United-States,17631
23,Private,10,Married-civ-spouse,Adm-clerical,Husband,White,Male,0,0,40,United-States,34250
42,Local-gov,10,Married-civ-spouse,Adm-clerical,Wife,White,Female,0,0,40,United-States,45615
29,Private,13,Never-married,Prof-specialty,Not-in-family,White,Male,0,0,40,United-States,33836
45,Private,9,Divorced,Adm-clerical,Not-in-family,White,Female,0,0,28,United-States,26466
24,Federal-gov,9,Never-married,Armed-Forces,Own-child,White,Male,0,0,40,United-States,25754
44,Private,10,Married-civ-spouse,Prof-specialty,Husband,White,Male,0,0,40,United-States,50001
27,Private,5,Never-married,Craft-repair,Other-relative,White,Male,0,0,40,Mexico,40630
20,Private,10,Never-married,Sales,Not-in-family,White,Male,0,0,35,United-States,28641
44,Private,9,Widowed,Exec-managerial,Unmarried,Black,Female,0,0,40,United-States,50000
51,Private,9,Married-civ-spouse,Craft-repair,Husband,Amer-Indian-Eskimo,Male,0,0,40,United-States,28059
20,Private,9,Married-civ-spouse,Machine-op-inspct,Husband,White,Male,0,0,40,United-States,50000
17,Private,7,Never-married,Machine-op-inspct,Own-child,White,Female,0,0,5,United-States,25933
19,Private,9,Never-married,Machine-op-inspct,Own-child,Black,Female,0,0,40,United-States,36842
45,Self-emp-inc,10,Married-civ-spouse,Craft-repair,Husband,White,Male,0,0,55,United-States,68178
60,Private,9,Married-civ-spouse,Craft-repair,Husband,White,Male,0,0,40,United-States,82765
42,Private,12,Married-civ-spouse,Exec-managerial,Husband,Black,Male,0,0,40,United-States,83512
44,Self-emp-not-inc,9,Married-civ-spouse,Sales,Wife,White,Female,0,0,40,United-States,53723
40,Private,11,Married-civ-spouse,Machine-op-inspct,Husband,Asian-Pac-Islander,Male,0,0,40,United-States,68046
30,Private,9,Married-civ-spouse,Exec-managerial,Wife,White,Female,0,0,40,United-States,19771
38,Private,10,Married-civ-spouse,Transport-moving,Husband,Black,Male,0,0,50,United-States,31982
23,Private,9,Married-civ-spouse,Transport-moving,Husband,White,Male,0,0,60,United-States,36553
32,Private,10,Married-civ-spouse,Transport-moving,Husband,White,Male,0,0,40,United-States,44129
44,Private,12,Never-married,Farming-fishing,Own-child,White,Male,0,0,40,United-States,50000
54,Local-gov,9,Married-civ-spouse,Transport-moving,Husband,Black,Male,0,0,40,United-States,40643
32,Private,13,Married-civ-spouse,Prof-specialty,Husband,White,Male,0,0,50,United-States,48467
50,Private,2,Married-spouse-absent,Craft-repair,Unmarried,White,Male,0,0,40,United-States,50000
24,Private,13,Never-married,Tech-support,Not-in-family,White,Female,0,0,20,United-States,28824
37,Private,9,Married-civ-spouse,Adm-clerical,Wife,White,Female,0,0,60,United-States,17038
52,Private,9,Divorced,Transport-moving,Unmarried,White,Male,0,0,40,United-States,41027
38,Private,10,Married-civ-spouse,Transport-moving,Husband,White,Male,0,0,40,United-States,40892
30,Private,13,Married-civ-spouse,Tech-support,Wife,White,Female,0,0,16,United-States,108085
60,Private,10,Never-married,Prof-specialty,Unmarried,White,Male,0,0,40,United-States,77397
22,Private,10,Never-married,Prof-specialty,Own-child,White,Male,0,0,40,United-States,38727
35,Private,9,Never-married,Craft-repair,Not-in-family,White,Male,0,0,40,United-States,31651
30,Private,9,Never-married,Transport-moving,Not-in-family,White,Male,0,0,60,United-States,20422
67,Private,11,Divorced,Other-service,Not-in-family,White,Female,0,0,24,United-States,25280
46,Private,13,Never-married,Craft-repair,Not-in-family,White,Female,0,0,40,United-States,24780
17,Private,5,Never-married,Other-service,Not-in-family,White,Male,0,0,6,United-States,27684
22,Private,10,Never-married,Handlers-cleaners,Own-child,White,Male,0,0,30,United-States,39253
27,Private,6,Never-married,Other-service,Not-in-family,White,Male,0,0,40,United-States,38204
23,Private,9,Never-married,Other-service,Unmarried,White,Female,0,0,35,United-States,18260
33,Private,12,Married-civ-spouse,Craft-repair,Husband,White,Male,0,0,45,Portugal,50000
43,Self-emp-not-inc,10,Married-civ-spouse,Craft-repair,Husband,White,Male,0,0,20,United-States,31670
28,State-gov,13,Never-married,Prof-specialty,Not-in-family,White,Male,0,0,20,United-States,21431
41,Private,9,Married-spouse-absent,Craft-repair,Unmarried,White,Female,0,0,40,United-States,31310
25,Private,10,Married-spouse-absent,Adm-clerical,Own-child,Black,Female,0,0,20,United-States,39797
63,Private,2,Married-civ-spouse,Adm-clerical,Husband,White,Male,0,0,35,United-States,31684
59,Local-gov,9,Married-civ-spouse,Transport-moving,Husband,White,Male,0,0,45,United-States,43309
45,Local-gov,13,Divorced,Prof-specialty,Unmarried,White,Female,0,0,40,United-States,25461
40,Private,9,Never-married,Other-service,Not-in-family,White,Female,0,0,35,United-States,41917
46,Federal-gov,9,Divorced,Adm-clerical,Not-in-family,White,Male,0,0,40,United-States,15000
35,Private,12,Never-married,Exec-managerial,Not-in-family,White,Female,0,0,60,United-States,33792
34,Private,9,Divorced,Prof-specialty,Unmarried,White,Female,0,0,25,United-States,46167
33,Private,13,Never-married,Craft-repair,Own-child,White,Male,0,0,20,United-States,28377
41,Private,9,Divorced,Adm-clerical,Unmarried,White,Female,0,0,36,United-States,43275
20,Private,10,Never-married,Machine-op-inspct,Own-child,White,Male,0,0,40,United-States,50000
23,Private,3,Never-married,Other-service,Own-child,White,Male,0,0,40,El-Salvador,26437
26,Private,10,Never-married,Prof-specialty,Not-in-family,White,Female,0,0,35,United-States,40302
72,Private,9,Married-civ-spouse,Prof-specialty,Husband,White,Male,0,0,20,United-States,19096
23,Local-gov,9,Never-married,Farming-fishing,Not-in-family,White,Male,0,0,40,Poland,15000
62,Local-gov,9,Married-civ-spouse,Transport-moving,Husband,White,Male,0,0,40,United-States,19294
52,Private,10,Married-civ-spouse,Adm-clerical,Husband,White,Male,0,0,40,United-States,20332
58,Private,10,Divorced,Other-service,Unmarried,White,Female,0,0,42,France,25183
25,Private,13,Never-married,Sales,Not-in-family,White,Female,0,0,40,United-States,20327
24,Private,13,Never-married,Exec-managerial,Not-in-family,Black,Male,0,0,40,United-States,23966
19,Private,10,Never-married,Protective-serv,Own-child,White,Male,0,0,8,United-States,25774
43,Private,10,Married-civ-spouse,Exec-managerial,Husband,White,Male,0,0,40,United-States,35308
47,Local-gov,9,Separated,Adm-clerical,Unmarried,Black,Female,0,0,40,United-States,26633
39,Private,9,Divorced,Other-service,Unmarried,White,Female,0,0,40,United-States,30816
53,Private,3,Widowed,Other-service,Unmarried,Black,Female,0,0,30,United-States,50000
32,Private,11,Never-married,Craft-repair,Not-in-family,White,Male,0,0,45,United-States,24584
34,Private,10,Married-civ-spouse,Prof-specialty,Husband,White,Male,0,0,50,United-States,73312
28,Private,9,Divorced,Craft-repair,Not-in-family,White,Male,0,0,45,United-States,38718
57,Private,11,Widowed,Craft-repair,Unmarried,White,Female,0,0,38,United-States,27315
25,Private,10,Never-married,Adm-clerical,Not-in-family,Amer-Indian-Eskimo,Female,0,0,20,United-States,23245
20,Private,10,Never-married,Adm-clerical,Own-child,White,Male,0,0,24,United-States,50000
21,Private,10,Never-married,Adm-clerical,Unmarried,White,Female,0,0,35,United-States,22646
34,Private,13,Married-civ-spouse,Prof-specialty,Husband,White,Male,0,0,50,United-States,59405
24,Local-gov,10,Divorced,Handlers-cleaners,Not-in-family,Black,Male,0,0,50,United-States,38399
37,Local-gov,10,Married-civ-spouse,Tech-support,Husband,White,Male,0,0,45,United-States,76528
44,Private,10,Divorced,Machine-op-inspct,Unmarried,White,Male,0,0,58,United-States,68557
28,Private,10,Married-civ-spouse,Sales,Wife,White,Female,0,0,40,United-States,36195
42,Private,13,Married-civ-spouse,Exec-managerial,Husband,White,Male,0,0,40,United-States,119603
74,Private,10,Divorced,Adm-clerical,Not-in-family,White,Female,0,0,9,United-States,19260
38,Self-emp-not-inc,9,Married-civ-spouse,Craft-repair,Husband,White,Male,0,0,50,United-States,27019
44,Self-emp-not-inc,14,Married-civ-spouse,Prof-specialty,Husband,White,Male,0,0,40,United-States,29410
44,Private,7,Divorced,Machine-op-inspct,Unmarried,Other,Female,0,0,46,Puerto-Rico,26425
26,Private,9,Never-married,Machine-op-inspct,Not-in-family,White,Male,0,0,40,United-States,24319
36,Private,9,Married-civ-spouse,Other-service,Husband,Black,Male,0,0,40,United-States,50000
41,Private,12,Married-civ-spouse,Exec-managerial,Wife,White,Female,0,0,50,United-States,62659
39,Local-gov,8,Married-civ-spouse,Tech-support,Husband,White,Male,0,0,50,United-States,32316
57,Private,2,Widowed,Priv-house-serv,Not-in-family,Black,Female,0,0,30,United-States,34168
29,Private,11,Separated,Craft-repair,Not-in-family,White,Male,0,0,40,United-States,37877
31,Self-emp-inc,13,Never-married,Farming-fishing,Not-in-family,White,Female,0,0,45,United-States,41458
34,Self-emp-inc,9,Never-married,Farming-fishing,Unmarried,Black,Female,0,0,40,United-States,50000
44,Private,10,Married-civ-spouse,Transport-moving,Husband,White,Male,0,0,40,United-States,30151
29,Private,16,Never-married,Prof-specialty,Own-child,White,Male,0,0,40,United-States,31240
30,Private,10,Never-married,Handlers-cleaners,Unmarried,White,Female,0,0,40,United-States,33846
27,Private,9,Never-married,Transport-moving,Not-in-family,White,Male,0,0,40,United-States,37876
27,Private,10,Married-civ-spouse,Sales,Husband,White,Male,0,0,50,United-States,37290
32,Private,9,Never-married,Handlers-cleaners,Not-in-family,White,Female,0,0,45,United-States,33522
58,Private,6,Married-civ-spouse,Other-service,Wife,White,Female,0,0,8,United-States,27483
35,Local-gov,10,Married-civ-spouse,Protective-serv,Husband,White,Male,0,0,40,United-States,36367
21,Private,9,Never-married,Handlers-cleaners,Own-child,White,Male,0,0,36,United-States,29694
28,Private,10,Never-married,Craft-repair,Unmarried,White,Male,0,0,40,United-States,46363
46,Self-emp-not-inc,10,Divorced,Exec-managerial,Not-in-family,White,Male,0,0,50,United-States,33918
36,Self-emp-not-inc,9,Separated,Other-service,Unmarried,White,Female,0,0,40,United-States,47584
72,Private,7,Widowed,Adm-clerical,Unmarried,White,Female,0,0,40,United-States,41108
35,Private,9,Married-civ-spouse,Machine-op-inspct,Wife,Black,Female,0,0,40,United-States,43816
33,Federal-gov,11,Divorced,Craft-repair,Unmarried,Black,Female,0,0,40,United-States,67167
69,Private,7,Never-married,Machine-op-inspct,Not-in-family,White,Female,0,0,40,United-States,19293
35,Private,9,Married-civ-spouse,Machine-op-inspct,Husband,White,Male,0,0,40,United-States,40147
31,Private,9,Separated,Adm-clerical,Unmarried,White,Female,0,0,20,United-States,22213
34,Private,9,Married-civ-spouse,Tech-support,Wife,White,Female,0,0,32,United-States,44654
30,Private,7,Married-civ-spouse,Other-service,Husband,White,Male,0,0,40,Mexico,25881
28,Private,13,Never-married,Transport-moving,Not-in-family,White,Male,0,0,55,United-States,49777
54,Private,13,Married-civ-spouse,Sales,Husband,White,Male,0,0,35,United-States,50001
47,Private,10,Married-civ-spouse,Prof-specialty,Husband,White,Male,0,0,50,United-States,59111
24,Private,9,Never-married,Handlers-cleaners,Unmarried,Black,Female,0,0,40,United-States,46631
52,Self-emp-not-inc,13,Married-civ-spouse,Prof-specialty,Husband,White,Male,0,0,60,United-States,110866
20,Private,9,Never-married,Handlers-cleaners,Own-child,Amer-Indian-Eskimo,Male,0,0,48,United-States,50000
45,Private,4,Separated,Other-service,Unmarried,White,Female,0,0,40,Mexico,30146
29,Self-emp-not-inc,9,Separated,Craft-repair,Not-in-family,White,Male,0,0,35,United-States,34074
47,Private,14,Divorced,Exec-managerial,Unmarried,White,Male,0,0,42,United-States,20371
24,Private,9,Never-married,Craft-repair,Own-child,White,Male,0,0,40,United-States,18566
51,Private,9,Married-civ-spouse,Prof-specialty,Husband,White,Male,0,0,40,United-States,36982
17,Private,7,Never-married,Sales,Own-child,White,Male,0,0,12,United-States,15000
27,Private,16,Never-married,Prof-specialty,Not-in-family,White,Female,0,0,70,United-States,32133
29,Private,13,Married-civ-spouse,Exec-managerial,Wife,White,Male,0,0,40,United-States,74325
18,Private,8,Never-married,Exec-managerial,Own-child,White,Male,0,0,25,United-States,15000
36,Self-emp-not-inc,12,Divorced,Sales,Unmarried,White,Female,0,0,35,United-States,50000
58,Local-gov,13,Never-married,Prof-specialty,Not-in-family,White,Female,0,0,40,United-States,28718
26,Self-emp-not-inc,10,Married-civ-spouse,Craft-repair,Husband,White,Male,0,0,45,United-States,35949
65,Self-emp-not-inc,10,Married-civ-spouse,Craft-repair,Husband,White,Male,0,0,30,United-States,131139
57,Private,9,Married-civ-spouse,Sales,Husband,White,Male,0,0,40,United-States,82591
59,Private,9,Married-civ-spouse,Craft-repair,Husband,White,Male,0,0,40,United-States,33253
27,Private,9,Married-civ-spouse,Machine-op-inspct,Husband,White,Male,0,0,40,United-States,17783
31,Self-emp-not-inc,13,Never-married,Tech-support,Not-in-family,White,Male,0,0,40,United-States,25174
21,Private,10,Never-married,Sales,Own-child,White,Female,0,0,24,United-States,22922
29,Private,10,Never-married,Adm-clerical,Not-in-family,White,Male,0,0,60,United-States,44411
18,Private,7,Never-married,Other-service,Own-child,White,Male,0,0,40,United-States,33947
57,Self-emp-inc,13,Divorced,Prof-specialty,Not-in-family,White,Male,0,0,80,United-States,31051
42,Self-emp-inc,9,Married-civ-spouse,Prof-specialty,Husband,White,Male,0,0,40,United-States,49909
55,Self-emp-inc,9,Married-civ-spouse,Prof-specialty,Wife,Asian-Pac-Islander,Female,0,0,40,United-States,48774
60,Private,4,Never-married,Transport-moving,Not-in-family,White,Male,0,0,48,United-States,110345
23,Private,13,Never-married,Adm-clerical,Own-child,White,Female,0,0,40,United-States,24991
27,Private,9,Never-married,Sales,Own-child,White,Male,0,0,40,United-States,42788
23,Private,10,Never-married,Sales,Unmarried,Amer-Indian-Eskimo,Female,0,0,25,United-States,31050
49,Private,13,Never-married,Prof-specialty,Not-in-family,White,Female,0,0,45,United-States,24128
32,Private,13,Never-married,Tech-support,Not-in-family,White,Male,0,0,40,United-States,27604
19,Private,10,Never-married,Adm-clerical,Own-child,White,Male,0,0,28,United-States,35744
60,Private,4,Divorced,Other-service,Not-in-family,White,Female,0,0,40,United-States,26504
42,Local-gov,5,Married-civ-spouse,Other-service,Husband,White,Male,0,0,40,United-States,15000
35,Self-emp-not-inc,12,Never-married,Farming-fishing,Not-in-family,White,Male,0,0,40,United-States,41330
48,Private,9,Never-married,Adm-clerical,Unmarried,Black,Female,0,0,37,United-States,29806
51,Private,14,Married-civ-spouse,Craft-repair,Husband,White,Male,0,0,40,United-States,101782
29,Private,9,Never-married,Craft-repair,Not-in-family,Amer-Indian-Eskimo,Male,0,0,40,United-States,46849
36,Local-gov,9,Separated,Exec-managerial,Not-in-family,Black,Male,0,0,40,United-States,28618
17,Private,6,Never-married,Other-service,Own-child,White,Female,0,0,21,United-States,24208
24,Private,9,Never-married,Craft-repair,Not-in-family,White,Male,0,0,40,United-States,38624
24,Private,9,Married-civ-spouse,Handlers-cleaners,Husband,White,Male,0,0,50,United-States,32690
27,Private,13,Never-married,Other-service,Own-child,White,Female,0,0,20,United-States,15000
39,Private,9,Never-married,Handlers-cleaners,Own-child,White,Male,0,0,60,United-States,30194
30,Private,9,Married-civ-spouse,Transport-moving,Husband,Black,Male,0,0,45,United-States,16253
50,Self-emp-not-inc,9,Married-civ-spouse,Exec-managerial,Husband,White,Male,0,0,32,United-States,19735
52,Self-emp-inc,13,Married-civ-spouse,Sales,Husband,White,Male,0,0,55,United-States,16980
23,Private,13,Never-married,Sales,Own-child,White,Female,0,0,20,United-States,41411
45,Private,7,Widowed,Other-service,Not-in-family,Black,Female,0,0,20,United-States,36075
65,Private,5,Widowed,Priv-house-serv,Unmarried,Black,Female,0,0,24,United-States,50000
29,Private,11,Married-civ-spouse,Transport-moving,Husband,White,Male,0,0,55,United-States,30934
47,Private,5,Married-spouse-absent,Handlers-cleaners,Unmarried,White,Male,0,0,40,El-Salvador,33787
30,Private,9,Never-married,Farming-fishing,Own-child,Black,Male,0,0,60,United-States,39093
34,Private,9,Married-civ-spouse,Sales,Husband,White,Male,0,0,45,United-States,113260
38,Self-emp-not-inc,9,Married-civ-spouse,Sales,Husband,White,Male,0,0,64,United-States,39887
33,Private,10,Married-civ-spouse,Exec-managerial,Husband,White,Male,0,0,40,United-States,50001
49,Private,13,Married-civ-spouse,Sales,Husband,White,Male,0,0,26,United-States,101475
47,Self-emp-not-inc,10,Never-married,Other-service,Unmarried,Black,Female,0,0,40,United-States,19447
49,Local-gov,6,Separated,Other-service,Unmarried,Black,Female,0,0,40,United-States,33439
30,Private,13,Married-civ-spouse,Adm-clerical,Wife,Black,Female,0,0,40,United-States,50001
58,Self-emp-not-inc,9,Married-civ-spouse,Craft-repair,Husband,White,Male,0,0,60,United-States,46346
19,Private,9,Never-married,Other-service,Own-child,White,Female,0,0,14,United-States,26722
21,Private,13,Never-married,Handlers-cleaners,Not-in-family,White,Male,0,0,40,United-States,30368
47,Self-emp-inc,3,Married-civ-spouse,Transport-moving,Husband,White,Male,0,0,50,Cuba,22070
52,Self-emp-not-inc,16,Married-civ-spouse,Prof-specialty,Husband,White,Male,0,0,60,United-States,127127
26,Private,9,Divorced,Craft-repair,Not-in-family,White,Male,0,0,55,United-States,20500
60,Private,9,Married-civ-spouse,Craft-repair,Husband,White,Male,0,0,40,United-States,20402
21,Private,10,Never-married,Handlers-cleaners,Own-child,White,Male,0,0,40,United-States,50000
31,Private,10,Married-civ-spouse,Craft-repair,Husband,White,Male,0,0,45,United-States,50000
50,Self-emp-inc,16,Separated,Prof-specialty,Not-in-family,White,Male,0,0,40,United-States,74857
31,Local-gov,9,Divorced,Adm-clerical,Unmarried,White,Female,0,0,40,United-States,43498
71,Private,9,Married-civ-spouse,Craft-repair,Husband,White,Male,0,0,15,United-States,31647
58,Private,9,Married-civ-spouse,Craft-repair,Husband,White,Male,0,0,50,United-States,34075
30,State-gov,13,Married-civ-spouse,Tech-support,Husband,White,Male,0,0,40,United-States,86905
20,Private,10,Never-married,Other-service,Own-child,White,Male,0,0,20,United-States,39151
35,Private,16,Married-civ-spouse,Prof-specialty,Husband,Asian-Pac-Islander,Male,0,0,40,Taiwan,50001
38,State-gov,10,Separated,Exec-managerial,Not-in-family,White,Female,0,0,45,United-States,29321
27,Private,9,Never-married,Machine-op-inspct,Own-child,White,Female,0,0,32,United-States,34482
29,State-gov,10,Never-married,Adm-clerical,Unmarried,Asian-Pac-Islander,Female,0,0,40,Philippines,37653
34,Private,9,Married-civ-spouse,Craft-repair,Husband,White,Male,0,0,45,United-States,50000
44,Private,4,Married-civ-spouse,Craft-repair,Husband,White,Male,0,0,35,United-States,26663
43,Private,9,Married-civ-spouse,Machine-op-inspct,Husband,White,Male,0,0,40,United-States,64400
44,Self-emp-not-inc,8,Married-civ-spouse,Handlers-cleaners,Husband,Black,Male,0,0,40,United-States,98698
35,Private,14,Never-married,Sales,Not-in-family,White,Male,0,0,60,United-States,50000
27,Private,10,Never-married,Prof-specialty,Not-in-family,White,Male,0,0,40,United-States,17562
43,Local-gov,14,Never-married,Prof-specialty,Not-in-family,White,Male,0,0,38,United-States,30829
20,Private,10,Never-married,Sales,Not-in-family,White,Female,0,0,25,United-States,33299
42,Private,9,Married-civ-spouse,Craft-repair,Husband,Black,Male,0,0,40,United-States,97549
48,Federal-gov,10,Divorced,Exec-managerial,Not-in-family,White,Male,0,0,40,United-States,50000
17,Federal-gov,7,Never-married,Exec-managerial,Own-child,White,Female,0,0,20,United-States,50000
17,Self-emp-not-inc,7,Never-married,Farming-fishing,Own-child,White,Male,0,0,10,United-States,29657
33,Private,13,Married-civ-spouse,Exec-managerial,Husband,White,Male,0,0,40,United-States,117945
50,Self-emp-inc,9,Married-civ-spouse,Sales,Husband,White,Male,0,0,50,United-States,167418
17,Private,8,Never-married,Other-service,Own-child,White,Male,0,0,16,United-States,15000
32,Private,10,Married-civ-spouse,Adm-clerical,Husband,White,Male,0,0,40,Mexico,32992
31,Private,9,Never-married,Craft-repair,Not-in-family,White,Male,0,0,45,United-States,39009
58,Self-emp-not-inc,9,Widowed,Exec-managerial,Not-in-family,White,Male,0,0,50,United-States,42399
29,Local-gov,9,Never-married,Protective-serv,Own-child,White,Male,0,0,48,United-States,37441
37,Private,11,Married-civ-spouse,Craft-repair,Husband,White,Male,0,0,40,Portugal,128442
34,Self-emp-not-inc,9,Married-civ-spouse,Craft-repair,Husband,White,Male,0,0,40,United-States,98227
23,Local-gov,10,Separated,Exec-managerial,Unmarried,Black,Male,0,0,40,United-States,27464
18,State-gov,7,Never-married,Adm-clerical,Own-child,White,Female,0,0,5,United-States,31857
34,Private,9,Divorced,Exec-managerial,Not-in-family,White,Female,0,0,40,United-States,29269
66,Private,4,Never-married,Exec-managerial,Not-in-family,White,Male,0,0,4,United-States,44311
45,Local-gov,13,Married-civ-spouse,Prof-specialty,Wife,White,Female,0,0,55,United-States,15000
41,Private,14,Never-married,Exec-managerial,Not-in-family,White,Male,0,0,35,Dominican-Republic,50000
26,Private,9,Never-married,Other-service,Other-relative,White,Male,0,0,30,United-States,29125
54,Local-gov,10,Married-civ-spouse,Farming-fishing,Husband,White,Male,0,0,40,United-States,46347
24,Private,10,Never-married,Machine-op-inspct,Own-child,Black,Female,0,0,45,United-States,50000
42,Private,10,Married-civ-spouse,Prof-specialty,Husband,White,Male,0,0,50,United-States,31236
20,Private,10,Never-married,Prof-specialty,Own-child,White,Male,0,0,20,United-States,22977
23,State-gov,13,Never-married,Tech-support,Not-in-family,White,Female,0,0,20,United-States,30414
25,State-gov,12,Never-married,Tech-support,Other-relative,White,Male,0,0,45,United-States,29716
35,Private,14,Never-married,Prof-specialty,Not-in-family,White,Male,0,0,60,United-States,50001
30,Private,13,Never-married,Prof-specialty,Own-child,White,Female,0,0,40,Poland,18701
19,Private,9,Never-married,Sales,Own-child,White,Female,0,0,20,United-States,50000
36,Local-gov,13,Never-married,Prof-specialty,Not-in-family,White,Male,0,0,50,United-States,45218
21,Private,10,Never-married,Handlers-cleaners,Own-child,White,Male,0,0,30,United-States,50000
31,Self-emp-not-inc,10,Married-civ-spouse,Craft-repair,Husband,White,Male,0,0,40,United-States,29465
44,Private,13,Divorced,Exec-managerial,Own-child,White,Female,0,0,50,United-States,109086
40,Private,8,Married-civ-spouse,Other-service,Husband,Black,Male,0,0,40,Jamaica,44975
45,Private,10,Never-married,Sales,Not-in-family,Black,Male,0,0,40,United-States,22882
60,Private,9,Married-civ-spouse,Craft-repair,Husband,White,Male,0,0,35,United-States,44410
18,Private,7,Never-married,Other-service,Other-relative,White,Male,0,0,25,United-States,21215
28,Private,13,Married-civ-spouse,Prof-specialty,Husband,White,Male,0,0,40,United-States,38004
36,Private,10,Divorced,Adm-clerical,Unmarried,Black,Female,0,0,40,United-States,15000
36,Private,13,Separated,Prof-specialty,Not-in-family,White,Male,0,0,40,United-States,15687
36,Local-gov,13,Divorced,Adm-clerical,Unmarried,White,Female,0,0,35,Honduras,24064
31,Private,9,Separated,Other-service,Unmarried,Black,Female,0,0,40,United-States,30473
33,Private,9,Married-civ-spouse,Machine-op-inspct,Husband,White,Male,0,0,40,United-States,15000
19,State-gov,9,Never-married,Tech-support,Own-child,White,Female,0,0,40,United-States,31992
22,Private,10,Never-married,Sales,Own-child,White,Female,0,0,15,United-States,21732
34,Private,13,Married-civ-spouse,Exec-managerial,Husband,White,Male,0,0,45,United-States,86118
33,Private,9,Never-married,Other-service,Not-in-family,White,Male,0,0,40,United-States,15000
50,Local-gov,9,Married-civ-spouse,Exec-managerial,Husband,White,Male,0,0,42,United-States,155800
43,Private,13,Never-married,Prof-specialty,Not-in-family,White,Male,0,0,40,United-States,50001
44,Private,9,Married-civ-spouse,Sales,Wife,White,Female,0,0,40,United-States,28154
20,Private,10,Never-married,Other-service,Not-in-family,White,Female,0,0,20,United-States,41007
31,Private,9,Married-civ-spouse,Other-service,Husband,White,Male,0,0,40,Mexico,41459
23,Private,10,Never-married,Other-service,Not-in-family,White,Female,0,0,24,United-States,27486
55,Private,10,Divorced,Adm-clerical,Not-in-family,Asian-Pac-Islander,Female,0,0,40,United-States,30314
25,Private,11,Never-married,Other-service,Own-child,White,Female,0,0,15,United-States,50000
45,Private,10,Married-civ-spouse,Other-service,Wife,Black,Female,0,0,40,United-States,46122
36,Private,10,Never-married,Sales,Not-in-family,Black,Female,0,0,36,United-States,23410
43,State-gov,13,Married-civ-spouse,Prof-specialty,Husband,White,Male,0,0,50,United-States,30688
42,Private,13,Married-civ-spouse,Tech-support,Husband,White,Male,0,0,40,United-States,50001
19,Private,10,Never-married,Other-service,Other-relative,White,Female,0,0,25,United-States,32311
55,Self-emp-not-inc,9,Married-civ-spouse,Transport-moving,Husband,White,Male,0,0,72,United-States,46453
26,Private,11,Never-married,Tech-support,Own-child,White,Male,0,0,40,United-States,37580
17,Private,8,Never-married,Handlers-cleaners,Own-child,White,Male,0,0,20,United-States,18237
42,Local-gov,13,Married-civ-spouse,Prof-specialty,Wife,White,Female,0,0,40,United-States,57551
32,Private,10,Never-married,Adm-clerical,Own-child,Black,Female,0,0,40,United-States,24740
29,Private,7,Never-married,Craft-repair,Own-child,Black,Male,0,0,40,Haiti,37969
46,State-gov,13,Married-civ-spouse,Prof-specialty,Husband,White,Male,0,0,37,United-States,41141
22,Private,13,Never-married,Prof-specialty,Unmarried,White,Male,0,0,20,United-States,27093
58,Self-emp-not-inc,6,Married-civ-spouse,Craft-repair,Husband,White,Male,0,0,40,United-States,37073
23,Private,9,Never-married,Transport-moving,Unmarried,White,Male,0,0,50,United-States,30915
39,Private,9,Never-married,Handlers-cleaners,Not-in-family,White,Male,0,0,40,United-States,20289
27,Private,11,Never-married,Craft-repair,Own-child,White,Male,0,0,38,United-States,50000
54,Private,9,Married-civ-spouse,Transport-moving,Husband,White,Male,0,0,40,United-States,250000
33,Local-gov,13,Never-married,Prof-specialty,Not-in-family,White,Female,0,0,45,United-States,24259
46,Federal-gov,9,Married-civ-spouse,Adm-clerical,Wife,White,Female,0,0,40,United-States,50001
37,Private,9,Never-married,Farming-fishing,Not-in-family,Black,Male,0,0,40,United-States,30532
36,Private,9,Never-married,Other-service,Not-in-family,White,Female,0,0,18,United-States,36907
59,Local-gov,9,Married-civ-spouse,Adm-clerical,Wife,White,Female,0,0,38,United-States,203735
34,Local-gov,9,Divorced,Protective-serv,Unmarried,White,Male,0,0,40,Portugal,20768
53,Self-emp-inc,16,Married-civ-spouse,Exec-managerial,Husband,White,Male,0,0,70,United-States,57928
51,Private,13,Never-married,Sales,Not-in-family,White,Male,0,0,55,United-States,55118
32,Private,6,Separated,Other-service,Unmarried,White,Female,0,0,42,United-States,30955
31,State-gov,10,Married-spouse-absent,Other-service,Other-relative,White,Male,0,0,40,United-States,19229
22,Private,10,Married-civ-spouse,Sales,Wife,White,Female,0,0,30,Germany,45314
47,Self-emp-not-inc,13,Divorced,Sales,Not-in-family,White,Female,0,0,50,United-States,50000
32,Private,9,Never-married,Machine-op-inspct,Not-in-family,White,Male,0,0,40,United-States,42270
26,Private,10,Never-married,Farming-fishing,Not-in-family,White,Female,0,0,38,United-States,29417
37,Private,3,Separated,Farming-fishing,Not-in-family,White,Male,0,0,32,Guatemala,43317
31,Private,9,Divorced,Craft-repair,Unmarried,White,Male,0,0,55,United-States,44502
37,Private,11,Married-civ-spouse,Tech-support,Wife,White,Female,0,0,24,United-States,94562
55,Private,9,Never-married,Sales,Not-in-family,White,Male,0,0,38,United-States,15000
23,Local-gov,11,Divorced,Tech-support,Not-in-family,White,Male,0,0,56,United-States,28566
36,Private,10,Divorced,Adm-clerical,Unmarried,White,Female,0,0,40,United-States,33490
34,Private,14,Married-civ-spouse,Prof-specialty,Husband,White,Male,0,0,40,United-States,17895
43,Private,13,Married-civ-spouse,Sales,Husband,White,Male,0,0,50,United-States,60072
54,Private,10,Never-married,Tech-support,Not-in-family,White,Male,0,0,40,United-States,24534
43,State-gov,10,Married-civ-spouse,Craft-repair,Husband,White,Male,0,0,40,United-States,28873
40,Private,11,Married-civ-spouse,Exec-managerial,Husband,White,Male,0,0,50,United-States,50314
41,Self-emp-not-inc,10,Married-civ-spouse,Exec-managerial,Husband,White,Male,0,0,60,United-States,44460
40,Private,13,Never-married,Sales,Not-in-family,Other,Female,0,0,55,United-States,67405
42,Private,10,Divorced,Adm-clerical,Not-in-family,Black,Female,0,0,38,United-States,50000
18,Private,8,Never-married,Machine-op-inspct,Own-child,White,Male,0,0,30,United-States,32033
59,Private,9,Married-civ-spouse,Machine-op-inspct,Husband,White,Male,0,0,16,United-States,41308
48,Private,11,Married-civ-spouse,Tech-support,Husband,White,Male,0,0,50,United-States,58071
41,Self-emp-inc,13,Married-civ-spouse,Tech-support,Husband,White,Male,0,0,40,United-States,29548
18,Self-emp-inc,10,Never-married,Tech-support,Own-child,White,Male,0,0,33,United-States,24862
60,Private,9,Married-civ-spouse,Transport-moving,Husband,White,Male,0,0,60,United-States,159141
22,Private,10,Never-married,Other-service,Other-relative,Black,Male,0,0,20,United-States,32562
61,Private,9,Married-civ-spouse,Machine-op-inspct,Husband,White,Male,0,0,40,United-States,40708
25,Private,9,Never-married,Machine-op-inspct,Not-in-family,Black,Male,0,0,40,United-States,38793
46,Private,14,Never-married,Tech-support,Not-in-family,White,Male,0,0,35,United-States,173156
43,Private,12,Divorced,Craft-repair,Not-in-family,White,Male,0,0,40,United-States,25787
68,Self-emp-not-inc,7,Never-married,Farming-fishing,Unmarried,White,Male,0,0,20,United-States,50000
31,Private,9,Divorced,Adm-clerical,Unmarried,White,Female,0,0,38,United-States,40831
17,Private,7,Never-married,Sales,Own-child,White,Female,0,0,20,United-States,29581
50,Private,14,Married-spouse-absent,Sales,Other-relative,White,Male,0,0,40,United-States,39147
64,Private,13,Married-civ-spouse,Prof-specialty,Husband,White,Male,0,0,40,United-States,66773
20,Private,9,Never-married,Transport-moving,Own-child,White,Male,0,0,30,United-States,47402
30,Private,9,Separated,Other-service,Own-child,White,Female,0,0,36,United-States,23951
22,Private,10,Never-married,Other-service,Own-child,Black,Male,0,0,40,United-States,50000
43,Private,10,Divorced,Exec-managerial,Not-in-family,White,Male,0,0,45,United-States,50000
22,Private,10,Never-married,Adm-clerical,Own-child,White,Male,0,0,40,United-States,16490
17,Private,6,Never-married,Farming-fishing,Own-child,White,Male,0,0,20,United-States,15000
47,Self-emp-not-inc,9,Married-civ-spouse,Other-service,Wife,White,Female,0,0,75,Italy,30055
41,Private,11,Never-married,Prof-specialty,Not-in-family,White,Female,0,0,60,United-States,28869
56,Private,10,Married-civ-spouse,Craft-repair,Husband,White,Male,0,0,50,United-States,103455
64,Private,9,Married-civ-spouse,Transport-moving,Husband,White,Male,0,0,45,United-States,49824
47,Private,9,Married-civ-spouse,Transport-moving,Husband,White,Male,0,0,50,United-States,50001
48,Private,11,Never-married,Adm-clerical,Unmarried,White,Male,0,0,40,United-States,28677
31,Private,14,Never-married,Prof-specialty,Not-in-family,White,Female,0,0,46,United-States,45797
29,Private,11,Never-married,Tech-support,Own-child,White,Male,0,0,40,United-States,50000
30,Private,9,Widowed,Adm-clerical,Not-in-family,White,Female,0,0,40,United-States,20188
62,Private,9,Widowed,Other-service,Not-in-family,White,Female,0,0,40,United-States,49398
39,Private,9,Separated,Machine-op-inspct,Unmarried,White,Female,0,0,24,United-States,32418
43,Private,10,Never-married,Adm-clerical,Not-in-family,White,Male,0,0,25,United-States,38753
24,Self-emp-inc,13,Never-married,Sales,Own-child,White,Male,0,0,40,United-States,25950
42,Self-emp-inc,7,Married-civ-spouse,Sales,Husband,White,Male,0,0,15,United-States,17039
26,Private,10,Never-married,Handlers-cleaners,Own-child,White,Male,0,0,40,United-States,50000
73,Self-emp-not-inc,9,Married-civ-spouse,Exec-managerial,Husband,White,Male,0,0,40,United-States,22695
72,Self-emp-not-inc,7,Widowed,Exec-managerial,Not-in-family,White,Female,0,0,24,United-States,42581
55,Private,9,Married-civ-spouse,Machine-op-inspct,Husband,White,Male,0,0,40,United-States,23477
25,Private,9,Divorced,Adm-clerical,Not-in-family,White,Male,0,0,40,United-States,33982
41,Private,13,Divorced,Prof-specialty,Not-in-family,White,Female,0,0,50,United-States,50001
24,Private,13,Never-married,Exec-managerial,Not-in-family,White,Male,0,0,50,United-States,44870
63,Private,9,Widowed,Farming-fishing,Not-in-family,White,Male,0,0,6,United-States,26195
17,Private,7,Never-married,Sales,Own-child,White,Male,0,0,20,United-States,27342
35,Private,10,Married-civ-spouse,Craft-repair,Husband,White,Male,0,0,50,United-States,50000
51,Private,10,Married-civ-spouse,Prof-specialty,Husband,White,Male,0,0,40,United-States,64793
62,Local-gov,13,Widowed,Prof-specialty,Not-in-family,White,Female,0,0,48,United-States,25331
43,Private,10,Divorced,Prof-specialty,Not-in-family,White,Male,0,0,40,United-States,38069
40,Local-gov,9,Divorced,Other-service,Not-in-family,White,Female,0,0,50,United-States,17962
37,Private,13,Married-civ-spouse,Exec-managerial,Husband,White,Male,0,0,45,United-States,50001
39,Private,13,Married-civ-spouse,Craft-repair,Husband,White,Male,0,0,40,United-States,18904
31,Private,9,Never-married,Craft-repair,Own-child,White,Male,0,0,18,United-States,21357
61,Private,14,Widowed,Prof-specialty,Not-in-family,White,Female,0,0,40,United-States,78359
26,Private,11,Divorced,Adm-clerical,Not-in-family,White,Female,0,0,55,United-States,18025
46,Self-emp-not-inc,9,Married-civ-spouse,Sales,Husband,White,Male,0,0,50,United-States,25622
26,Private,13,Never-married,Prof-specialty,Not-in-family,White,Female,0,0,40,United-States,50000
48,State-gov,16,Divorced,Prof-specialty,Own-child,White,Male,0,0,50,United-States,50001
34,Private,9,Never-married,Transport-moving,Own-child,White,Male,0,0,40,United-States,18459
34,Local-gov,9,Never-married,Adm-clerical,Own-child,White,Female,0,0,40,United-States,33853
59,Private,9,Married-civ-spouse,Other-service,Husband,White,Male,0,0,40,United-States,81501
34,Private,13,Never-married,Prof-specialty,Own-child,White,Female,0,0,40,United-States,28406
49,Private,13,Never-married,Exec-managerial,Not-in-family,White,Female,0,0,56,United-States,80562
18,Private,7,Never-married,Adm-clerical,Own-child,White,Female,0,0,20,United-States,40893
43,Private,9,Married-civ-spouse,Farming-fishing,Husband,White,Male,0,0,40,Mexico,30233
48,Private,7,Married-civ-spouse,Exec-managerial,Husband,White,Male,0,0,50,United-States,45010
28,Self-emp-inc,10,Married-civ-spouse,Exec-managerial,Husband,White,Male,0,0,70,United-States,50000
33,Private,9,Married-civ-spouse,Machine-op-inspct,Husband,White,Male,0,0,40,United-States,50000
24,Private,10,Never-married,Sales,Not-in-family,White,Female,0,0,15,United-States,22032
21,Private,6,Never-married,Handlers-cleaners,Not-in-family,White,Male,0,0,40,United-States,33504
17,Private,7,Never-married,Sales,Own-child,White,Male,0,0,28,United-States,50000
39,Private,10,Married-civ-spouse,Farming-fishing,Husband,White,Male,0,0,50,United-States,150891
29,Self-emp-not-inc,13,Separated,Prof-specialty,Own-child,White,Male,0,0,40,United-States,39897
44,Private,13,Married-civ-spouse,Exec-managerial,Husband,White,Male,0,0,40,United-States,97490
24,Private,10,Never-married,Transport-moving,Own-child,White,Male,0,0,50,United-States,47979
55,Private,3,Divorced,Other-service,Unmarried,Black,Male,0,0,25,United-States,15000
41,Private,13,Married-civ-spouse,Exec-managerial,Husband,White,Male,0,0,60,United-States,74292
23,Private,9,Never-married,Handlers-cleaners,Unmarried,Black,Female,0,0,7,United-States,15117
38,Private,11,Divorced,Adm-clerical,Unmarried,White,Female,0,0,40,United-States,36282
39,Private,9,Married-civ-spouse,Transport-moving,Husband,White,Male,0,0,40,United-States,60944
19,Private,9,Never-married,Adm-clerical,Not-in-family,White,Female,0,0,30,United-States,42820
49,Private,5,Divorced,Machine-op-inspct,Not-in-family,White,Female,0,0,40,United-States,31707
32,Private,13,Married-civ-spouse,Adm-clerical,Other-relative,White,Male,0,0,40,Philippines,136334
27,Private,9,Married-civ-spouse,Craft-repair,Husband,White,Male,0,0,70,United-States,16325
38,Private,13,Married-civ-spouse,Sales,Husband,White,Male,0,0,50,United-States,124357
33,Private,10,Married-civ-spouse,Craft-repair,Wife,White,Female,0,0,60,United-States,25554
63,Private,10,Married-civ-spouse,Craft-repair,Husband,White,Male,0,0,15,United-States,27649
23,Private,13,Never-married,Exec-managerial,Own-child,White,Male,0,0,28,United-States,38604
33,Self-emp-inc,10,Married-civ-spouse,Craft-repair,Husband,White,Male,0,0,60,United-States,25679
54,Self-emp-not-inc,9,Married-civ-spouse,Sales,Husband,Black,Male,0,0,40,United-States,33470
48,Self-emp-not-inc,10,Divorced,Sales,Unmarried,Black,Female,0,0,30,United-States,15000
35,Self-emp-not-inc,13,Never-married,Exec-managerial,Not-in-family,White,Male,0,0,40,United-States,19924
28,Private,11,Married-civ-spouse,Adm-clerical,Wife,Asian-Pac-Islander,Female,0,0,40,India,24865
42,Self-emp-not-inc,15,Married-civ-spouse,Farming-fishing,Husband,White,Male,0,0,65,United-States,54318
40,Private,14,Married-civ-spouse,Prof-specialty,Husband,White,Male,0,0,40,United-States,50000
47,Private,10,Divorced,Sales,Own-child,White,Male,0,0,55,United-States,23433
22,Private,13,Never-married,Exec-managerial,Own-child,White,Female,0,0,50,United-States,26016
30,Private,13,Married-civ-spouse,Exec-managerial,Husband,White,Male,0,0,45,United-States,119213
28,Private,9,Married-civ-spouse,Tech-support,Husband,White,Male,0,0,40,United-States,30831
63,Local-gov,4,Married-civ-spouse,Other-service,Husband,White,Male,0,0,55,United-States,49593
51,Self-emp-not-inc,5,Married-civ-spouse,Craft-repair,Husband,White,Male,0,0,20,United-States,24357
22,Private,9,Never-married,Handlers-cleaners,Own-child,White,Female,0,0,40,United-States,18689
27,Private,12,Married-civ-spouse,Handlers-cleaners,Own-child,Amer-Indian-Eskimo,Male,0,0,40,United-States,50000
35,Private,9,Never-married,Sales,Not-in-family,White,Male,0,0,45,United-States,22741
46,Private,9,Divorced,Machine-op-inspct,Not-in-family,White,Female,0,0,38,United-States,19308
37,Private,10,Divorced,Machine-op-inspct,Not-in-family,White,Male,0,0,52,United-States,50000
24,Private,13,Never-married,Prof-specialty,Own-child,Black,Male,0,0,15,United-States,17949
37,Self-emp-not-inc,9,Divorced,Handlers-cleaners,Own-child,White,Male,0,0,10,United-States,17011
53,Private,10,Married-civ-spouse,Tech-support,Husband,White,Male,0,0,40,United-States,33411
27,Private,9,Never-married,Sales,Not-in-family,White,Male,0,0,30,United-States,46202
38,Private,10,Divorced,Craft-repair,Not-in-family,White,Male,0,0,44,United-States,15000
53,Self-emp-not-inc,6,Married-civ-spouse,Farming-fishing,Husband,White,Male,0,0,60,United-States,21081
34,Private,10,Never-married,Craft-repair,Not-in-family,White,Male,0,0,40,United-States,27087
23,Private,9,Never-married,Sales,Own-child,Black,Male,0,0,40,United-States,24637
43,Private,14,Married-civ-spouse,Prof-specialty,Wife,Asian-Pac-Islander,Female,0,0,50,South,42071
67,Self-emp-inc,9,Married-civ-spouse,Exec-managerial,Husband,Asian-Pac-Islander,Male,0,0,40,United-States,127337
81,Self-emp-not-inc,9,Married-civ-spouse,Exec-managerial,Husband,White,Male,0,0,30,United-States,43408
21,Private,10,Never-married,Other-service,Own-child,White,Male,0,0,20,United-States,17334
23,Private,10,Never-married,Sales,Not-in-family,White,Male,0,0,25,United-States,34803
25,Private,10,Never-married,Transport-moving,Unmarried,White,Male,0,0,40,United-States,25968
42,Private,3,Married-civ-spouse,Machine-op-inspct,Wife,White,Female,0,0,38,Mexico,33268
38,Private,10,Married-civ-spouse,Adm-clerical,Wife,Black,Female,0,0,40,United-States,33977
64,Private,9,Married-civ-spouse,Adm-clerical,Husband,White,Male,0,0,5,United-States,50000
32,Private,9,Married-civ-spouse,Machine-op-inspct,Husband,White,Male,0,0,40,United-States,30127
37,Private,9,Married-civ-spouse,Machine-op-inspct,Husband,White,Male,0,0,40,United-States,15036
51,Private,14,Married-civ-spouse,Exec-managerial,Husband,White,Male,0,0,60,United-States,114765
22,Private,10,Never-married,Sales,Not-in-family,White,Female,0,0,42,United-States,27295
33,Private,2,Married-spouse-absent,Priv-house-serv,Not-in-family,White,Female,0,0,40,Guatemala,24336
42,Private,9,Divorced,Machine-op-inspct,Not-in-family,White,Male,0,0,55,United-States,15676
19,Private,10,Never-married,Machine-op-inspct,Own-child,White,Female,0,0,10,United-States,50000
51,Local-gov,1,Married-civ-spouse,Other-service,Husband,White,Male,0,0,40,United-States,32433
23,Private,9,Married-civ-spouse,Adm-clerical,Wife,White,Female,0,0,40,Mexico,20799
37,Private,9,Married-civ-spouse,Craft-repair,Husband,White,Male,0,0,99,United-States,113619
47,Private,14,Never-married,Prof-specialty,Not-in-family,White,Female,0,0,25,United-States,16503
33,Private,9,Married-civ-spouse,Craft-repair,Husband,White,Male,0,0,30,United-States,36151
31,Private,13,Never-married,Sales,Not-in-family,White,Male,0,0,40,United-States,72179
31,Private,12,Divorced,Other-service,Unmarried,Amer-Indian-Eskimo,Female,0,0,40,United-States,50000
35,Private,9,Married-civ-spouse,Machine-op-inspct,Husband,Black,Male,0,0,40,United-States,50000
38,Self-emp-inc,9,Married-civ-spouse,Exec-managerial,Husband,White,Male,0,0,40,United-States,135343
18,Private,9,Never-married,Other-service,Not-in-family,White,Female,0,0,45,United-States,37345
20,Private,9,Married-civ-spouse,Machine-op-inspct,Husband,White,Male,0,0,40,United-States,42000
54,Local-gov,10,Divorced,Exec-managerial,Unmarried,Black,Female,0,0,35,United-States,23754
40,Private,10,Divorced,Adm-clerical,Unmarried,White,Female,0,0,40,United-States,19285
43,Private,10,Divorced,Craft-repair,Unmarried,White,Male,0,0,35,United-States,24400
44,Self-emp-not-inc,10,Divorced,Farming-fishing,Unmarried,White,Male,0,0,40,United-States,50000
44,State-gov,9,Married-civ-spouse,Prof-specialty,Wife,White,Female,0,0,40,United-States,56163
43,Private,14,Married-civ-spouse,Exec-managerial,Husband,White,Male,0,0,43,United-States,52745
51,Private,4,Widowed,Other-service,Unmarried,Black,Female,0,0,40,United-States,24117
18,Private,9,Never-married,Other-service,Own-child,White,Female,0,0,20,United-States,24377
51,Private,10,Married-civ-spouse,Exec-managerial,Husband,White,Male,0,0,40,United-States,25420
41,Private,6,Married-civ-spouse,Craft-repair,Husband,White,Male,0,0,30,United-States,16191
44,Self-emp-inc,10,Married-civ-spouse,Sales,Husband,White,Male,0,0,70,United-States,160317
33,Local-gov,6,Divorced,Transport-moving,Not-in-family,White,Male,0,0,40,United-States,23858
33,Self-emp-not-inc,13,Married-civ-spouse,Exec-managerial,Husband,White,Male,0,0,40,United-States,82912
42,Private,12,Married-civ-spouse,Exec-managerial,Husband,White,Male,0,0,40,United-States,50001
25,Private,10,Married-civ-spouse,Prof-specialty,Husband,White,Male,0,0,45,United-States,50000
32,Private,9,Divorced,Machine-op-inspct,Not-in-family,White,Female,0,0,38,United-States,15944
32,Private,13,Married-civ-spouse,Craft-repair,Husband,White,Male,0,0,70,Mexico,23824
36,Private,6,Divorced,Exec-managerial,Unmarried,White,Female,0,0,40,United-States,50000
28,Private,9,Married-civ-spouse,Transport-moving,Husband,White,Male,0,0,40,United-States,30529
20,Private,9,Never-married,Other-service,Own-child,White,Female,0,0,20,United-States,29213
35,Self-emp-inc,10,Married-civ-spouse,Sales,Husband,White,Male,0,0,60,United-States,88506
55,Self-emp-not-inc,9,Married-civ-spouse,Craft-repair,Husband,White,Male,0,0,20,United-States,25175
48,Private,13,Married-civ-spouse,Exec-managerial,Husband,Asian-Pac-Islander,Male,0,0,40,India,128370
36,Private,11,Widowed,Exec-managerial,Not-in-family,White,Female,0,0,20,United-States,31201
34,Private,9,Married-civ-spouse,Craft-repair,Husband,White,Male,0,0,35,United-States,58962
28,Private,13,Never-married,Tech-support,Not-in-family,White,Female,0,0,35,United-States,20970
37,Private,9,Married-civ-spouse,Craft-repair,Husband,White,Male,0,0,40,United-States,50000
44,Private,9,Never-married,Transport-moving,Unmarried,White,Male,0,0,70,United-States,30472
25,Private,10,Never-married,Sales,Not-in-family,White,Female,0,0,40,United-States,16053
40,State-gov,14,Married-civ-spouse,Prof-specialty,Husband,White,Male,0,0,35,United-States,162109
34,Private,9,Divorced,Handlers-cleaners,Own-child,White,Male,0,0,40,United-States,32103
49,Private,9,Never-married,Adm-clerical,Not-in-family,White,Female,0,0,44,United-States,45051
22,Private,12,Never-married,Adm-clerical,Not-in-family,White,Female,0,0,40,United-States,37327
23,Private,9,Never-married,Adm-clerical,Unmarried,Black,Female,0,0,40,United-States,15000
60,Self-emp-not-inc,9,Never-married,Farming-fishing,Unmarried,White,Male,0,0,42,United-States,31056
45,Local-gov,9,Widowed,Protective-serv,Not-in-family,White,Male,0,0,40,United-States,138422
63,Private,11,Divorced,Other-service,Not-in-family,White,Female,0,0,20,United-States,15169
41,Private,9,Never-married,Craft-repair,Own-child,Black,Female,0,0,35,United-States,19999
47,Private,9,Divorced,Adm-clerical,Unmarried,White,Female,0,0,40,United-States,21833
44,Private,9,Divorced,Craft-repair,Unmarried,White,Male,0,0,40,United-States,15000
41,Private,11,Married-civ-spouse,Machine-op-inspct,Husband,White,Male,0,0,40,United-States,27677
50,Self-emp-not-inc,9,Married-civ-spouse,Craft-repair,Husband,White,Male,0,0,30,United-States,25970
47,Private,9,Married-civ-spouse,Adm-clerical,Husband,White,Male,0,0,50,United-States,63086
35,Private,9,Never-married,Exec-managerial,Not-in-family,White,Male,0,0,45,United-States,31453
56,Private,9,Married-civ-spouse,Exec-managerial,Husband,White,Male,0,0,55,United-States,124565
45,Private,14,Divorced,Prof-specialty,Not-in-family,White,Male,0,0,45,United-States,32508
48,Federal-gov,13,Divorced,Exec-managerial,Unmarried,White,Male,0,0,58,United-States,86037
20,Private,10,Never-married,Other-service,Own-child,White,Male,0,0,40,United-States,41658
38,State-gov,9,Married-civ-spouse,Prof-specialty,Wife,White,Female,0,0,40,United-States,50001
23,Local-gov,13,Never-married,Prof-specialty,Own-child,White,Female,0,0,60,United-States,22132
31,Private,9,Never-married,Other-service,Own-child,White,Male,0,0,16,United-States,50000
58,Private,13,Married-civ-spouse,Adm-clerical,Husband,White,Male,0,0,40,United-States,18313
66,Private,9,Separated,Machine-op-inspct,Not-in-family,Black,Male,0,0,40,United-States,18720
39,Self-emp-inc,9,Married-civ-spouse,Exec-managerial,Husband,White,Male,0,0,40,United-States,250000
26,Private,10,Married-civ-spouse,Sales,Husband,White,Male,0,0,50,Germany,22971
51,Private,9,Divorced,Machine-op-inspct,Not-in-family,White,Female,0,0,40,United-States,38510
34,Private,11,Never-married,Transport-moving,Own-child,White,Male,0,0,40,United-States,17403
42,Private,10,Married-civ-spouse,Prof-specialty,Husband,White,Male,0,0,44,United-States,50001
38,Private,14,Married-civ-spouse,Prof-specialty,Husband,White,Male,0,0,25,United-States,50000
48,Private,4,Married-civ-spouse,Handlers-cleaners,Husband,White,Male,0,0,40,United-States,50000
33,Private,11,Married-civ-spouse,Tech-support,Wife,White,Female,0,0,40,United-States,50001
51,Private,9,Widowed,Other-service,Unmarried,White,Female,0,0,32,United-States,50000
22,Private,9,Divorced,Craft-repair,Not-in-family,White,Male,0,0,40,United-States,30944
19,Private,9,Never-married,Craft-repair,Own-child,White,Male,0,0,30,United-States,33887
41,Private,10,Never-married,Craft-repair,Not-in-family,White,Male,0,0,50,Japan,27424
48,Local-gov,14,Married-civ-spouse,Prof-specialty,Husband,White,Male,0,0,35,United-States,94995
42,Private,9,Separated,Sales,Not-in-family,White,Female,0,0,30,United-States,50000
34,Private,10,Married-civ-spouse,Other-service,Husband,White,Male,0,0,40,United-States,24007
23,Private,9,Never-married,Machine-op-inspct,Unmarried,Black,Female,0,0,40,United-States,32456
56,Private,9,Married-civ-spouse,Other-service,Husband,White,Male,0,0,50,Yugoslavia,50000
30,Private,13,Never-married,Prof-specialty,Not-in-family,Black,Male,0,0,45,Yugoslavia,42229
45,Private,9,Married-civ-spouse,Exec-managerial,Husband,White,Male,0,0,55,United-States,71188
48,Private,6,Married-civ-spouse,Adm-clerical,Wife,White,Female,0,0,40,United-States,35763
48,Self-emp-inc,14,Married-spouse-absent,Sales,Not-in-family,Asian-Pac-Islander,Male,0,0,50,India,20954
31,Private,11,Never-married,Adm-clerical,Not-in-family,White,Female,0,0,40,United-States,22522
27,Private,10,Never-married,Sales,Not-in-family,White,Male,0,0,40,United-States,15000
32,Private,9,Never-married,Other-service,Not-in-family,Black,Female,0,0,40,United-States,40311
76,Private,4,Widowed,Other-service,Not-in-family,White,Male,0,0,2,United-States,32081
37,Private,9,Never-married,Other-service,Not-in-family,White,Male,0,0,75,United-States,31766
34,Private,9,Divorced,Priv-house-serv,Unmarried,Black,Female,0,0,30,United-States,26609
34,Private,7,Married-civ-spouse,Priv-house-serv,Wife,White,Female,0,0,8,United-States,28583
90,Private,9,Never-married,Other-service,Not-in-family,White,Female,0,0,40,United-States,50000
23,Private,10,Never-married,Machine-op-inspct,Own-child,Black,Female,0,0,40,United-States,22188
43,Private,10,Divorced,Adm-clerical,Not-in-family,White,Female,0,0,40,United-States,46613
24,Private,10,Never-married,Tech-support,Not-in-family,White,Female,0,0,37,United-States,25288
28,Private,15,Divorced,Prof-specialty,Unmarried,White,Male,0,0,55,United-States,21063
64,Private,12,Never-married,Prof-specialty,Not-in-family,White,Female,0,0,20,United-States,29683
23,Private,10,Married-civ-spouse,Other-service,Husband,White,Male,0,0,40,United-States,20616
20,Private,10,Never-married,Sales,Not-in-family,White,Female,0,0,50,United-States,17950
61,Private,9,Married-civ-spouse,Machine-op-inspct,Husband,White,Male,0,0,40,United-States,47259
53,Self-emp-not-inc,13,Married-civ-spouse,Sales,Husband,White,Male,0,0,40,Canada,187103
52,Self-emp-not-inc,10,Married-civ-spouse,Sales,Husband,White,Male,0,0,55,United-States,50001
38,Private,10,Divorced,Craft-repair,Not-in-family,White,Male,0,0,40,Iran,24784
32,Private,13,Married-civ-spouse,Sales,Husband,White,Male,0,0,40,United-States,24123
30,Self-emp-not-inc,8,Married-civ-spouse,Transport-moving,Husband,White,Male,0,0,75,United-States,23251
41,Private,11,Divorced,Craft-repair,Not-in-family,White,Female,0,0,40,United-States,27423
45,Private,9,Married-civ-spouse,Craft-repair,Husband,White,Male,0,0,47,United-States,142679
43,Self-emp-not-inc,9,Married-civ-spouse,Exec-managerial,Husband,White,Male,0,0,35,United-States,28916
54,Private,9,Married-civ-spouse,Other-service,Husband,White,Male,0,0,32,Mexico,30991
34,Private,12,Separated,Other-service,Unmarried,White,Female,0,0,40,United-States,21661
49,Private,10,Married-civ-spouse,Sales,Husband,White,Male,0,0,80,United-States,75207
38,Private,10,Never-married,Other-service,Own-child,White,Male,0,0,40,United-States,30655
36,Private,8,Married-civ-spouse,Transport-moving,Husband,White,Male,0,0,40,United-States,19669
30,Private,13,Married-civ-spouse,Exec-managerial,Husband,White,Male,0,0,50,United-States,32568
36,Private,12,Divorced,Tech-support,Not-in-family,White,Female,0,0,60,United-States,50000
22,Local-gov,13,Never-married,Prof-specialty,Own-child,White,Female,0,0,20,United-States,26728
37,Private,9,Married-civ-spouse,Craft-repair,Husband,White,Male,0,0,50,United-States,50001
17,Private,7,Never-married,Adm-clerical,Own-child,White,Male,0,0,15,United-States,36520
19,Self-emp-not-inc,10,Never-married,Craft-repair,Own-child,White,Male,0,0,20,United-States,31506
22,Private,13,Never-married,Sales,Own-child,Asian-Pac-Islander,Male,0,0,50,Taiwan,35087
49,Private,9,Married-civ-spouse,Craft-repair,Husband,White,Male,0,0,40,United-States,50000
43,State-gov,11,Married-civ-spouse,Prof-specialty,Wife,White,Female,0,0,40,United-States,106395
43,Private,13,Separated,Prof-specialty,Unmarried,White,Female,0,0,40,United-States,26566
19,Local-gov,9,Divorced,Exec-managerial,Not-in-family,White,Female,0,0,35,United-States,26537
58,Self-emp-not-inc,9,Married-civ-spouse,Farming-fishing,Husband,White,Male,0,0,60,United-States,15566
41,Local-gov,10,Married-civ-spouse,Protective-serv,Husband,White,Male,0,0,40,United-States,201267
31,Private,10,Married-civ-spouse,Adm-clerical,Husband,White,Male,0,0,40,United-States,22196
30,Private,11,Married-civ-spouse,Transport-moving,Husband,White,Male,0,0,40,United-States,24289
32,Private,9,Married-civ-spouse,Protective-serv,Husband,White,Male,0,0,40,United-States,30828
29,Private,13,Never-married,Exec-managerial,Not-in-family,White,Male,0,0,35,United-States,38882
38,Private,9,Divorced,Craft-repair,Own-child,White,Male,0,0,28,United-States,23681
41,Federal-gov,12,Married-civ-spouse,Prof-specialty,Husband,White,Male,0,0,40,United-States,63358
44,Self-emp-not-inc,13,Never-married,Sales,Not-in-family,White,Male,0,0,50,United-States,71585
31,Private,16,Married-spouse-absent,Prof-specialty,Not-in-family,Asian-Pac-Islander,Male,0,0,60,China,26379
34,Private,9,Divorced,Craft-repair,Not-in-family,White,Male,0,0,40,United-States,30385
21,Private,10,Never-married,Adm-clerical,Own-child,White,Male,0,0,40,United-States,50000
22,Self-emp-not-inc,13,Never-married,Prof-specialty,Own-child,Asian-Pac-Islander,Male,0,0,20,India,30973
62,Private,6,Married-civ-spouse,Machine-op-inspct,Husband,White,Male,0,0,40,United-States,35140
19,Private,9,Never-married,Machine-op-inspct,Own-child,White,Female,0,0,40,United-States,33612
43,Private,10,Divorced,Prof-specialty,Unmarried,White,Female,0,0,40,United-States,20774
68,Private,4,Married-civ-spouse,Prof-specialty,Husband,White,Male,0,0,8,United-States,15000
45,Self-emp-inc,13,Married-civ-spouse,Machine-op-inspct,Husband,White,Male,0,0,60,United-States,81251
41,Private,13,Married-civ-spouse,Exec-managerial,Husband,Black,Male,0,0,50,United-States,35415
34,Self-emp-not-inc,12,Married-civ-spouse,Prof-specialty,Wife,White,Female,0,0,25,United-States,77101
34,Local-gov,9,Divorced,Adm-clerical,Unmarried,White,Female,0,0,33,United-States,47203
31,Private,13,Never-married,Prof-specialty,Not-in-family,White,Male,0,0,47,United-States,23659
29,Private,9,Never-married,Handlers-cleaners,Own-child,White,Male,0,0,25,United-States,15000
41,Private,11,Married-civ-spouse,Transport-moving,Husband,White,Male,0,0,55,United-States,33797
35,Self-emp-inc,14,Married-civ-spouse,Sales,Husband,White,Male,0,0,45,Mexico,50315
33,Private,13,Married-civ-spouse,Sales,Wife,White,Female,0,0,45,United-States,62152
37,State-gov,13,Never-married,Adm-clerical,Not-in-family,White,Male,0,0,38,United-States,18800
69,Private,9,Married-civ-spouse,Sales,Wife,White,Female,0,0,40,United-States,24353
34,Private,9,Divorced,Handlers-cleaners,Own-child,White,Female,0,0,40,United-States,39002
36,Private,10,Married-civ-spouse,Craft-repair,Husband,White,Male,0,0,40,United-States,29691
41,Private,9,Married-civ-spouse,Transport-moving,Husband,White,Male,0,0,50,United-States,17786
58,Local-gov,13,Married-civ-spouse,Prof-specialty,Wife,White,Female,0,0,40,United-States,69454
53,Private,13,Married-civ-spouse,Prof-specialty,Husband,Asian-Pac-Islander,Male,0,0,40,Japan,31550
29,Private,10,Married-civ-spouse,Tech-support,Husband,White,Male,0,0,40,United-States,29447
34,State-gov,10,Married-civ-spouse,Exec-managerial,Husband,White,Male,0,0,38,United-States,50000
36,Private,13,Married-civ-spouse,Tech-support,Husband,White,Male,0,0,40,United-States,21455
48,Private,10,Divorced,Other-service,Unmarried,Black,Female,0,0,35,United-States,41794
20,Private,11,Never-married,Adm-clerical,Own-child,White,Female,0,0,40,United-States,50000
35,Private,9,Married-civ-spouse,Transport-moving,Husband,White,Male,0,0,50,United-States,51035
63,Federal-gov,9,Widowed,Handlers-cleaners,Not-in-family,Black,Male,0,0,40,United-States,31659
41,Self-emp-not-inc,10,Divorced,Other-service,Unmarried,White,Male,0,0,45,United-States,32608
28,Private,13,Married-civ-spouse,Prof-specialty,Husband,White,Male,0,0,45,United-States,48565
30,Private,10,Never-married,Machine-op-inspct,Not-in-family,Black,Female,0,0,40,United-States,35860
34,Private,9,Divorced,Machine-op-inspct,Not-in-family,White,Female,0,0,40,United-States,48038
31,Private,9,Never-married,Other-service,Unmarried,White,Female,0,0,40,Mexico,39432
37,Private,11,Never-married,Adm-clerical,Own-child,White,Female,0,0,38,United-States,32565
42,Private,10,Divorced,Adm-clerical,Unmarried,White,Male,0,0,40,United-States,40935
31,Private,10,Married-civ-spouse,Exec-managerial,Husband,White,Male,0,0,50,Jamaica,50001
46,Self-emp-not-inc,14,Married-civ-spouse,Exec-managerial,Husband,White,Male,0,0,45,United-States,56386
35,Federal-gov,9,Married-civ-spouse,Adm-clerical,Husband,Black,Male,0,0,60,United-States,97684
27,Private,9,Married-civ-spouse,Craft-repair,Husband,White,Male,0,0,53,United-States,36438
41,Private,2,Married-civ-spouse,Craft-repair,Husband,White,Male,0,0,35,Mexico,40919
19,Private,10,Never-married,Other-service,Own-child,White,Female,0,0,20,United-States,38623
20,Private,10,Never-married,Sales,Not-in-family,White,Male,0,0,45,United-States,16267
59,Federal-gov,9,Widowed,Sales,Unmarried,White,Female,0,0,40,Germany,41336
40,Private,13,Never-married,Other-service,Not-in-family,White,Male,0,0,37,United-States,32146
56,Self-emp-not-inc,10,Married-civ-spouse,Sales,Husband,White,Male,0,0,60,United-States,17241
30,Self-emp-inc,10,Never-married,Exec-managerial,Not-in-family,White,Female,0,0,60,United-States,50000
46,Private,9,Married-civ-spouse,Machine-op-inspct,Husband,White,Male,0,0,50,United-States,47258
61,Self-emp-inc,9,Married-civ-spouse,Exec-managerial,Husband,White,Male,0,0,35,United-States,50001
25,Private,9,Never-married,Other-service,Own-child,White,Male,0,0,30,United-States,50000
40,Private,10,Divorced,Adm-clerical,Unmarried,White,Female,0,0,39,United-States,50000
24,Private,10,Never-married,Adm-clerical,Not-in-family,White,Male,0,0,40,United-States,27564
51,Private,9,Married-civ-spouse,Craft-repair,Husband,White,Male,0,0,54,United-States,50000
43,State-gov,9,Married-civ-spouse,Protective-serv,Husband,White,Male,0,0,40,United-States,44806
34,Private,10,Married-civ-spouse,Farming-fishing,Husband,White,Male,0,0,54,Mexico,15931
46,Private,9,Married-civ-spouse,Exec-managerial,Husband,White,Male,0,0,45,United-States,58427
28,State-gov,14,Married-civ-spouse,Prof-specialty,Wife,White,Female,0,0,50,United-States,62782
26,Private,13,Never-married,Transport-moving,Unmarried,Asian-Pac-Islander,Male,0,0,40,United-States,45762
20,Private,9,Never-married,Handlers-cleaners,Own-child,White,Male,0,0,28,United-States,21035
51,Private,9,Widowed,Transport-moving,Unmarried,White,Male,0,0,40,United-States,27435
33,Private,13,Married-civ-spouse,Sales,Husband,White,Male,0,0,60,United-States,55331
54,Private,12,Married-civ-spouse,Tech-support,Husband,White,Male,0,0,40,United-States,122741
33,Private,9,Divorced,Adm-clerical,Not-in-family,Black,Female,0,0,40,United-States,28641
22,Private,10,Never-married,Adm-clerical,Own-child,White,Female,0,0,8,United-States,30273
88,Self-emp-not-inc,15,Married-civ-spouse,Prof-specialty,Husband,White,Male,0,0,40,United-States,32979
40,Private,9,Divorced,Transport-moving,Not-in-family,White,Male,0,0,40,United-States,26517
51,Private,9,Divorced,Adm-clerical,Not-in-family,White,Female,0,0,43,United-States,23381
50,Private,7,Divorced,Other-service,Not-in-family,Black,Female,0,0,40,United-States,30990
25,Private,14,Married-civ-spouse,Farming-fishing,Not-in-family,White,Male,0,0,99,United-States,50001
20,Private,11,Never-married,Other-service,Not-in-family,White,Male,0,0,30,United-States,48687
47,Private,9,Married-civ-spouse,Other-service,Husband,White,Male,0,0,40,United-States,50000
58,Private,10,Married-civ-spouse,Other-service,Husband,White,Male,0,0,40,United-States,50197
22,Private,11,Never-married,Adm-clerical,Own-child,White,Female,0,0,30,United-States,46025
50,State-gov,9,Married-civ-spouse,Prof-specialty,Husband,White,Male,0,0,48,United-States,51106
47,Private,9,Never-married,Adm-clerical,Unmarried,White,Female,0,0,40,United-States,19890
24,Local-gov,7,Never-married,Other-service,Not-in-family,Asian-Pac-Islander,Male,0,0,45,United-States,46981
50,Local-gov,9,Married-civ-spouse,Other-service,Husband,White,Male,0,0,40,United-States,61007
40,Private,13,Divorced,Exec-managerial,Not-in-family,White,Female,0,0,45,United-States,64469
36,Private,13,Married-civ-spouse,Prof-specialty,Husband,White,Male,0,0,40,United-States,26073
32,Private,9,Married-civ-spouse,Adm-clerical,Husband,White,Male,0,0,40,United-States,34030
44,Private,9,Married-civ-spouse,Craft-repair,Husband,White,Male,0,0,40,United-States,17874
51,Private,14,Married-civ-spouse,Craft-repair,Husband,White,Male,0,0,40,United-States,32798
59,Federal-gov,10,Never-married,Exec-managerial,Own-child,Black,Female,0,0,40,United-States,41283
65,Private,9,Married-civ-spouse,Craft-repair,Husband,White,Male,0,0,30,United-States,39917
24,State-gov,13,Never-married,Adm-clerical,Not-in-family,White,Female,0,0,65,United-States,22820
27,Local-gov,13,Never-married,Prof-specialty,Own-child,White,Male,0,0,35,United-States,46408
51,Private,11,Divorced,Other-service,Not-in-family,White,Male,0,0,40,United-States,30648
48,Private,10,Married-civ-spouse,Craft-repair,Husband,White,Male,0,0,40,United-States,127067
39,Private,9,Married-civ-spouse,Transport-moving,Husband,White,Male,0,0,60,United-States,27486
28,Private,13,Married-civ-spouse,Tech-support,Husband,White,Male,0,0,40,United-States,26001
19,Private,10,Never-married,Other-service,Own-child,White,Female,0,0,25,United-States,29728
49,Local-gov,13,Divorced,Prof-specialty,Not-in-family,Black,Female,0,0,40,United-States,36948
51,Local-gov,12,Married-civ-spouse,Prof-specialty,Husband,White,Male,0,0,60,United-States,50000
59,Private,14,Married-civ-spouse,Prof-specialty,Husband,White,Male,0,0,55,United-States,28149
18,Private,9,Never-married,Machine-op-inspct,Own-child,White,Female,0,0,40,Dominican-Republic,30902
45,Federal-gov,9,Married-civ-spouse,Adm-clerical,Husband,Black,Male,0,0,80,United-States,63219
30,Local-gov,13,Married-civ-spouse,Prof-specialty,Husband,White,Male,0,0,50,United-States,50001
37,Private,13,Divorced,Craft-repair,Not-in-family,White,Male,0,0,35,United-States,50000
44,Private,13,Never-married,Other-service,Not-in-family,White,Male,0,0,40,United-States,50001
33,Private,10,Married-civ-spouse,Craft-repair,Husband,Black,Male,0,0,40,United-States,26138
61,Self-emp-inc,14,Married-civ-spouse,Sales,Husband,White,Male,0,0,40,United-States,50001
61,Local-gov,9,Married-civ-spouse,Protective-serv,Husband,White,Male,0,0,40,United-States,34232
38,Private,13,Married-civ-spouse,Sales,Husband,White,Male,0,0,42,United-States,50001
22,Private,10,Never-married,Sales,Own-child,White,Male,0,0,30,United-States,24067
36,Private,9,Married-civ-spouse,Machine-op-inspct,Husband,White,Male,0,0,45,United-States,35527
37,Private,10,Separated,Adm-clerical,Own-child,White,Male,0,0,62,United-States,17279
31,Private,10,Divorced,Craft-repair,Unmarried,White,Female,0,0,20,United-States,35179
20,Private,10,Never-married,Other-service,Own-child,White,Male,0,0,16,United-States,30542
63,Private,13,Widowed,Other-service,Not-in-family,White,Female,0,0,40,United-States,50001
33,Private,9,Divorced,Other-service,Not-in-family,Asian-Pac-Islander,Female,0,0,41,China,22557
38,Private,15,Married-civ-spouse,Prof-specialty,Husband,White,Male,0,0,40,United-States,50001
45,Self-emp-not-inc,9,Married-civ-spouse,Craft-repair,Husband,White,Male,0,0,40,United-States,50001
48,Private,9,Married-civ-spouse,Craft-repair,Husband,White,Male,0,0,40,United-States,28053
53,Private,10,Married-civ-spouse,Craft-repair,Husband,White,Male,0,0,40,United-States,39267
55,Private,9,Widowed,Adm-clerical,Own-child,White,Female,0,0,40,United-States,33377
38,Private,14,Married-civ-spouse,Transport-moving,Husband,White,Male,0,0,72,United-States,106282
29,Private,9,Never-married,Adm-clerical,Not-in-family,White,Female,0,0,40,United-States,25938
36,Private,13,Married-civ-spouse,Prof-specialty,Husband,White,Male,0,0,60,United-States,70591
42,Self-emp-not-inc,10,Married-civ-spouse,Farming-fishing,Husband,White,Male,0,0,60,United-States,47143
50,Private,9,Divorced,Adm-clerical,Unmarried,White,Female,0,0,40,England,25946
75,Self-emp-not-inc,15,Married-civ-spouse,Prof-specialty,Husband,White,Male,0,0,35,United-States,29702
52,Federal-gov,9,Divorced,Adm-clerical,Unmarried,White,Female,0,0,40,United-States,27387
27,Private,13,Never-married,Adm-clerical,Not-in-family,White,Female,0,0,40,United-States,50000
43,Private,9,Married-civ-spouse,Craft-repair,Husband,White,Male,0,0,45,United-States,50000
31,Private,7,Separated,Other-service,Not-in-family,Black,Female,0,0,42,United-States,35875
23,Private,10,Never-married,Sales,Not-in-family,White,Female,0,0,30,United-States,35562
34,Private,9,Never-married,Sales,Not-in-family,White,Female,0,0,24,United-States,24687
41,Self-emp-not-inc,9,Married-civ-spouse,Sales,Other-relative,White,Female,0,0,40,Cuba,45820
31,Private,9,Never-married,Other-service,Own-child,White,Female,0,0,30,United-States,50000
42,Private,10,Never-married,Adm-clerical,Own-child,White,Female,0,0,40,United-States,23792
35,Private,14,Never-married,Prof-specialty,Not-in-family,White,Male,0,0,45,United-States,124298
55,Private,9,Separated,Adm-clerical,Not-in-family,White,Female,0,0,25,United-States,20889
36,State-gov,9,Widowed,Exec-managerial,Not-in-family,White,Female,0,0,40,United-States,32956
65,Self-emp-not-inc,9,Married-civ-spouse,Exec-managerial,Husband,White,Male,0,0,59,United-States,100421
38,Local-gov,10,Never-married,Other-service,Not-in-family,White,Male,0,0,12,United-States,50000
62,Private,10,Widowed,Other-service,Not-in-family,White,Female,0,0,20,United-States,31206
49,Private,9,Divorced,Adm-clerical,Not-in-family,White,Male,0,0,40,United-States,22906
34,Private,9,Married-civ-spouse,Adm-clerical,Wife,White,Female,0,0,40,United-States,41460
32,Private,9,Never-married,Handlers-cleaners,Own-child,White,Female,0,0,40,United-States,32578
48,Self-emp-not-inc,10,Married-civ-spouse,Exec-managerial,Husband,White,Male,0,0,60,United-States,46356
30,Private,9,Married-civ-spouse,Adm-clerical,Husband,White,Male,0,0,40,United-States,40542
52,Federal-gov,9,Divorced,Adm-clerical,Not-in-family,White,Female,0,0,43,United-States,34534
29,Private,9,Married-civ-spouse,Craft-repair,Husband,Asian-Pac-Islander,Male,0,0,40,United-States,23432
38,Private,13,Never-married,Adm-clerical,Not-in-family,White,Female,0,0,50,United-States,24377
57,Private,9,Married-civ-spouse,Sales,Husband,White,Male,0,0,50,United-States,50001
43,Federal-gov,13,Married-civ-spouse,Prof-specialty,Husband,White,Male,0,0,40,United-States,62835
37,State-gov,10,Separated,Adm-clerical,Not-in-family,White,Male,0,0,40,United-States,33974
30,Private,9,Married-civ-spouse,Craft-repair,Husband,White,Male,0,0,40,United-States,45107
53,Private,9,Married-civ-spouse,Transport-moving,Husband,White,Male,0,0,48,United-States,103287
69,Private,11,Widowed,Transport-moving,Not-in-family,White,Female,0,0,1,United-States,50000
73,Private,9,Widowed,Other-service,Not-in-family,White,Female,0,0,37,United-States,15000
22,Self-emp-inc,10,Never-married,Craft-repair,Own-child,White,Male,0,0,35,United-States,50000
31,Private,9,Never-married,Sales,Not-in-family,White,Female,0,0,45,United-States,27426
50,Self-emp-not-inc,10,Married-civ-spouse,Craft-repair,Husband,White,Male,0,0,35,United-States,34975
37,Private,10,Married-civ-spouse,Adm-clerical,Husband,White,Male,0,0,37,United-States,42061
44,Local-gov,13,Divorced,Protective-serv,Not-in-family,White,Male,0,0,40,United-States,36590
47,Private,13,Never-married,Exec-managerial,Unmarried,Black,Female,0,0,45,United-States,19948
27,Private,10,Married-civ-spouse,Other-service,Husband,White,Male,0,0,40,United-States,41498
28,Private,12,Never-married,Other-service,Not-in-family,White,Female,0,0,80,United-States,50000
25,Private,9,Never-married,Tech-support,Not-in-family,Black,Female,0,0,40,United-States,20685
20,Private,10,Never-married,Other-service,Unmarried,White,Female,0,0,40,United-States,39558
51,Local-gov,13,Married-civ-spouse,Adm-clerical,Husband,White,Male,0,0,40,United-States,106545
47,Private,9,Married-civ-spouse,Transport-moving,Husband,White,Male,0,0,35,United-States,43845
42,Private,9,Married-civ-spouse,Sales,Husband,White,Male,0,0,40,United-States,44171
42,Federal-gov,12,Divorced,Prof-specialty,Unmarried,Asian-Pac-Islander,Female,0,0,40,Philippines,93741
65,Federal-gov,9,Married-civ-spouse,Prof-specialty,Husband,White,Male,0,0,40,United-States,88121
21,Private,10,Never-married,Farming-fishing,Own-child,Black,Male,0,0,10,United-States,50000
46,Private,10,Married-civ-spouse,Transport-moving,Husband,White,Male,0,0,40,United-States,47032
57,Private,6,Married-civ-spouse,Other-service,Husband,White,Male,0,0,40,United-States,36954
37,Private,13,Never-married,Exec-managerial,Not-in-family,White,Male,0,0,45,United-States,24095
50,Private,9,Married-civ-spouse,Craft-repair,Husband,White,Male,0,0,40,United-States,16119
58,Private,8,Married-civ-spouse,Craft-repair,Husband,White,Male,0,0,40,United-States,22240
63,Self-emp-not-inc,2,Widowed,Other-service,Unmarried,White,Female,0,0,30,El-Salvador,37375
39,Private,9,Married-civ-spouse,Transport-moving,Husband,White,Male,0,0,65,United-States,21738
46,Private,14,Married-civ-spouse,Prof-specialty,Husband,Black,Male,0,0,35,United-States,23436
36,Private,9,Married-civ-spouse,Handlers-cleaners,Husband,White,Male,0,0,40,United-States,17760
21,Private,10,Never-married,Other-service,Not-in-family,White,Male,0,0,57,United-States,33746
41,Private,12,Married-civ-spouse,Tech-support,Husband,White,Male,0,0,40,United-States,26244
44,Local-gov,10,Never-married,Other-service,Own-child,Black,Male,0,0,40,United-States,21921
22,Private,9,Married-civ-spouse,Craft-repair,Husband,White,Male,0,0,40,United-States,28777
29,Federal-gov,10,Never-married,Armed-Forces,Not-in-family,Black,Male,0,0,60,United-States,21674
29,Private,9,Never-married,Other-service,Unmarried,Black,Female,0,0,40,Japan,15000
58,Self-emp-inc,10,Married-civ-spouse,Transport-moving,Wife,White,Female,0,0,40,United-States,59084
36,Self-emp-not-inc,15,Married-civ-spouse,Prof-specialty,Husband,White,Male,0,0,50,United-States,28275
30,Private,11,Married-civ-spouse,Exec-managerial,Husband,White,Male,0,0,48,United-States,15271
37,Private,13,Married-civ-spouse,Machine-op-inspct,Husband,White,Male,0,0,43,United-States,121430
29,Private,11,Never-married,Machine-op-inspct,Not-in-family,White,Male,0,0,40,United-States,21769
26,Private,3,Never-married,Adm-clerical,Own-child,White,Female,0,0,40,Mexico,32108
43,Private,9,Married-civ-spouse,Sales,Husband,White,Male,0,0,45,United-States,50000
49,Private,9,Married-civ-spouse,Craft-repair,Wife,White,Female,0,0,40,United-States,50001
45,Federal-gov,13,Married-civ-spouse,Exec-managerial,Husband,White,Male,0,0,40,United-States,27715
28,Private,13,Never-married,Prof-specialty,Not-in-family,White,Female,0,0,40,United-States,16176
20,Private,10,Never-married,Prof-specialty,Not-in-family,White,Female,0,0,25,United-States,32585
51,Private,9,Divorced,Adm-clerical,Unmarried,White,Female,0,0,40,United-States,33304
32,Private,10,Married-civ-spouse,Handlers-cleaners,Husband,White,Male,0,0,50,Canada,92721
24,Private,9,Never-married,Machine-op-inspct,Own-child,White,Female,0,0,40,United-States,24268
35,Private,12,Never-married,Machine-op-inspct,Not-in-family,White,Male,0,0,55,United-States,50000
41,State-gov,13,Married-civ-spouse,Prof-specialty,Husband,White,Male,0,0,40,United-States,79021
48,Private,13,Married-civ-spouse,Craft-repair,Husband,White,Male,0,0,45,United-States,66378
20,Private,10,Never-married,Adm-clerical,Own-child,White,Male,0,0,30,United-States,23466
27,Private,9,Never-married,Sales,Not-in-family,White,Male,0,0,50,United-States,144977
55,Private,10,Married-civ-spouse,Transport-moving,Husband,White,Male,0,0,24,United-States,104412
39,Private,9,Married-civ-spouse,Adm-clerical,Husband,White,Male,0,0,40,United-States,52848
17,Private,6,Never-married,Adm-clerical,Own-child,White,Male,0,0,20,United-States,41529
47,Private,9,Married-civ-spouse,Handlers-cleaners,Husband,White,Male,0,0,40,United-States,19845
52,Private,9,Widowed,Other-service,Unmarried,Asian-Pac-Islander,Female,0,0,40,India,67154
24,Private,9,Never-married,Sales,Own-child,Black,Female,0,0,20,United-States,31334
29,Private,7,Never-married,Other-service,Unmarried,Black,Female,0,0,40,United-States,39077
25,Private,9,Never-married,Machine-op-inspct,Other-relative,White,Male,0,0,40,United-States,21016
20,Private,10,Never-married,Machine-op-inspct,Not-in-family,White,Female,0,0,40,United-States,37283
23,Private,9,Never-married,Machine-op-inspct,Not-in-family,Black,Male,0,0,35,United-States,50000
57,Private,15,Married-civ-spouse,Prof-specialty,Husband,White,Male,0,0,60,United-States,41467
51,Private,11,Married-civ-spouse,Prof-specialty,Husband,White,Male,0,0,40,United-States,57460
39,Private,13,Never-married,Prof-specialty,Not-in-family,White,Male,0,0,40,United-States,31614
40,Private,9,Married-civ-spouse,Exec-managerial,Husband,White,Male,0,0,40,United-States,61165
38,State-gov,10,Married-civ-spouse,Exec-managerial,Husband,White,Male,0,0,40,United-States,50000
28,State-gov,15,Never-married,Prof-specialty,Unmarried,White,Male,0,0,40,United-States,28636
57,Private,14,Married-spouse-absent,Prof-specialty,Not-in-family,White,Female,0,0,40,United-States,15460
47,Private,10,Divorced,Adm-clerical,Not-in-family,White,Male,0,0,40,United-States,23104
59,State-gov,9,Never-married,Adm-clerical,Own-child,White,Male,0,0,40,United-States,50000
26,Private,9,Never-married,Sales,Not-in-family,Other,Male,0,0,40,United-States,36253
35,Private,13,Never-married,Adm-clerical,Own-child,White,Female,0,0,40,United-States,50000
61,Self-emp-inc,13,Married-civ-spouse,Exec-managerial,Husband,White,Male,0,0,50,Germany,50001
17,Self-emp-inc,7,Never-married,Exec-managerial,Own-child,White,Female,0,0,30,United-States,31741
36,Private,13,Married-civ-spouse,Exec-managerial,Husband,Asian-Pac-Islander,Male,0,0,60,United-States,116558
34,Private,10,Never-married,Prof-specialty,Not-in-family,White,Male,0,0,50,United-States,75977
42,Private,9,Separated,Sales,Own-child,White,Female,0,0,40,United-States,35971
39,Private,10,Married-civ-spouse,Craft-repair,Husband,White,Male,0,0,40,United-States,15000
58,Private,3,Divorced,Machine-op-inspct,Not-in-family,Black,Male,0,0,40,United-States,24967
40,Private,6,Never-married,Craft-repair,Other-relative,Black,Male,0,0,55,United-States,50000
31,Private,13,Never-married,Tech-support,Not-in-family,White,Male,0,0,37,United-States,48027
36,Private,9,Never-married,Sales,Not-in-family,White,Male,0,0,50,United-States,20497
23,Private,10,Never-married,Machine-op-inspct,Own-child,White,Male,0,0,40,United-States,15418
33,Private,9,Never-married,Craft-repair,Not-in-family,White,Male,0,0,41,United-States,23777
52,Private,9,Married-civ-spouse,Craft-repair,Husband,White,Male,0,0,40,United-States,212696
22,Private,9,Never-married,Other-service,Not-in-family,White,Female,0,0,24,United-States,35552
51,Private,10,Divorced,Sales,Unmarried,White,Female,0,0,40,Italy,28678
31,Federal-gov,11,Never-married,Exec-managerial,Not-in-family,White,Female,0,0,40,United-States,36213
49,Self-emp-inc,9,Divorced,Exec-managerial,Unmarried,White,Female,0,0,40,United-States,28106
49,Private,9,Married-civ-spouse,Machine-op-inspct,Wife,Black,Female,0,0,40,United-States,15848
53,Federal-gov,10,Widowed,Adm-clerical,Not-in-family,Black,Female,0,0,40,United-States,22102
20,Private,6,Never-married,Handlers-cleaners,Own-child,White,Male,0,0,40,United-States,28569
26,Private,12,Never-married,Other-service,Own-child,Black,Male,0,0,40,United-States,22037
61,Private,9,Married-civ-spouse,Other-service,Husband,White,Male,0,0,6,United-States,34258
43,Private,14,Never-married,Other-service,Not-in-family,White,Female,0,0,30,Poland,50000
46,Self-emp-inc,13,Married-civ-spouse,Sales,Husband,White,Male,0,0,52,United-States,21645
43,Local-gov,11,Never-married,Adm-clerical,Not-in-family,White,Female,0,0,35,United-States,33861
41,Private,9,Divorced,Sales,Unmarried,Black,Female,0,0,40,United-States,49364
44,Self-emp-not-inc,9,Married-civ-spouse,Transport-moving,Husband,White,Male,0,0,55,United-States,47597
54,Private,9,Married-civ-spouse,Farming-fishing,Husband,White,Male,0,0,40,United-States,22754
32,Private,13,Divorced,Exec-managerial,Unmarried,White,Female,0,0,40,Canada,46003
25,Private,10,Separated,Adm-clerical,Own-child,White,Male,0,0,40,United-States,39852
23,Private,13,Never-married,Sales,Not-in-family,White,Male,0,0,50,United-States,40151
25,Local-gov,13,Never-married,Prof-specialty,Not-in-family,White,Male,0,0,45,United-States,17137
19,Private,10,Never-married,Handlers-cleaners,Own-child,White,Male,0,0,50,United-States,39982
37,Self-emp-not-inc,9,Married-civ-spouse,Exec-managerial,Husband,White,Male,0,0,60,United-States,34121
45,Private,10,Never-married,Machine-op-inspct,Own-child,White,Male,0,0,45,United-States,21406
37,Private,9,Never-married,Sales,Not-in-family,Black,Male,0,0,44,United-States,17160
19,Private,10,Never-married,Sales,Own-child,White,Male,0,0,40,United-States,50000
17,Private,7,Never-married,Other-service,Own-child,White,Male,0,0,5,United-States,25875
27,Private,13,Never-married,Tech-support,Not-in-family,White,Female,0,0,40,United-States,39612
19,Federal-gov,9,Never-married,Adm-clerical,Unmarried,Black,Female,0,0,40,United-States,28210
43,Private,6,Never-married,Machine-op-inspct,Not-in-family,Black,Male,0,0,40,United-States,33500
42,Private,6,Never-married,Transport-moving,Unmarried,White,Male,0,0,40,United-States,62741
54,Self-emp-not-inc,14,Married-civ-spouse,Sales,Husband,White,Male,0,0,50,United-States,29182
50,Private,9,Married-civ-spouse,Transport-moving,Husband,White,Male,0,0,60,United-States,86355
40,Private,9,Never-married,Adm-clerical,Not-in-family,White,Female,0,0,40,United-States,42025
55,Private,12,Married-civ-spouse,Tech-support,Husband,White,Male,0,0,25,United-States,37279
50,Private,9,Divorced,Adm-clerical,Not-in-family,White,Female,0,0,40,United-States,38992
31,Private,9,Married-civ-spouse,Craft-repair,Husband,White,Male,0,0,50,United-States,16841
42,Private,9,Divorced,Craft-repair,Unmarried,Black,Female,0,0,32,United-States,33510
24,Private,9,Married-civ-spouse,Other-service,Husband,White,Male,0,0,45,United-States,50001
30,Private,7,Divorced,Sales,Own-child,White,Male,0,0,40,United-States,44854
39,Local-gov,12,Married-civ-spouse,Craft-repair,Wife,White,Female,0,0,50,United-States,85529
37,Private,9,Divorced,Transport-moving,Not-in-family,White,Male,0,0,50,United-States,28427
33,Private,9,Married-civ-spouse,Transport-moving,Husband,White,Male,0,0,40,United-States,15059
48,Private,9,Widowed,Other-service,Unmarried,White,Female,0,0,40,United-States,15120
43,Self-emp-inc,9,Married-civ-spouse,Other-service,Husband,Asian-Pac-Islander,Male,0,0,78,Thailand,50000
39,Private,13,Married-civ-spouse,Prof-specialty,Husband,White,Male,0,0,40,United-States,50001
53,Private,10,Married-civ-spouse,Exec-managerial,Husband,White,Male,0,0,45,United-States,112417
52,Self-emp-not-inc,6,Married-civ-spouse,Exec-managerial,Husband,White,Male,0,0,60,United-States,25287
28,State-gov,10,Married-civ-spouse,Adm-clerical,Husband,Asian-Pac-Islander,Male,0,0,20,United-States,23763
32,Private,9,Never-married,Other-service,Not-in-family,White,Male,0,0,52,United-States,50000
31,Private,13,Married-civ-spouse,Sales,Husband,Black,Male,0,0,90,United-States,50001
31,Private,13,Married-civ-spouse,Prof-specialty,Wife,White,Female,0,0,40,United-States,72644
47,Private,10,Never-married,Adm-clerical,Not-in-family,White,Female,0,0,40,United-States,23783
19,Private,10,Never-married,Adm-clerical,Own-child,White,Male,0,0,50,United-States,50000
40,Private,11,Married-civ-spouse,Handlers-cleaners,Husband,Black,Male,0,0,40,United-States,27557
40,Private,12,Never-married,Adm-clerical,Own-child,White,Female,0,0,45,United-States,45151
41,Private,7,Divorced,Other-service,Not-in-family,White,Male,0,0,40,United-States,17735
53,Federal-gov,9,Married-civ-spouse,Adm-clerical,Husband,Black,Male,0,0,40,United-States,30621
46,Private,7,Divorced,Machine-op-inspct,Unmarried,Amer-Indian-Eskimo,Male,0,0,43,Germany,15311
19,Private,9,Never-married,Machine-op-inspct,Not-in-family,White,Male,0,0,40,United-States,30945
49,Private,11,Married-civ-spouse,Machine-op-inspct,Wife,White,Female,0,0,40,Peru,49309
59,Private,9,Divorced,Exec-managerial,Not-in-family,White,Female,0,0,40,United-States,37969
32,Private,11,Divorced,Sales,Not-in-family,White,Male,0,0,50,United-States,50001
35,State-gov,10,Never-married,Protective-serv,Not-in-family,Black,Male,0,0,40,United-States,31843
58,Self-emp-inc,6,Married-civ-spouse,Transport-moving,Wife,White,Female,0,0,40,United-States,35762
28,Private,13,Never-married,Other-service,Not-in-family,White,Male,0,0,43,Mexico,50000
36,Federal-gov,12,Married-civ-spouse,Adm-clerical,Wife,White,Female,0,0,40,United-States,236522
41,Self-emp-not-inc,14,Divorced,Prof-specialty,Unmarried,White,Female,0,0,35,United-States,19305
47,Private,9,Married-civ-spouse,Sales,Husband,White,Male,0,0,40,United-States,57633
61,Private,9,Married-civ-spouse,Sales,Husband,White,Male,0,0,16,United-States,30969
36,Private,9,Married-civ-spouse,Exec-managerial,Husband,White,Male,0,0,50,United-States,76291
38,Private,11,Divorced,Craft-repair,Not-in-family,White,Male,0,0,40,United-States,36447
50,Private,11,Married-civ-spouse,Transport-moving,Husband,White,Male,0,0,45,United-States,29148
44,Self-emp-not-inc,9,Married-civ-spouse,Exec-managerial,Husband,White,Male,0,0,66,United-States,23668
51,Private,10,Married-civ-spouse,Exec-managerial,Husband,White,Male,0,0,45,United-States,139221
44,Self-emp-inc,10,Married-civ-spouse,Exec-managerial,Husband,White,Male,0,0,50,United-States,92432
25,Private,9,Divorced,Craft-repair,Not-in-family,White,Male,0,0,50,United-States,25301
60,Private,7,Widowed,Transport-moving,Unmarried,Black,Male,0,0,40,United-States,32737
49,Self-emp-inc,14,Married-civ-spouse,Exec-managerial,Husband,White,Male,0,0,50,United-States,71677
46,Private,9,Married-civ-spouse,Craft-repair,Husband,Black,Male,0,0,60,United-States,50001
56,Private,9,Widowed,Adm-clerical,Unmarried,Black,Female,0,0,38,United-States,26227
22,Private,10,Never-married,Transport-moving,Not-in-family,White,Male,0,0,40,United-States,44434
76,Private,9,Widowed,Transport-moving,Not-in-family,Black,Female,0,0,2,United-States,35821
41,Self-emp-inc,15,Married-civ-spouse,Prof-specialty,Husband,White,Male,0,0,60,United-States,52830
46,Private,6,Never-married,Machine-op-inspct,Not-in-family,Black,Male,0,0,40,United-States,30281
30,Private,10,Never-married,Craft-repair,Not-in-family,White,Male,0,0,40,United-States,89327
39,Private,9,Married-civ-spouse,Transport-moving,Husband,White,Male,0,0,40,United-States,96266
40,Private,6,Divorced,Craft-repair,Not-in-family,Amer-Indian-Eskimo,Male,0,0,40,United-States,35646
70,Federal-gov,9,Married-civ-spouse,Adm-clerical,Husband,Black,Male,0,0,40,United-States,15000
49,Private,14,Divorced,Exec-managerial,Not-in-family,White,Female,0,0,75,United-States,31216
24,Private,11,Never-married,Protective-serv,Not-in-family,White,Male,0,0,60,United-States,21143
61,Private,15,Married-civ-spouse,Transport-moving,Husband,White,Male,0,0,5,United-States,103613
25,Private,13,Never-married,Prof-specialty,Own-child,Asian-Pac-Islander,Male,0,0,40,United-States,23644
28,Local-gov,13,Never-married,Prof-specialty,Not-in-family,White,Female,0,0,40,United-States,28340
69,State-gov,14,Married-civ-spouse,Prof-specialty,Husband,White,Male,0,0,11,United-States,23202
22,Private,10,Never-married,Handlers-cleaners,Own-child,White,Female,0,0,36,United-States,41256
47,Private,9,Married-civ-spouse,Adm-clerical,Husband,White,Male,0,0,38,United-States,37453
38,Private,9,Divorced,Other-service,Unmarried,White,Female,0,0,48,United-States,30568
26,Private,11,Never-married,Adm-clerical,Own-child,White,Female,0,0,40,United-States,50000
17,Private,7,Never-married,Adm-clerical,Own-child,Asian-Pac-Islander,Female,0,0,24,United-States,43880
33,Self-emp-not-inc,10,Never-married,Other-service,Not-in-family,White,Male,0,0,35,United-States,16066
43,Self-emp-not-inc,9,Married-spouse-absent,Craft-repair,Not-in-family,White,Male,0,0,40,United-States,40391
58,Private,11,Married-civ-spouse,Craft-repair,Husband,White,Male,0,0,40,United-States,76149
26,Private,9,Never-married,Craft-repair,Not-in-family,White,Male,0,0,25,United-States,34761
43,Local-gov,13,Married-civ-spouse,Prof-specialty,Husband,Black,Male,0,0,40,United-States,66003
25,Private,9,Never-married,Other-service,Own-child,White,Female,0,0,25,United-States,50000
57,Federal-gov,9,Divorced,Adm-clerical,Unmarried,White,Female,0,0,40,United-States,30335
37,Private,14,Divorced,Exec-managerial,Unmarried,White,Male,0,0,60,United-States,81912
32,Private,10,Married-civ-spouse,Sales,Husband,White,Male,0,0,48,United-States,28722
26,Private,9,Divorced,Exec-managerial,Not-in-family,White,Female,0,0,41,United-States,39492
45,Private,9,Married-civ-spouse,Adm-clerical,Husband,White,Male,0,0,40,United-States,116394
27,Private,9,Never-married,Handlers-cleaners,Other-relative,Amer-Indian-Eskimo,Male,0,0,40,United-States,28375
28,Self-emp-inc,7,Married-civ-spouse,Craft-repair,Husband,White,Male,0,0,50,United-States,50001
32,Private,7,Divorced,Sales,Not-in-family,White,Male,0,0,43,United-States,83409
36,Self-emp-not-inc,10,Married-civ-spouse,Exec-managerial,Husband,White,Male,0,0,55,United-States,50001
19,Private,10,Never-married,Adm-clerical,Not-in-family,White,Male,0,0,40,United-States,18112
37,Self-emp-inc,13,Married-civ-spouse,Exec-managerial,Husband,White,Male,0,0,80,United-States,50001
20,Private,10,Never-married,Other-service,Not-in-family,White,Male,0,0,45,United-States,26847
60,Private,14,Married-civ-spouse,Other-service,Husband,White,Male,0,0,40,United-States,42500
32,Private,12,Married-civ-spouse,Craft-repair,Husband,White,Male,0,0,42,United-States,23776
58,State-gov,9,Married-civ-spouse,Exec-managerial,Husband,White,Male,0,0,40,United-States,27801
42,Private,9,Married-civ-spouse,Sales,Husband,White,Male,0,0,50,United-States,27917
20,Private,10,Never-married,Adm-clerical,Not-in-family,Black,Female,0,0,14,United-States,18085
42,State-gov,10,Married-civ-spouse,Adm-clerical,Husband,Black,Male,0,0,40,United-States,39541
25,Private,10,Married-spouse-absent,Prof-specialty,Unmarried,Black,Male,0,0,40,United-States,27352
37,Self-emp-inc,13,Married-civ-spouse,Prof-specialty,Husband,White,Male,0,0,35,United-States,56872
66,Self-emp-not-inc,11,Married-civ-spouse,Prof-specialty,Husband,White,Male,0,0,50,United-States,26284
59,Self-emp-inc,13,Married-civ-spouse,Exec-managerial,Husband,White,Male,0,0,40,England,145979
44,Private,13,Divorced,Other-service,Not-in-family,Asian-Pac-Islander,Male,0,0,40,China,15000
46,Private,9,Married-civ-spouse,Adm-clerical,Husband,White,Male,0,0,58,United-States,50001
17,Local-gov,5,Never-married,Other-service,Own-child,Black,Male,0,0,9,United-States,24669
47,Local-gov,13,Married-civ-spouse,Protective-serv,Husband,White,Male,0,0,40,United-States,16896
47,State-gov,5,Divorced,Other-service,Not-in-family,White,Female,0,0,40,United-States,50000
30,Private,10,Divorced,Exec-managerial,Unmarried,White,Female,0,0,40,United-States,25560
20,Private,10,Never-married,Farming-fishing,Own-child,White,Female,0,0,40,United-States,40090
20,Private,10,Never-married,Handlers-cleaners,Not-in-family,Black,Male,0,0,15,United-States,30949
33,Private,9,Divorced,Other-service,Unmarried,White,Male,0,0,40,United-States,41599
48,Private,9,Married-civ-spouse,Machine-op-inspct,Husband,White,Male,0,0,40,United-States,50000
37,Private,9,Divorced,Exec-managerial,Unmarried,White,Female,0,0,12,United-States,26578
47,Private,9,Married-civ-spouse,Craft-repair,Husband,Black,Male,0,0,40,United-States,50000
40,Private,6,Married-civ-spouse,Machine-op-inspct,Husband,White,Male,0,0,40,United-States,121835
48,Private,14,Divorced,Exec-managerial,Unmarried,White,Female,0,0,40,United-States,166022
49,Private,6,Married-civ-spouse,Transport-moving,Husband,Black,Male,0,0,42,United-States,81791
50,Private,10,Divorced,Other-service,Not-in-family,White,Female,0,0,40,United-States,33290
30,Private,12,Never-married,Prof-specialty,Not-in-family,White,Female,0,0,40,United-States,22383
34,Private,10,Married-civ-spouse,Exec-managerial,Husband,White,Male,0,0,40,United-States,49203
43,Private,9,Married-civ-spouse,Machine-op-inspct,Husband,White,Male,0,0,40,United-States,26964
22,Private,6,Married-civ-spouse,Machine-op-inspct,Wife,White,Female,0,0,40,United-States,23837
35,Private,9,Separated,Other-service,Not-in-family,Black,Male,0,0,40,United-States,38347
26,State-gov,9,Divorced,Adm-clerical,Own-child,White,Female,0,0,30,United-States,19059
39,Local-gov,9,Separated,Protective-serv,Not-in-family,White,Male,0,0,40,United-States,17753
59,Local-gov,10,Married-civ-spouse,Craft-repair,Husband,White,Male,0,0,40,United-States,32695
69,Local-gov,3,Divorced,Craft-repair,Not-in-family,White,Male,0,0,40,United-States,39634
27,Private,13,Married-civ-spouse,Craft-repair,Husband,White,Male,0,0,40,United-States,18836
17,Private,6,Never-married,Sales,Own-child,White,Male,0,0,30,United-States,50000
38,Private,13,Married-civ-spouse,Adm-clerical,Husband,White,Male,0,0,40,United-States,50000
27,Private,6,Never-married,Machine-op-inspct,Unmarried,White,Female,0,0,40,United-States,38837
23,Private,9,Never-married,Adm-clerical,Own-child,White,Female,0,0,40,United-States,36611
17,Private,6,Never-married,Handlers-cleaners,Own-child,White,Male,0,0,24,United-States,20523
56,Private,4,Divorced,Machine-op-inspct,Not-in-family,White,Female,0,0,40,United-States,41155
24,Private,10,Never-married,Adm-clerical,Not-in-family,White,Female,0,0,40,United-States,40233
44,Private,8,Divorced,Transport-moving,Unmarried,Black,Male,0,0,40,United-States,28031
23,Private,13,Never-married,Adm-clerical,Not-in-family,White,Male,0,0,30,United-States,33319
41,Self-emp-not-inc,9,Never-married,Sales,Not-in-family,White,Male,0,0,50,United-States,33285
25,Private,9,Never-married,Transport-moving,Not-in-family,White,Male,0,0,65,United-States,42199
21,Private,10,Never-married,Other-service,Other-relative,Black,Female,0,0,8,United-States,39572
18,Private,8,Never-married,Handlers-cleaners,Own-child,White,Male,0,0,6,United-States,35209
45,Private,10,Married-civ-spouse,Craft-repair,Husband,White,Male,0,0,40,United-States,34943
51,Private,4,Married-civ-spouse,Protective-serv,Husband,White,Male,0,0,40,United-States,23705
42,Federal-gov,9,Separated,Other-service,Other-relative,Black,Female,0,0,40,United-States,15000
47,Private,10,Never-married,Other-service,Not-in-family,Black,Female,0,0,35,Outlying-US(Guam-USVI-etc),25865
29,Private,10,Married-civ-spouse,Farming-fishing,Husband,White,Male,0,0,40,United-States,19606
33,Private,7,Never-married,Other-service,Not-in-family,Black,Male,0,0,40,United-States,18999
43,Local-gov,13,Married-civ-spouse,Craft-repair,Husband,White,Male,0,0,40,United-States,32018
20,Local-gov,10,Never-married,Craft-repair,Own-child,White,Male,0,0,16,United-States,34053
19,Local-gov,13,Never-married,Craft-repair,Own-child,Black,Female,0,0,40,Jamaica,43416
24,Private,10,Never-married,Other-service,Own-child,White,Male,0,0,30,United-States,50000
19,Private,10,Never-married,Handlers-cleaners,Own-child,White,Male,0,0,40,United-States,41570
52,Private,11,Married-civ-spouse,Adm-clerical,Husband,White,Male,0,0,40,United-States,36759
38,Self-emp-not-inc,9,Never-married,Farming-fishing,Not-in-family,White,Male,0,0,52,United-States,38679
24,State-gov,10,Never-married,Tech-support,Not-in-family,White,Male,0,0,50,United-States,38781
32,Local-gov,13,Never-married,Prof-specialty,Not-in-family,White,Male,0,0,50,United-States,21798
72,Local-gov,9,Widowed,Prof-specialty,Not-in-family,White,Female,0,0,8,United-States,32343
26,Private,9,Married-civ-spouse,Sales,Husband,White,Male,0,0,50,United-States,85075
31,Private,13,Never-married,Sales,Own-child,Asian-Pac-Islander,Male,0,0,40,United-States,21979
29,Private,13,Married-civ-spouse,Sales,Husband,White,Male,0,0,50,United-States,15000
48,Self-emp-not-inc,9,Married-civ-spouse,Farming-fishing,Husband,White,Male,0,0,50,United-States,26398
40,Private,10,Married-civ-spouse,Craft-repair,Husband,White,Male,0,0,45,United-States,58874
51,Private,10,Divorced,Exec-managerial,Unmarried,White,Male,0,0,45,Scotland,47266
28,Self-emp-not-inc,9,Divorced,Craft-repair,Own-child,White,Male,0,0,40,United-States,18781
22,Private,9,Never-married,Exec-managerial,Own-child,White,Female,0,0,20,United-States,20361
23,Private,13,Never-married,Adm-clerical,Not-in-family,White,Female,0,0,40,United-States,29786
65,Private,10,Married-civ-spouse,Protective-serv,Husband,White,Male,0,0,16,United-States,33181
26,Local-gov,13,Married-civ-spouse,Prof-specialty,Husband,White,Male,0,0,40,United-States,50000
38,Self-emp-not-inc,13,Married-civ-spouse,Other-service,Husband,White,Male,0,0,10,United-States,40788
33,Private,9,Never-married,Prof-specialty,Not-in-family,White,Male,0,0,60,United-States,61932
33,Local-gov,9,Married-civ-spouse,Adm-clerical,Wife,White,Female,0,0,60,United-States,44789
37,Private,13,Never-married,Sales,Not-in-family,Black,Female,0,0,40,United-States,41919
19,Private,7,Never-married,Machine-op-inspct,Own-child,White,Male,0,0,60,United-States,15000
24,Private,13,Never-married,Sales,Not-in-family,White,Male,0,0,50,United-States,25960
30,Private,7,Married-civ-spouse,Craft-repair,Husband,White,Male,0,0,45,United-States,22678
57,State-gov,9,Divorced,Exec-managerial,Not-in-family,White,Female,0,0,50,United-States,26469
22,State-gov,10,Never-married,Prof-specialty,Own-child,White,Female,0,0,20,United-States,25477
57,Private,9,Married-civ-spouse,Machine-op-inspct,Husband,Black,Male,0,0,40,United-States,63905
46,State-gov,9,Married-civ-spouse,Tech-support,Husband,White,Male,0,0,40,United-States,19402
67,Private,9,Married-civ-spouse,Adm-clerical,Husband,White,Male,0,0,35,United-States,39321
35,Private,9,Never-married,Adm-clerical,Unmarried,Black,Female,0,0,40,United-States,16199
47,Private,9,Separated,Craft-repair,Own-child,White,Male,0,0,40,United-States,50000
39,Private,6,Married-civ-spouse,Craft-repair,Husband,White,Male,0,0,40,United-States,26337
50,Private,10,Divorced,Other-service,Unmarried,Asian-Pac-Islander,Male,0,0,40,Philippines,50000
58,Self-emp-not-inc,8,Divorced,Sales,Not-in-family,White,Female,0,0,52,United-States,50000
36,Private,12,Married-civ-spouse,Prof-specialty,Wife,White,Female,0,0,30,United-States,151928
45,Private,14,Married-civ-spouse,Prof-specialty,Husband,White,Male,0,0,36,England,57641
54,Private,9,Married-civ-spouse,Machine-op-inspct,Husband,White,Male,0,0,40,United-States,75135
26,Private,13,Never-married,Adm-clerical,Own-child,White,Male,0,0,30,United-States,23562
60,Private,9,Married-civ-spouse,Prof-specialty,Husband,White,Male,0,0,40,United-States,122731
26,Private,10,Married-civ-spouse,Exec-managerial,Wife,White,Female,0,0,35,United-States,43696
32,Private,7,Never-married,Craft-repair,Other-relative,White,Male,0,0,40,United-States,36092
38,Local-gov,9,Married-civ-spouse,Transport-moving,Husband,White,Male,0,0,40,United-States,39699
48,Self-emp-not-inc,10,Married-civ-spouse,Sales,Husband,White,Male,0,0,70,United-States,50343
37,Private,9,Never-married,Other-service,Own-child,Asian-Pac-Islander,Female,0,0,40,Philippines,15892
44,Private,10,Married-civ-spouse,Exec-managerial,Husband,White,Male,0,0,40,United-States,50000
31,Private,9,Never-married,Other-service,Not-in-family,Other,Female,0,0,35,United-States,45817
61,Self-emp-not-inc,15,Married-civ-spouse,Prof-specialty,Husband,White,Male,0,0,35,United-States,52576
51,Private,9,Married-civ-spouse,Craft-repair,Husband,White,Male,0,0,40,United-States,41035
36,Private,12,Married-civ-spouse,Craft-repair,Wife,Black,Female,0,0,21,Haiti,36381
67,Local-gov,9,Divorced,Other-service,Not-in-family,White,Female,0,0,24,United-States,50000
40,State-gov,12,Married-civ-spouse,Adm-clerical,Husband,White,Male,0,0,40,United-States,106621
27,Private,3,Never-married,Farming-fishing,Not-in-family,White,Male,0,0,35,Mexico,16974
37,Private,2,Married-civ-spouse,Machine-op-inspct,Husband,White,Male,0,0,40,Mexico,50000
57,Private,10,Married-civ-spouse,Exec-managerial,Husband,White,Male,0,0,50,United-States,50001
27,Private,6,Divorced,Other-service,Not-in-family,White,Female,0,0,40,United-States,22084
34,Self-emp-inc,13,Married-civ-spouse,Prof-specialty,Husband,White,Male,0,0,60,United-States,113647
52,Private,9,Divorced,Other-service,Other-relative,Black,Female,0,0,38,United-States,29892
42,Private,13,Married-civ-spouse,Prof-specialty,Husband,White,Male,0,0,45,United-States,55608
55,Self-emp-not-inc,15,Married-civ-spouse,Prof-specialty,Wife,White,Female,0,0,10,United-States,30701
71,Self-emp-inc,9,Married-civ-spouse,Adm-clerical,Wife,White,Female,0,0,20,United-States,167692
33,Private,10,Married-civ-spouse,Machine-op-inspct,Husband,Black,Male,0,0,40,United-States,31723
30,Private,9,Married-civ-spouse,Sales,Husband,White,Male,0,0,40,United-States,31669
35,Private,13,Married-civ-spouse,Exec-managerial,Husband,White,Male,0,0,55,United-States,50001
59,Private,6,Divorced,Adm-clerical,Not-in-family,Black,Female,0,0,40,United-States,50000
19,Private,10,Never-married,Handlers-cleaners,Own-child,White,Male,0,0,20,United-States,35547
36,Self-emp-not-inc,5,Married-civ-spouse,Craft-repair,Husband,White,Male,0,0,30,United-States,39000
26,Self-emp-not-inc,9,Never-married,Sales,Own-child,White,Male,0,0,40,United-States,19968
34,Local-gov,9,Married-civ-spouse,Protective-serv,Husband,White,Male,0,0,40,United-States,21211
41,Private,9,Married-civ-spouse,Craft-repair,Husband,Black,Male,0,0,40,United-States,92442
26,Private,9,Separated,Craft-repair,Unmarried,White,Female,0,0,40,United-States,22821
47,Private,9,Married-civ-spouse,Craft-repair,Husband,White,Male,0,0,48,United-States,38548
18,Private,10,Never-married,Sales,Own-child,White,Male,0,0,16,United-States,28517
55,Self-emp-not-inc,6,Married-civ-spouse,Craft-repair,Husband,White,Male,0,0,18,United-States,26621
44,Private,13,Married-civ-spouse,Exec-managerial,Husband,White,Male,0,0,40,United-States,65071
43,Private,13,Never-married,Prof-specialty,Not-in-family,White,Male,0,0,40,United-States,41928
62,Private,4,Married-civ-spouse,Protective-serv,Husband,White,Male,0,0,40,Cuba,37850
44,Private,9,Married-civ-spouse,Handlers-cleaners,Husband,Black,Male,0,0,40,United-States,39255
39,Private,9,Divorced,Handlers-cleaners,Unmarried,White,Female,0,0,40,United-States,26149
50,Self-emp-inc,10,Married-civ-spouse,Sales,Husband,White,Male,0,0,60,United-States,166509
35,Private,7,Never-married,Sales,Not-in-family,White,Male,0,0,45,United-States,28371
52,Private,9,Married-civ-spouse,Adm-clerical,Husband,White,Male,0,0,40,United-States,36770
46,Private,15,Married-civ-spouse,Prof-specialty,Husband,White,Male,0,0,60,United-States,50795
43,Private,10,Never-married,Exec-managerial,Unmarried,White,Male,0,0,50,United-States,25284
20,Private,10,Never-married,Sales,Own-child,White,Male,0,0,20,United-States,33155
47,Private,12,Married-civ-spouse,Adm-clerical,Wife,White,Female,0,0,40,Italy,65664
43,Private,14,Divorced,Exec-managerial,Unmarried,White,Male,0,0,50,United-States,42857
64,Private,9,Married-civ-spouse,Exec-managerial,Husband,White,Male,0,0,40,United-States,250000
24,Private,10,Never-married,Craft-repair,Not-in-family,White,Male,0,0,40,United-States,15000
27,Federal-gov,10,Married-civ-spouse,Craft-repair,Husband,White,Male,0,0,50,United-States,45150
32,Private,9,Married-civ-spouse,Transport-moving,Husband,White,Male,0,0,40,United-States,50000
37,Private,9,Divorced,Other-service,Unmarried,White,Female,0,0,12,United-States,26627
26,Private,9,Married-civ-spouse,Machine-op-inspct,Husband,White,Male,0,0,60,United-States,50000
50,Private,9,Married-civ-spouse,Machine-op-inspct,Wife,White,Female,0,0,40,United-States,19029
20,Self-emp-not-inc,9,Never-married,Transport-moving,Own-child,White,Male,0,0,80,United-States,21612
43,Private,9,Never-married,Other-service,Not-in-family,Black,Female,0,0,45,United-States,15000
53,Private,5,Divorced,Other-service,Not-in-family,White,Female,0,0,36,Canada,20173
44,Private,16,Married-civ-spouse,Prof-specialty,Husband,White,Male,0,0,40,United-States,79743
25,Private,9,Never-married,Other-service,Not-in-family,White,Female,0,0,40,United-States,48424
19,Private,9,Never-married,Sales,Own-child,White,Male,0,0,50,United-States,39482
44,Private,10,Married-civ-spouse,Sales,Husband,White,Male,0,0,50,United-States,41548
49,Private,9,Married-civ-spouse,Exec-managerial,Wife,White,Female,0,0,43,United-States,36015
35,Private,10,Married-civ-spouse,Handlers-cleaners,Husband,White,Male,0,0,40,United-States,50000
44,Private,9,Divorced,Craft-repair,Not-in-family,White,Male,0,0,45,United-States,42643
54,Private,14,Married-civ-spouse,Prof-specialty,Husband,White,Male,0,0,60,United-States,31041
37,Private,10,Divorced,Adm-clerical,Unmarried,Black,Female,0,0,35,United-States,44346
18,Private,10,Never-married,Other-service,Own-child,White,Female,0,0,15,United-States,22491
24,Private,10,Married-civ-spouse,Handlers-cleaners,Husband,White,Male,0,0,40,United-States,50000
29,Private,9,Divorced,Craft-repair,Not-in-family,White,Female,0,0,50,United-States,50000
22,Private,10,Divorced,Craft-repair,Not-in-family,White,Female,0,0,35,United-States,37241
35,Private,9,Never-married,Machine-op-inspct,Not-in-family,White,Male,0,0,40,United-States,18589
56,Private,9,Married-civ-spouse,Craft-repair,Husband,White,Male,0,0,48,United-States,77222
32,Private,4,Widowed,Craft-repair,Not-in-family,White,Female,0,0,40,United-States,40958
24,Private,13,Never-married,Machine-op-inspct,Not-in-family,Asian-Pac-Islander,Male,0,0,45,China,33020
73,Private,9,Widowed,Sales,Other-relative,White,Female,0,0,15,United-States,19629
47,Federal-gov,10,Married-civ-spouse,Craft-repair,Husband,White,Male,0,0,40,United-States,30417
49,Private,8,Married-civ-spouse,Machine-op-inspct,Husband,White,Male,0,0,39,United-States,43208
38,Private,13,Married-civ-spouse,Sales,Husband,White,Male,0,0,40,United-States,81691
31,Private,9,Married-civ-spouse,Machine-op-inspct,Husband,Black,Male,0,0,40,United-States,50000
39,Private,10,Divorced,Adm-clerical,Unmarried,Amer-Indian-Eskimo,Female,0,0,40,United-States,34240
42,Private,13,Divorced,Adm-clerical,Not-in-family,White,Female,0,0,40,United-States,39944
41,Private,14,Married-civ-spouse,Prof-specialty,Husband,Asian-Pac-Islander,Male,0,0,45,China,84975
35,Private,13,Married-civ-spouse,Sales,Husband,White,Male,0,0,45,United-States,78124
38,Private,9,Married-civ-spouse,Transport-moving,Husband,White,Male,0,0,45,United-States,23536
31,Private,9,Divorced,Adm-clerical,Not-in-family,White,Female,0,0,40,United-States,50000
51,Local-gov,9,Married-civ-spouse,Protective-serv,Husband,White,Male,0,0,70,United-States,49877
38,Private,13,Divorced,Sales,Not-in-family,White,Male,0,0,48,United-States,50001
40,Local-gov,10,Married-civ-spouse,Exec-managerial,Husband,White,Male,0,0,42,United-States,50001
21,Private,9,Never-married,Other-service,Not-in-family,White,Female,0,0,30,United-States,20356
44,Private,10,Divorced,Craft-repair,Not-in-family,White,Male,0,0,40,United-States,20825
55,Private,9,Married-civ-spouse,Craft-repair,Husband,White,Male,0,0,40,United-States,50001
29,Private,9,Divorced,Sales,Not-in-family,White,Male,0,0,45,United-States,43002
49,Private,14,Married-civ-spouse,Prof-specialty,Wife,White,Female,0,0,50,United-States,50001
31,Private,11,Married-civ-spouse,Other-service,Husband,White,Male,0,0,42,United-States,28726
46,Private,10,Never-married,Exec-managerial,Not-in-family,Black,Male,0,0,40,United-States,28330
26,Private,9,Never-married,Sales,Not-in-family,Black,Male,0,0,40,United-States,50000
35,Private,13,Never-married,Other-service,Not-in-family,White,Male,0,0,38,United-States,26818
27,Private,11,Never-married,Sales,Not-in-family,White,Male,0,0,50,United-States,27628
26,Private,13,Never-married,Craft-repair,Other-relative,White,Male,0,0,40,United-States,27804
45,Private,13,Divorced,Other-service,Not-in-family,White,Male,0,0,45,United-States,50001
57,Local-gov,9,Married-civ-spouse,Transport-moving,Husband,White,Male,0,0,72,United-States,27016
30,Private,13,Married-civ-spouse,Adm-clerical,Husband,White,Male,0,0,40,United-States,78700
45,Private,7,Married-civ-spouse,Other-service,Wife,White,Female,0,0,32,United-States,29542
50,Private,4,Divorced,Craft-repair,Not-in-family,White,Female,0,0,30,United-States,24347
38,Private,13,Never-married,Adm-clerical,Own-child,White,Female,0,0,40,United-States,19565
43,Self-emp-not-inc,10,Married-civ-spouse,Craft-repair,Husband,White,Male,0,0,60,United-States,36456
42,Private,10,Widowed,Exec-managerial,Not-in-family,White,Female,0,0,55,United-States,39474
32,Private,13,Never-married,Prof-specialty,Own-child,White,Male,0,0,40,United-States,50000
20,Private,9,Never-married,Adm-clerical,Not-in-family,White,Female,0,0,40,United-States,40487
27,Private,9,Never-married,Other-service,Not-in-family,White,Female,0,0,35,United-States,16540
45,Private,7,Widowed,Adm-clerical,Unmarried,White,Female,0,0,40,United-States,15647
40,Private,9,Never-married,Machine-op-inspct,Not-in-family,White,Female,0,0,40,United-States,50000
38,Private,9,Divorced,Transport-moving,Not-in-family,White,Male,0,0,60,United-States,22108
37,Private,9,Divorced,Adm-clerical,Unmarried,White,Female,0,0,40,United-States,50000
60,Private,6,Divorced,Machine-op-inspct,Not-in-family,White,Female,0,0,40,United-States,35072
53,Self-emp-not-inc,9,Married-civ-spouse,Exec-managerial,Husband,Black,Male,0,0,45,United-States,70618
25,Private,13,Married-civ-spouse,Exec-managerial,Own-child,White,Female,0,0,40,United-States,44052
47,Self-emp-not-inc,13,Divorced,Exec-managerial,Not-in-family,Asian-Pac-Islander,Male,0,0,60,Japan,27025
40,Self-emp-not-inc,9,Never-married,Farming-fishing,Not-in-family,White,Male,0,0,70,United-States,22010
51,Self-emp-not-inc,9,Married-civ-spouse,Farming-fishing,Husband,White,Male,0,0,40,United-States,27375
19,Private,10,Never-married,Other-service,Own-child,White,Female,0,0,10,United-States,33132
42,Private,10,Married-civ-spouse,Prof-specialty,Wife,White,Female,0,0,50,United-States,50001
65,Private,9,Married-civ-spouse,Prof-specialty,Husband,White,Male,0,0,40,United-States,20080
41,Private,13,Divorced,Adm-clerical,Unmarried,White,Female,0,0,40,United-States,26148
28,Private,6,Never-married,Machine-op-inspct,Own-child,Black,Male,0,0,45,United-States,22636
24,Private,9,Never-married,Handlers-cleaners,Other-relative,Black,Male,0,0,40,United-States,29368
32,Private,7,Married-civ-spouse,Machine-op-inspct,Husband,White,Male,0,0,40,United-States,29652
29,Private,9,Married-spouse-absent,Protective-serv,Not-in-family,White,Male,0,0,40,United-States,31502
17,Private,6,Never-married,Protective-serv,Own-child,White,Female,0,0,20,United-States,42915
49,Private,9,Married-civ-spouse,Other-service,Wife,Black,Female,0,0,40,United-States,124715
31,Private,6,Married-civ-spouse,Machine-op-inspct,Husband,White,Male,0,0,40,United-States,24160
23,Private,7,Married-civ-spouse,Machine-op-inspct,Husband,White,Male,0,0,40,United-States,46733
17,Private,6,Never-married,Machine-op-inspct,Own-child,White,Male,0,0,30,United-States,50000
37,Private,9,Married-civ-spouse,Exec-managerial,Husband,White,Male,0,0,40,United-States,50000
29,Private,6,Never-married,Other-service,Own-child,White,Male,0,0,40,United-States,27367
39,Private,13,Married-civ-spouse,Exec-managerial,Husband,White,Male,0,0,50,United-States,50001
35,Local-gov,14,Married-civ-spouse,Prof-specialty,Wife,White,Female,0,0,35,United-States,50001
40,Private,12,Divorced,Adm-clerical,Unmarried,White,Female,0,0,40,United-States,36734
66,Private,3,Married-spouse-absent,Handlers-cleaners,Unmarried,White,Female,0,0,40,Puerto-Rico,17155
30,Federal-gov,5,Married-civ-spouse,Tech-support,Husband,White,Male,0,0,40,United-States,15124
43,Private,12,Divorced,Craft-repair,Not-in-family,White,Male,0,0,40,United-States,50000
47,Private,5,Never-married,Other-service,Unmarried,White,Female,0,0,50,United-States,50000
45,Private,14,Never-married,Adm-clerical,Not-in-family,Asian-Pac-Islander,Female,0,0,40,Philippines,50000
31,Private,10,Married-civ-spouse,Machine-op-inspct,Husband,Black,Male,0,0,40,Trinadad&Tobago,23349
32,Private,13,Never-married,Adm-clerical,Not-in-family,White,Male,0,0,40,United-States,32536
28,Private,12,Married-civ-spouse,Handlers-cleaners,Husband,Black,Male,0,0,40,United-States,20494
50,Federal-gov,9,Married-civ-spouse,Adm-clerical,Husband,White,Male,0,0,40,United-States,50001
63,Private,4,Divorced,Sales,Not-in-family,White,Female,0,0,40,United-States,19971
28,Private,13,Married-civ-spouse,Adm-clerical,Husband,White,Male,0,0,40,United-States,19881
38,Private,10,Widowed,Adm-clerical,Unmarried,Black,Female,0,0,40,United-States,28685
52,Private,9,Divorced,Other-service,Not-in-family,White,Female,0,0,38,United-States,50000
38,Self-emp-inc,15,Married-civ-spouse,Prof-specialty,Husband,Asian-Pac-Islander,Male,0,0,40,United-States,73801
50,State-gov,14,Never-married,Prof-specialty,Not-in-family,White,Male,0,0,38,United-States,50000
59,Private,7,Married-civ-spouse,Machine-op-inspct,Husband,White,Male,0,0,40,United-States,22711
32,Private,9,Married-civ-spouse,Sales,Husband,White,Male,0,0,49,United-States,26891
52,Self-emp-inc,9,Divorced,Exec-managerial,Unmarried,White,Male,0,0,38,United-States,25619
57,Private,9,Married-civ-spouse,Exec-managerial,Husband,White,Male,0,0,60,United-States,21247
51,Private,13,Married-civ-spouse,Transport-moving,Husband,White,Male,0,0,56,United-States,50001
22,Private,7,Widowed,Sales,Own-child,Black,Female,0,0,35,United-States,43874
49,Private,9,Married-civ-spouse,Sales,Husband,White,Male,0,0,40,United-States,62864
22,Private,9,Never-married,Handlers-cleaners,Own-child,Black,Male,0,0,40,United-States,28645
48,Private,9,Divorced,Craft-repair,Unmarried,White,Female,0,0,40,United-States,34721
52,Private,9,Married-civ-spouse,Craft-repair,Husband,White,Male,0,0,40,United-States,42272
43,State-gov,13,Married-civ-spouse,Adm-clerical,Husband,White,Male,0,0,50,United-States,119725
25,Private,4,Married-civ-spouse,Handlers-cleaners,Husband,White,Male,0,0,40,Mexico,43484
31,Private,4,Never-married,Craft-repair,Not-in-family,White,Male,0,0,40,United-States,50000
19,Private,10,Never-married,Sales,Own-child,White,Male,0,0,36,United-States,33601
19,Private,10,Never-married,Sales,Own-child,White,Male,0,0,45,United-States,15210
51,Private,9,Married-civ-spouse,Transport-moving,Husband,White,Male,0,0,84,United-States,50001
51,Private,13,Divorced,Exec-managerial,Unmarried,White,Male,0,0,40,United-States,61933
37,Local-gov,9,Divorced,Adm-clerical,Unmarried,Black,Female,0,0,35,United-States,23128
19,Private,10,Never-married,Sales,Own-child,White,Female,0,0,30,United-States,25842
45,Private,9,Divorced,Transport-moving,Unmarried,White,Female,0,0,55,United-States,46644
21,State-gov,10,Never-married,Other-service,Own-child,White,Male,0,0,10,United-States,32775
52,Private,9,Widowed,Sales,Not-in-family,White,Female,0,0,40,United-States,24045
46,Local-gov,10,Married-civ-spouse,Prof-specialty,Husband,White,Male,0,0,24,United-States,27490
42,State-gov,14,Divorced,Prof-specialty,Not-in-family,White,Female,0,0,38,United-States,50000
56,Private,9,Never-married,Craft-repair,Not-in-family,White,Male,0,0,40,United-States,26046
23,Private,9,Never-married,Adm-clerical,Not-in-family,White,Female,0,0,40,United-States,50000
58,Private,14,Married-civ-spouse,Sales,Husband,White,Male,0,0,40,United-States,15000
70,Private,9,Married-civ-spouse,Farming-fishing,Husband,White,Male,0,0,30,United-States,22364
30,Private,10,Divorced,Adm-clerical,Unmarried,White,Male,0,0,40,United-States,15000
45,Private,13,Married-civ-spouse,Adm-clerical,Husband,Asian-Pac-Islander,Male,0,0,40,Philippines,15000
23,Private,10,Never-married,Craft-repair,Not-in-family,White,Male,0,0,44,United-States,36776
38,Private,13,Married-civ-spouse,Craft-repair,Wife,White,Female,0,0,40,United-States,26897
24,Private,11,Married-civ-spouse,Craft-repair,Husband,White,Male,0,0,40,United-States,44429
53,Private,4,Never-married,Transport-moving,Not-in-family,Amer-Indian-Eskimo,Male,0,0,40,United-States,27212
21,Private,10,Never-married,Transport-moving,Own-child,White,Female,0,0,40,United-States,27551
21,Private,10,Never-married,Other-service,Own-child,White,Female,0,0,40,Puerto-Rico,36539
34,Private,13,Never-married,Prof-specialty,Not-in-family,White,Female,0,0,40,United-States,29221
21,Private,9,Married-civ-spouse,Handlers-cleaners,Husband,White,Male,0,0,40,United-States,26228
63,Private,14,Married-civ-spouse,Handlers-cleaners,Husband,White,Male,0,0,30,United-States,25198
23,Private,5,Never-married,Handlers-cleaners,Own-child,Black,Male,0,0,36,United-States,31431
28,Private,13,Divorced,Craft-repair,Unmarried,White,Male,0,0,50,United-States,26452
29,Self-emp-not-inc,9,Never-married,Transport-moving,Unmarried,Black,Male,0,0,45,United-States,15000
25,Local-gov,13,Never-married,Prof-specialty,Own-child,White,Female,0,0,40,United-States,50000
44,State-gov,14,Never-married,Prof-specialty,Not-in-family,White,Female,0,0,60,United-States,50000
18,Private,9,Never-married,Other-service,Own-child,White,Female,0,0,8,United-States,50000
26,Private,9,Never-married,Other-service,Own-child,White,Male,0,0,24,United-States,26255
47,Local-gov,12,Married-civ-spouse,Adm-clerical,Wife,White,Female,0,0,35,United-States,68672
23,Private,9,Divorced,Sales,Not-in-family,White,Male,0,0,40,United-States,16859
46,Private,10,Married-civ-spouse,Machine-op-inspct,Husband,White,Male,0,0,40,United-States,50000
25,Private,9,Never-married,Craft-repair,Other-relative,White,Male,0,0,40,United-States,50000
38,Local-gov,9,Married-civ-spouse,Protective-serv,Husband,Asian-Pac-Islander,Male,0,0,54,United-States,120792
60,Local-gov,13,Married-spouse-absent,Protective-serv,Unmarried,Black,Female,0,0,15,United-States,25833
23,Private,10,Never-married,Other-service,Not-in-family,White,Male,0,0,20,United-States,22358
36,Federal-gov,9,Divorced,Adm-clerical,Not-in-family,White,Female,0,0,48,United-States,38277
46,Private,5,Divorced,Other-service,Not-in-family,White,Male,0,0,25,United-States,21790
32,Self-emp-not-inc,13,Married-civ-spouse,Prof-specialty,Husband,White,Male,0,0,45,United-States,92107
40,Private,6,Married-civ-spouse,Transport-moving,Husband,White,Male,0,0,40,United-States,20130
31,Private,9,Never-married,Adm-clerical,Own-child,Black,Male,0,0,40,United-States,41064
31,Private,10,Married-civ-spouse,Exec-managerial,Husband,White,Male,0,0,65,United-States,108238
32,State-gov,13,Never-married,Adm-clerical,Not-in-family,White,Male,0,0,37,United-States,30797
21,Private,10,Never-married,Other-service,Own-child,White,Male,0,0,10,United-States,19420
63,Private,10,Married-civ-spouse,Sales,Husband,Black,Male,0,0,40,United-States,112386
44,Private,10,Separated,Exec-managerial,Not-in-family,White,Male,0,0,45,United-States,91952
42,Self-emp-not-inc,13,Married-civ-spouse,Sales,Husband,White,Male,0,0,60,United-States,32703
23,Self-emp-not-inc,13,Never-married,Sales,Own-child,White,Male,0,0,35,United-States,30625
30,Private,10,Divorced,Adm-clerical,Not-in-family,White,Female,0,0,45,United-States,27608
24,Private,9,Never-married,Other-service,Unmarried,White,Male,0,0,40,El-Salvador,50000
42,Private,13,Married-civ-spouse,Tech-support,Husband,White,Male,0,0,40,United-States,171295
44,Self-emp-not-inc,9,Married-civ-spouse,Prof-specialty,Wife,White,Female,0,0,40,Italy,50001
27,Federal-gov,13,Never-married,Exec-managerial,Not-in-family,Black,Male,0,0,48,United-States,26273
27,Local-gov,10,Never-married,Exec-managerial,Unmarried,White,Male,0,0,40,United-States,17436
22,Private,9,Never-married,Other-service,Not-in-family,White,Female,0,0,45,United-States,42236
68,Private,9,Never-married,Sales,Not-in-family,White,Female,0,0,40,United-States,27893
55,Self-emp-not-inc,10,Married-civ-spouse,Farming-fishing,Husband,White,Male,0,0,99,United-States,50001
22,Self-emp-not-inc,9,Never-married,Other-service,Own-child,White,Male,0,0,40,Greece,27520
25,Private,10,Married-civ-spouse,Exec-managerial,Wife,White,Female,0,0,15,United-States,23949
68,Self-emp-not-inc,9,Married-civ-spouse,Farming-fishing,Husband,White,Male,0,0,45,United-States,32385
62,Private,10,Widowed,Exec-managerial,Not-in-family,White,Female,0,0,16,United-States,21109
26,Private,9,Divorced,Other-service,Other-relative,White,Male,0,0,40,United-States,29199
34,Private,14,Married-civ-spouse,Prof-specialty,Husband,White,Male,0,0,55,United-States,65180
68,Private,10,Widowed,Sales,Not-in-family,White,Male,0,0,40,United-States,32951
42,Local-gov,13,Separated,Exec-managerial,Not-in-family,White,Male,0,0,45,United-States,101926
45,Private,13,Married-civ-spouse,Sales,Husband,White,Male,0,0,55,United-States,30183
26,Private,7,Never-married,Transport-moving,Not-in-family,White,Male,0,0,40,United-States,34582
25,Private,9,Married-civ-spouse,Machine-op-inspct,Husband,White,Male,0,0,45,United-States,22500
23,Private,13,Never-married,Prof-specialty,Own-child,White,Male,0,0,50,United-States,40112
65,Without-pay,4,Widowed,Farming-fishing,Unmarried,White,Female,0,0,50,United-States,50000
31,Private,9,Never-married,Transport-moving,Not-in-family,White,Male,0,0,50,United-States,20413
26,Private,9,Never-married,Adm-clerical,Not-in-family,White,Female,0,0,40,United-States,50000
39,Private,10,Married-civ-spouse,Craft-repair,Husband,White,Male,0,0,50,United-States,50001
44,Private,9,Married-civ-spouse,Machine-op-inspct,Husband,White,Male,0,0,40,United-States,61162
26,Self-emp-not-inc,14,Never-married,Prof-specialty,Not-in-family,White,Female,0,0,50,United-States,36182
26,Private,6,Married-civ-spouse,Transport-moving,Husband,White,Male,0,0,35,United-States,23971
36,Private,5,Married-civ-spouse,Transport-moving,Husband,White,Male,0,0,50,United-States,35098
38,Private,7,Married-civ-spouse,Craft-repair,Husband,White,Male,0,0,45,United-States,41764
39,Private,9,Never-married,Machine-op-inspct,Unmarried,White,Male,0,0,48,United-States,33101
52,Self-emp-inc,15,Married-civ-spouse,Exec-managerial,Husband,White,Male,0,0,40,United-States,50000
39,Private,2,Married-civ-spouse,Craft-repair,Husband,White,Male,0,0,45,Mexico,49493
41,Self-emp-not-inc,10,Divorced,Craft-repair,Not-in-family,White,Male,0,0,40,United-States,26557
47,Private,13,Married-civ-spouse,Sales,Husband,White,Male,0,0,70,United-States,18265
28,Local-gov,11,Married-civ-spouse,Protective-serv,Husband,Black,Male,0,0,46,United-States,15000
25,Local-gov,13,Never-married,Prof-specialty,Own-child,White,Male,0,0,35,United-States,34646
35,Private,13,Never-married,Adm-clerical,Not-in-family,White,Female,0,0,40,United-States,41356
32,Private,9,Separated,Adm-clerical,Unmarried,White,Female,0,0,40,United-States,31445
38,Private,14,Married-civ-spouse,Craft-repair,Husband,Black,Male,0,0,40,United-States,88245
44,Private,10,Married-civ-spouse,Tech-support,Husband,White,Male,0,0,18,United-States,94879
21,Private,10,Never-married,Tech-support,Own-child,White,Female,0,0,40,United-States,27432
27,Private,13,Never-married,Sales,Own-child,White,Female,0,0,40,United-States,32402
30,Private,13,Never-married,Exec-managerial,Not-in-family,White,Male,0,0,55,United-States,50001
20,Private,9,Never-married,Craft-repair,Own-child,White,Male,0,0,40,United-States,32909
57,Private,14,Never-married,Prof-specialty,Not-in-family,White,Male,0,0,80,United-States,21326
43,Private,10,Divorced,Adm-clerical,Not-in-family,White,Male,0,0,48,United-States,32655
50,Private,7,Married-civ-spouse,Adm-clerical,Own-child,Black,Female,0,0,40,United-States,46792
28,Private,4,Married-civ-spouse,Machine-op-inspct,Other-relative,Asian-Pac-Islander,Female,0,0,48,China,50000
25,Private,9,Married-civ-spouse,Tech-support,Other-relative,White,Female,0,0,48,United-States,61306
25,Private,9,Married-civ-spouse,Sales,Husband,White,Male,0,0,40,United-States,15734
90,Private,13,Married-civ-spouse,Exec-managerial,Husband,White,Male,0,0,45,United-States,21088
38,Local-gov,13,Separated,Prof-specialty,Unmarried,Black,Male,0,0,40,United-States,30619
35,Private,13,Married-spouse-absent,Exec-managerial,Unmarried,White,Female,0,0,40,United-States,26468
50,State-gov,13,Married-civ-spouse,Exec-managerial,Husband,White,Male,0,0,40,Canada,60181
26,Local-gov,9,Never-married,Adm-clerical,Not-in-family,White,Female,0,0,40,United-States,29943
39,Private,10,Married-civ-spouse,Farming-fishing,Husband,White,Male,0,0,45,United-States,25768
56,Private,6,Married-civ-spouse,Sales,Husband,White,Male,0,0,40,United-States,28595
24,Local-gov,9,Divorced,Protective-serv,Unmarried,Black,Female,0,0,40,United-States,50000
18,Local-gov,7,Never-married,Adm-clerical,Other-relative,White,Female,0,0,25,United-States,50000
57,Private,14,Divorced,Prof-specialty,Not-in-family,White,Female,0,0,40,United-States,49267
43,State-gov,9,Never-married,Adm-clerical,Unmarried,Black,Female,0,0,40,United-States,28053
29,State-gov,13,Married-civ-spouse,Prof-specialty,Husband,White,Male,0,0,25,Nicaragua,28102
40,Private,14,Married-civ-spouse,Exec-managerial,Husband,White,Male,0,0,40,United-States,69290
44,Self-emp-not-inc,13,Married-civ-spouse,Exec-managerial,Husband,White,Male,0,0,40,United-States,28283
77,Local-gov,9,Married-civ-spouse,Exec-managerial,Husband,White,Male,0,0,6,United-States,34647
30,Private,13,Never-married,Prof-specialty,Not-in-family,Black,Male,0,0,40,United-States,26075
21,Private,9,Married-civ-spouse,Machine-op-inspct,Husband,White,Male,0,0,40,United-States,20318
66,Private,6,Married-civ-spouse,Protective-serv,Husband,White,Male,0,0,40,United-States,15199
40,Private,7,Never-married,Transport-moving,Own-child,White,Male,0,0,35,United-States,50000
68,Private,9,Married-civ-spouse,Sales,Husband,White,Male,0,0,40,United-States,27055
64,Private,9,Widowed,Other-service,Not-in-family,White,Female,0,0,38,United-States,26180
26,Private,13,Never-married,Prof-specialty,Not-in-family,White,Female,0,0,50,United-States,50000
32,Private,10,Married-civ-spouse,Exec-managerial,Husband,White,Male,0,0,40,United-States,137489
32,Private,9,Never-married,Adm-clerical,Own-child,White,Male,0,0,38,United-States,43027
51,Local-gov,14,Married-civ-spouse,Prof-specialty,Husband,White,Male,0,0,40,United-States,74293
49,Private,13,Married-civ-spouse,Sales,Husband,White,Male,0,0,50,United-States,250000
28,Private,13,Never-married,Transport-moving,Unmarried,White,Male,0,0,20,United-States,36937
29,Private,9,Divorced,Other-service,Unmarried,White,Female,0,0,36,United-States,50000
21,Private,10,Never-married,Sales,Own-child,White,Male,0,0,30,United-States,32771
28,Private,9,Never-married,Adm-clerical,Unmarried,Black,Female,0,0,40,United-States,43066
55,Private,6,Married-civ-spouse,Craft-repair,Husband,White,Male,0,0,40,United-States,37394
45,Self-emp-not-inc,9,Married-civ-spouse,Sales,Husband,Asian-Pac-Islander,Male,0,0,50,South,110743
35,Private,10,Never-married,Sales,Not-in-family,White,Male,0,0,40,United-States,24744
31,Private,7,Separated,Sales,Not-in-family,Black,Male,0,0,40,United-States,21542
30,Private,9,Married-civ-spouse,Other-service,Husband,White,Male,0,0,55,Germany,44149
33,Private,9,Married-civ-spouse,Sales,Husband,White,Male,0,0,20,United-States,45289
23,Private,13,Never-married,Exec-managerial,Not-in-family,White,Male,0,0,40,United-States,41623
35,Private,10,Never-married,Sales,Not-in-family,White,Female,0,0,40,United-States,33641
48,Self-emp-not-inc,7,Married-civ-spouse,Farming-fishing,Husband,White,Male,0,0,50,United-States,109572
39,Local-gov,6,Divorced,Handlers-cleaners,Own-child,Black,Male,0,0,40,United-States,50000
53,Local-gov,15,Divorced,Prof-specialty,Not-in-family,White,Female,0,0,50,United-States,50000
49,Federal-gov,9,Married-civ-spouse,Adm-clerical,Husband,White,Male,0,0,40,United-States,52995
31,Private,13,Never-married,Exec-managerial,Not-in-family,Black,Female,0,0,40,United-States,50000
29,Private,9,Never-married,Machine-op-inspct,Not-in-family,White,Male,0,0,48,United-States,28528
54,Self-emp-inc,10,Married-civ-spouse,Sales,Husband,White,Male,0,0,45,United-States,71415
28,Self-emp-inc,12,Married-AF-spouse,Sales,Wife,White,Female,0,0,3,United-States,41498
34,Private,9,Married-civ-spouse,Craft-repair,Husband,White,Male,0,0,50,United-States,35039
30,Private,10,Never-married,Sales,Not-in-family,Black,Female,0,0,35,United-States,37491
19,Private,9,Never-married,Priv-house-serv,Not-in-family,White,Female,0,0,45,United-States,50000
26,Private,9,Never-married,Handlers-cleaners,Not-in-family,White,Male,0,0,40,United-States,50000
47,Private,10,Never-married,Sales,Not-in-family,White,Male,0,0,70,United-States,107356
50,Private,9,Divorced,Exec-managerial,Unmarried,White,Male,0,0,38,United-States,50000
30,Private,13,Never-married,Exec-managerial,Unmarried,White,Female,0,0,45,United-States,67050
44,Private,10,Divorced,Machine-op-inspct,Not-in-family,White,Male,0,0,50,United-States,49056
49,Private,9,Married-civ-spouse,Sales,Husband,White,Male,0,0,60,United-States,50001
75,Self-emp-not-inc,14,Married-spouse-absent,Prof-specialty,Not-in-family,White,Female,0,0,50,United-States,37704
37,Private,13,Married-civ-spouse,Sales,Husband,White,Male,0,0,55,United-States,197994
51,State-gov,9,Divorced,Craft-repair,Unmarried,White,Male,0,0,38,United-States,39166
35,Private,9,Never-married,Craft-repair,Unmarried,White,Male,0,0,35,United-States,15876
28,Private,10,Never-married,Sales,Other-relative,White,Female,0,0,40,United-States,22550
72,Private,5,Married-civ-spouse,Exec-managerial,Wife,Asian-Pac-Islander,Female,0,0,48,United-States,107164
39,Private,13,Separated,Sales,Not-in-family,White,Male,0,0,50,United-States,24976
27,Private,9,Never-married,Farming-fishing,Own-child,Black,Male,0,0,30,United-States,40638
57,Private,10,Never-married,Adm-clerical,Other-relative,Black,Female,0,0,40,Jamaica,22361
28,Private,9,Never-married,Craft-repair,Own-child,White,Male,0,0,70,United-States,50000
23,Private,10,Married-spouse-absent,Other-service,Not-in-family,White,Female,0,0,50,United-States,33276
23,Private,10,Never-married,Other-service,Own-child,White,Female,0,0,20,United-States,44731
31,Private,10,Never-married,Other-service,Not-in-family,White,Female,0,0,40,United-States,16957
27,Local-gov,13,Never-married,Prof-specialty,Not-in-family,White,Female,0,0,40,United-States,39367
31,Private,15,Never-married,Prof-specialty,Not-in-family,White,Female,0,0,80,United-States,27852
39,Private,14,Married-civ-spouse,Exec-managerial,Husband,White,Male,0,0,40,Cuba,62382
23,Private,7,Never-married,Craft-repair,Own-child,White,Male,0,0,40,United-States,36227
24,Local-gov,12,Married-civ-spouse,Other-service,Wife,White,Female,0,0,40,United-States,17487
36,Private,16,Never-married,Prof-specialty,Not-in-family,White,Male,0,0,40,England,17476
32,Private,10,Divorced,Other-service,Other-relative,White,Male,0,0,40,Nicaragua,25817
35,Private,12,Divorced,Other-service,Own-child,White,Female,0,0,40,United-States,50000
36,Private,13,Married-civ-spouse,Exec-managerial,Husband,White,Male,0,0,40,United-States,37873
23,Private,13,Never-married,Exec-managerial,Not-in-family,White,Female,0,0,50,United-States,36966
47,Private,11,Married-civ-spouse,Machine-op-inspct,Husband,White,Male,0,0,40,United-States,93439
35,Private,9,Never-married,Handlers-cleaners,Not-in-family,White,Male,0,0,40,United-States,39836
44,Federal-gov,10,Married-civ-spouse,Tech-support,Husband,White,Male,0,0,40,United-States,28352
32,State-gov,14,Married-civ-spouse,Prof-specialty,Husband,White,Male,0,0,50,United-States,36940
34,Private,11,Married-civ-spouse,Craft-repair,Husband,White,Male,0,0,40,United-States,24752
47,Private,9,Married-civ-spouse,Craft-repair,Husband,Black,Male,0,0,40,United-States,50000
27,Private,7,Married-civ-spouse,Sales,Own-child,Black,Male,0,0,35,United-States,26141
23,Private,9,Separated,Exec-managerial,Unmarried,White,Female,0,0,42,United-States,17815
19,Private,10,Never-married,Exec-managerial,Other-relative,Amer-Indian-Eskimo,Female,0,0,40,United-States,34354
50,Private,6,Married-civ-spouse,Craft-repair,Husband,White,Male,0,0,38,United-States,26976
49,State-gov,10,Married-civ-spouse,Prof-specialty,Husband,White,Male,0,0,40,United-States,27693
36,Private,10,Married-civ-spouse,Exec-managerial,Husband,White,Male,0,0,40,United-States,132556
23,Private,13,Never-married,Exec-managerial,Unmarried,White,Male,0,0,40,United-States,33938
61,Private,4,Widowed,Other-service,Unmarried,Black,Female,0,0,38,United-States,15000
41,Private,10,Married-civ-spouse,Farming-fishing,Husband,White,Male,0,0,16,United-States,42389
27,Self-emp-not-inc,13,Married-civ-spouse,Exec-managerial,Husband,White,Male,0,0,60,United-States,156283
53,Private,13,Divorced,Exec-managerial,Not-in-family,White,Male,0,0,70,United-States,50000
17,Self-emp-not-inc,6,Never-married,Adm-clerical,Own-child,White,Male,0,0,10,United-States,45834
23,Self-emp-not-inc,9,Never-married,Adm-clerical,Not-in-family,White,Male,0,0,30,United-States,19657
53,Private,10,Never-married,Craft-repair,Not-in-family,White,Male,0,0,40,United-States,34302
24,Private,13,Married-spouse-absent,Prof-specialty,Own-child,White,Female,0,0,40,United-States,34546
22,Private,10,Never-married,Adm-clerical,Not-in-family,White,Female,0,0,20,United-States,39481
53,Private,13,Married-civ-spouse,Sales,Husband,White,Male,0,0,50,United-States,107011
18,Private,7,Never-married,Other-service,Other-relative,Black,Male,0,0,20,United-States,37899
24,Private,10,Never-married,Sales,Unmarried,White,Male,0,0,50,Mexico,42645
20,Private,9,Never-married,Sales,Not-in-family,White,Female,0,0,40,United-States,21433
30,Local-gov,4,Married-civ-spouse,Transport-moving,Husband,White,Male,0,0,40,United-States,44078
34,Private,9,Married-civ-spouse,Transport-moving,Husband,White,Male,0,0,40,United-States,29463
19,Private,9,Never-married,Handlers-cleaners,Own-child,White,Male,0,0,30,United-States,40894
20,Private,8,Never-married,Adm-clerical,Own-child,White,Female,0,0,40,Mexico,20094
47,Private,9,Divorced,Other-service,Not-in-family,Asian-Pac-Islander,Female,0,0,40,United-States,32470
20,Private,10,Never-married,Other-service,Own-child,White,Male,0,0,32,United-States,28424
22,Private,13,Never-married,Prof-specialty,Own-child,White,Female,0,0,40,United-States,26234
60,Private,10,Divorced,Adm-clerical,Not-in-family,White,Female,0,0,40,United-States,45775
32,Private,9,Never-married,Priv-house-serv,Unmarried,White,Female,0,0,40,Mexico,45203
46,Private,9,Married-civ-spouse,Exec-managerial,Husband,White,Male,0,0,40,United-States,97178
66,Private,9,Widowed,Adm-clerical,Not-in-family,White,Female,0,0,40,United-States,20648
37,Private,13,Married-civ-spouse,Other-service,Wife,Asian-Pac-Islander,Female,0,0,30,United-States,93776
34,Private,10,Divorced,Exec-managerial,Own-child,White,Male,0,0,44,United-States,50000
45,Private,13,Never-married,Prof-specialty,Not-in-family,White,Male,0,0,46,United-States,26843
35,Private,7,Married-civ-spouse,Farming-fishing,Husband,White,Male,0,0,40,United-States,22085
63,Private,9,Married-civ-spouse,Farming-fishing,Husband,White,Male,0,0,40,United-States,41467
51,Local-gov,10,Married-civ-spouse,Exec-managerial,Husband,Black,Male,0,0,40,United-States,50001
36,Local-gov,10,Married-civ-spouse,Protective-serv,Husband,White,Male,0,0,40,United-States,68316
25,Federal-gov,9,Never-married,Adm-clerical,Own-child,Black,Male,0,0,40,United-States,50000
51,Private,9,Divorced,Other-service,Unmarried,White,Female,0,0,38,United-States,50000
25,Self-emp-not-inc,10,Never-married,Machine-op-inspct,Own-child,White,Male,0,0,40,United-States,26240
19,Private,9,Never-married,Farming-fishing,Own-child,White,Male,0,0,45,United-States,41277
47,Private,10,Married-civ-spouse,Exec-managerial,Husband,White,Male,0,0,45,United-States,50000
59,Local-gov,9,Separated,Protective-serv,Unmarried,Black,Female,0,0,40,United-States,41411
34,Private,13,Married-civ-spouse,Exec-managerial,Husband,White,Male,0,0,40,United-States,134268
40,Private,10,Separated,Exec-managerial,Unmarried,White,Female,0,0,60,United-States,34164
42,Private,9,Divorced,Machine-op-inspct,Not-in-family,White,Male,0,0,45,United-States,47417
28,Private,9,Married-civ-spouse,Machine-op-inspct,Wife,White,Female,0,0,17,Honduras,40702
37,Private,14,Married-civ-spouse,Exec-managerial,Husband,White,Male,0,0,60,United-States,69578
51,Self-emp-inc,12,Married-civ-spouse,Sales,Husband,White,Male,0,0,38,United-States,76631
25,Private,9,Never-married,Adm-clerical,Own-child,White,Male,0,0,36,United-States,35970
31,Federal-gov,9,Married-civ-spouse,Adm-clerical,Wife,White,Female,0,0,40,United-States,50001
37,Private,9,Married-civ-spouse,Other-service,Husband,White,Male,0,0,44,United-States,50001
42,Private,12,Married-civ-spouse,Sales,Husband,White,Male,0,0,45,United-States,50001
29,Private,13,Never-married,Sales,Not-in-family,White,Male,0,0,40,United-States,23725
35,Private,10,Divorced,Sales,Not-in-family,White,Male,0,0,50,United-States,29228
51,Private,13,Married-civ-spouse,Sales,Husband,White,Male,0,0,47,United-States,74503
22,Private,10,Never-married,Sales,Own-child,White,Male,0,0,36,United-States,35599
26,Private,13,Never-married,Prof-specialty,Not-in-family,Asian-Pac-Islander,Male,0,0,16,Japan,37381
56,Local-gov,9,Divorced,Adm-clerical,Not-in-family,White,Female,0,0,46,United-States,50000
52,Private,10,Married-civ-spouse,Prof-specialty,Husband,White,Male,0,0,45,United-States,67946
61,Self-emp-not-inc,14,Married-civ-spouse,Craft-repair,Husband,White,Male,0,0,4,United-States,40505
47,State-gov,13,Divorced,Exec-managerial,Not-in-family,White,Female,0,0,40,United-States,149127
52,Private,11,Married-civ-spouse,Craft-repair,Husband,White,Male,0,0,40,United-States,42408
30,Private,9,Divorced,Craft-repair,Unmarried,White,Female,0,0,40,United-States,41986
35,Private,10,Married-civ-spouse,Transport-moving,Husband,Asian-Pac-Islander,Male,0,0,40,United-States,32287
17,Private,8,Never-married,Transport-moving,Own-child,White,Male,0,0,40,United-States,48125
26,Private,10,Married-spouse-absent,Craft-repair,Other-relative,Black,Female,0,0,35,Dominican-Republic,37514
58,Local-gov,9,Married-civ-spouse,Farming-fishing,Husband,White,Male,0,0,40,United-States,34731
30,Private,9,Married-civ-spouse,Protective-serv,Husband,White,Male,0,0,60,United-States,77043
46,Private,10,Separated,Adm-clerical,Unmarried,White,Female,0,0,40,United-States,27747
57,Private,9,Never-married,Sales,Unmarried,White,Female,0,0,40,United-States,50000
25,Private,13,Never-married,Exec-managerial,Own-child,White,Male,0,0,40,United-States,50000
21,State-gov,10,Never-married,Tech-support,Own-child,White,Female,0,0,10,United-States,50000
45,Local-gov,14,Divorced,Prof-specialty,Not-in-family,White,Female,0,0,30,United-States,15000
61,Local-gov,16,Widowed,Prof-specialty,Not-in-family,White,Female,0,0,5,United-States,15000
39,Private,9,Never-married,Craft-repair,Own-child,White,Male,0,0,40,United-States,28476
42,Private,9,Married-civ-spouse,Adm-clerical,Wife,White,Female,0,0,53,United-States,21011
20,Private,9,Never-married,Machine-op-inspct,Own-child,White,Female,0,0,40,United-States,40909
23,Private,9,Never-married,Protective-serv,Own-child,Black,Male,0,0,16,United-States,47337
25,Private,13,Never-married,Tech-support,Own-child,White,Male,0,0,40,United-States,37566
47,Private,3,Never-married,Priv-house-serv,Own-child,White,Female,0,0,40,El-Salvador,41069
24,Private,9,Never-married,Sales,Own-child,White,Male,0,0,45,United-States,50000
20,Private,10,Never-married,Sales,Own-child,Asian-Pac-Islander,Female,0,0,15,United-States,44844
35,Private,9,Never-married,Craft-repair,Not-in-family,White,Male,0,0,70,United-States,37566
44,Local-gov,9,Married-civ-spouse,Other-service,Wife,Black,Female,0,0,38,Jamaica,100609
47,State-gov,10,Married-civ-spouse,Prof-specialty,Husband,White,Male,0,0,50,United-States,49576
28,State-gov,7,Separated,Adm-clerical,Unmarried,Asian-Pac-Islander,Female,0,0,40,India,50000
41,Local-gov,14,Divorced,Prof-specialty,Unmarried,White,Female,0,0,60,United-States,21234
31,Private,9,Never-married,Adm-clerical,Not-in-family,White,Female,0,0,40,United-States,25783
27,Private,14,Never-married,Exec-managerial,Not-in-family,White,Female,0,0,25,United-States,21771
44,Private,9,Never-married,Sales,Not-in-family,Asian-Pac-Islander,Female,0,0,40,United-States,28850
61,Private,10,Never-married,Priv-house-serv,Not-in-family,White,Female,0,0,40,United-States,28043
42,Federal-gov,10,Divorced,Adm-clerical,Other-relative,White,Female,0,0,40,Puerto-Rico,27708
46,Private,9,Never-married,Other-service,Not-in-family,White,Female,0,0,28,United-States,40087
46,Private,13,Married-civ-spouse,Exec-managerial,Husband,White,Male,0,0,50,United-States,160238
54,Local-gov,14,Widowed,Prof-specialty,Unmarried,White,Female,0,0,38,United-States,36613
49,Private,9,Widowed,Tech-support,Unmarried,White,Male,0,0,40,United-States,50000
56,Local-gov,10,Widowed,Adm-clerical,Unmarried,White,Female,0,0,40,United-States,32931
52,Private,14,Divorced,Prof-specialty,Own-child,White,Female,0,0,40,United-States,35888
34,Private,9,Married-civ-spouse,Transport-moving,Husband,White,Male,0,0,40,Puerto-Rico,31121
25,Self-emp-not-inc,9,Married-civ-spouse,Craft-repair,Husband,White,Male,0,0,40,United-States,31133
18,Private,7,Never-married,Prof-specialty,Own-child,White,Female,0,0,40,United-States,22857
58,Private,9,Married-civ-spouse,Machine-op-inspct,Husband,White,Male,0,0,40,United-States,41628
31,State-gov,13,Divorced,Prof-specialty,Not-in-family,White,Male,0,0,40,United-States,22908
29,Private,10,Married-civ-spouse,Craft-repair,Husband,White,Male,0,0,55,United-States,50000
28,Private,7,Never-married,Machine-op-inspct,Not-in-family,Black,Male,0,0,40,United-States,38772
30,Private,10,Never-married,Adm-clerical,Not-in-family,White,Male,0,0,48,United-States,32413
21,Private,10,Never-married,Adm-clerical,Own-child,White,Male,0,0,30,United-States,30882
75,Private,6,Widowed,Priv-house-serv,Not-in-family,White,Female,0,0,70,United-States,50000
66,Private,7,Married-civ-spouse,Priv-house-serv,Husband,White,Male,0,0,40,United-States,29650
26,Private,10,Married-civ-spouse,Craft-repair,Husband,Black,Male,0,0,40,United-States,39102
33,Self-emp-inc,13,Married-civ-spouse,Sales,Husband,White,Male,0,0,50,United-States,50001
47,Self-emp-not-inc,3,Married-civ-spouse,Sales,Husband,White,Male,0,0,55,Italy,50001
21,Private,10,Never-married,Other-service,Not-in-family,White,Female,0,0,37,United-States,25657
17,Private,7,Never-married,Craft-repair,Own-child,White,Male,0,0,17,United-States,36224
61,Private,13,Married-civ-spouse,Craft-repair,Husband,White,Male,0,0,55,United-States,50000
47,Private,9,Married-civ-spouse,Craft-repair,Wife,White,Female,0,0,8,United-States,127237
22,Private,10,Never-married,Other-service,Own-child,Black,Female,0,0,15,United-States,19333
47,Private,9,Married-civ-spouse,Sales,Husband,White,Male,0,0,40,United-States,31579
45,Private,13,Married-civ-spouse,Exec-managerial,Husband,White,Male,0,0,40,United-States,50001
32,Self-emp-not-inc,11,Divorced,Sales,Unmarried,White,Male,0,0,50,United-States,44147
59,Private,6,Separated,Priv-house-serv,Not-in-family,Black,Female,0,0,30,United-States,28499
38,Private,9,Married-civ-spouse,Craft-repair,Husband,White,Male,0,0,50,United-States,25765
33,Private,9,Separated,Protective-serv,Own-child,White,Female,0,0,40,United-States,37409
41,Private,9,Married-civ-spouse,Machine-op-inspct,Husband,White,Male,0,0,40,United-States,35441
51,Private,5,Married-civ-spouse,Transport-moving,Husband,White,Male,0,0,40,United-States,50000
42,Private,9,Married-civ-spouse,Sales,Husband,White,Male,0,0,48,United-States,22020
27,Private,13,Married-civ-spouse,Prof-specialty,Wife,White,Female,0,0,40,United-States,145958
60,Private,10,Married-civ-spouse,Craft-repair,Husband,White,Male,0,0,45,United-States,41432
64,Local-gov,9,Divorced,Adm-clerical,Not-in-family,White,Female,0,0,35,United-States,29292
37,Private,12,Married-civ-spouse,Machine-op-inspct,Husband,White,Male,0,0,40,United-States,126751
54,Self-emp-not-inc,13,Married-civ-spouse,Exec-managerial,Husband,White,Male,0,0,45,United-States,155156
36,Private,12,Married-civ-spouse,Exec-managerial,Wife,White,Female,0,0,50,United-States,50001
34,Private,13,Married-civ-spouse,Prof-specialty,Husband,White,Male,0,0,40,United-States,111578
41,Self-emp-not-inc,14,Divorced,Sales,Unmarried,White,Male,0,0,5,United-States,50001
35,Self-emp-not-inc,4,Married-civ-spouse,Farming-fishing,Husband,White,Male,0,0,75,United-States,29120
63,Self-emp-inc,14,Married-civ-spouse,Sales,Husband,White,Male,0,0,68,United-States,160851
46,Private,9,Divorced,Craft-repair,Other-relative,White,Male,0,0,40,United-States,20868
47,Self-emp-not-inc,14,Divorced,Prof-specialty,Not-in-family,White,Male,0,0,40,United-States,33460
24,Private,13,Never-married,Machine-op-inspct,Not-in-family,White,Male,0,0,65,United-States,50000
29,Private,10,Never-married,Sales,Not-in-family,White,Male,0,0,30,United-States,34044
74,Federal-gov,10,Widowed,Transport-moving,Not-in-family,White,Female,0,0,18,United-States,17944
50,Private,7,Married-civ-spouse,Transport-moving,Husband,White,Male,0,0,70,United-States,50001
22,Private,10,Never-married,Adm-clerical,Not-in-family,White,Female,0,0,40,United-States,41858
48,Private,8,Separated,Adm-clerical,Own-child,Black,Female,0,0,40,United-States,19706
30,Private,5,Married-civ-spouse,Handlers-cleaners,Other-relative,White,Male,0,0,40,Mexico,34284
32,Private,13,Married-civ-spouse,Sales,Husband,White,Male,0,0,40,United-States,50000
39,Private,9,Married-civ-spouse,Machine-op-inspct,Husband,White,Male,0,0,40,United-States,36424
49,Private,10,Married-civ-spouse,Craft-repair,Husband,White,Male,0,0,40,United-States,114533
25,Private,13,Never-married,Adm-clerical,Own-child,White,Female,0,0,40,United-States,50000
50,Private,13,Married-civ-spouse,Adm-clerical,Wife,White,Female,0,0,40,United-States,55387
44,Private,9,Married-civ-spouse,Transport-moving,Husband,White,Male,0,0,40,United-States,21052
28,Federal-gov,12,Married-civ-spouse,Adm-clerical,Husband,White,Male,0,0,60,United-States,34925
55,Private,13,Widowed,Adm-clerical,Unmarried,White,Female,0,0,40,United-States,46067
49,Local-gov,13,Never-married,Prof-specialty,Own-child,White,Female,0,0,50,United-States,30176
31,Private,9,Separated,Exec-managerial,Unmarried,White,Female,0,0,12,United-States,45947
47,Private,9,Married-civ-spouse,Machine-op-inspct,Wife,Black,Female,0,0,40,United-States,50001
45,Private,9,Married-civ-spouse,Transport-moving,Husband,White,Male,0,0,40,United-States,50001
35,Private,9,Never-married,Other-service,Not-in-family,Black,Female,0,0,40,United-States,50000
34,Self-emp-not-inc,13,Married-civ-spouse,Sales,Husband,Asian-Pac-Islander,Male,0,0,60,South,24235
49,Local-gov,9,Widowed,Protective-serv,Not-in-family,Black,Male,0,0,40,United-States,35423
39,Local-gov,10,Divorced,Protective-serv,Not-in-family,White,Female,0,0,35,United-States,15590
27,Private,9,Never-married,Other-service,Not-in-family,White,Female,0,0,42,United-States,15000
42,Private,9,Married-civ-spouse,Handlers-cleaners,Husband,White,Male,0,0,40,United-States,40001
60,Private,3,Married-civ-spouse,Handlers-cleaners,Husband,White,Male,0,0,30,United-States,147836
33,Private,10,Married-civ-spouse,Sales,Husband,White,Male,0,0,48,United-States,53100
23,Private,10,Never-married,Adm-clerical,Not-in-family,White,Female,0,0,40,United-States,50000
45,Private,14,Married-civ-spouse,Exec-managerial,Husband,White,Male,0,0,50,United-States,135086
34,Private,9,Never-married,Machine-op-inspct,Unmarried,Black,Female,0,0,40,United-States,21642
53,Private,9,Divorced,Sales,Not-in-family,White,Female,0,0,37,Mexico,24659
22,Private,6,Never-married,Craft-repair,Not-in-family,White,Male,0,0,30,United-States,40621
57,State-gov,9,Separated,Other-service,Not-in-family,White,Female,0,0,35,United-States,18260
20,State-gov,10,Never-married,Other-service,Own-child,White,Female,0,0,8,United-States,31564
23,Private,4,Never-married,Craft-repair,Own-child,Black,Male,0,0,40,United-States,41107
31,Private,7,Never-married,Transport-moving,Unmarried,White,Male,0,0,40,United-States,23373
23,State-gov,13,Never-married,Tech-support,Not-in-family,White,Male,0,0,22,United-States,18098
30,Private,9,Separated,Adm-clerical,Unmarried,White,Female,0,0,40,United-States,23615
32,Local-gov,13,Separated,Prof-specialty,Not-in-family,White,Female,0,0,50,United-States,83857
42,Private,12,Married-civ-spouse,Adm-clerical,Wife,Black,Female,0,0,40,United-States,64936
51,Private,4,Married-civ-spouse,Transport-moving,Husband,White,Male,0,0,40,Cuba,17508
36,Private,13,Never-married,Exec-managerial,Own-child,White,Female,0,0,40,United-States,16873
45,Private,9,Never-married,Sales,Not-in-family,Black,Male,0,0,40,United-States,50000
35,Private,11,Married-civ-spouse,Sales,Husband,White,Male,0,0,50,Germany,50048
33,Private,4,Married-civ-spouse,Machine-op-inspct,Husband,White,Male,0,0,40,United-States,43093
43,Private,11,Divorced,Prof-specialty,Unmarried,White,Female,0,0,40,United-States,19436
60,Private,9,Married-civ-spouse,Tech-support,Wife,White,Female,0,0,40,United-States,96260
37,State-gov,13,Married-civ-spouse,Prof-specialty,Husband,White,Male,0,0,55,United-States,80562
35,Private,10,Never-married,Tech-support,Unmarried,White,Female,0,0,40,United-States,33530
36,Private,10,Married-civ-spouse,Adm-clerical,Husband,White,Male,0,0,52,United-States,15000
54,Private,4,Married-civ-spouse,Craft-repair,Husband,White,Male,0,0,40,United-States,26748
51,Private,11,Married-civ-spouse,Handlers-cleaners,Husband,White,Male,0,0,40,United-States,58518
45,Private,12,Married-civ-spouse,Craft-repair,Husband,White,Male,0,0,45,United-States,128087
63,Federal-gov,10,Divorced,Exec-managerial,Unmarried,White,Female,0,0,40,United-States,50000
51,Private,10,Married-civ-spouse,Craft-repair,Husband,White,Male,0,0,40,United-States,66607
58,Self-emp-not-inc,14,Divorced,Sales,Not-in-family,White,Male,0,0,18,United-States,19869
64,Local-gov,9,Divorced,Adm-clerical,Not-in-family,White,Female,0,0,40,United-States,43255
20,Private,10,Never-married,Handlers-cleaners,Own-child,White,Male,0,0,40,United-States,46610
44,Federal-gov,13,Married-civ-spouse,Adm-clerical,Husband,Asian-Pac-Islander,Male,0,0,40,Philippines,65491
39,Private,13,Divorced,Exec-managerial,Unmarried,White,Female,0,0,48,United-States,31900
45,State-gov,10,Never-married,Adm-clerical,Unmarried,White,Female,0,0,40,United-States,35543
44,Private,16,Married-civ-spouse,Adm-clerical,Husband,White,Male,0,0,55,United-States,52612
22,Federal-gov,10,Never-married,Exec-managerial,Not-in-family,White,Female,0,0,40,United-States,32390
63,Self-emp-inc,9,Married-civ-spouse,Exec-managerial,Husband,White,Male,0,0,40,United-States,50001
26,Private,11,Separated,Other-service,Not-in-family,Black,Male,0,0,40,United-States,35364
42,Self-emp-not-inc,13,Married-civ-spouse,Farming-fishing,Husband,White,Male,0,0,45,United-States,29358
20,Private,9,Never-married,Other-service,Own-child,White,Female,0,0,25,United-States,18785
25,Private,9,Never-married,Transport-moving,Own-child,White,Male,0,0,40,United-States,29057
27,Private,13,Married-civ-spouse,Craft-repair,Other-relative,White,Male,0,0,50,United-States,21765
46,Private,11,Divorced,Adm-clerical,Not-in-family,White,Female,0,0,40,United-States,37694
31,Private,10,Divorced,Craft-repair,Not-in-family,White,Male,0,0,60,United-States,17288
24,Private,11,Never-married,Exec-managerial,Own-child,White,Male,0,0,35,United-States,21054
43,Private,10,Married-civ-spouse,Sales,Husband,White,Male,0,0,50,United-States,88306
23,Private,8,Never-married,Machine-op-inspct,Own-child,White,Male,0,0,21,Mexico,33442
32,Local-gov,9,Never-married,Transport-moving,Unmarried,Black,Female,0,0,37,United-States,21752
44,Private,9,Married-civ-spouse,Craft-repair,Husband,White,Male,0,0,40,Poland,17027
40,Self-emp-not-inc,13,Married-civ-spouse,Sales,Husband,White,Male,0,0,40,United-States,50000
38,Private,9,Divorced,Craft-repair,Unmarried,White,Male,0,0,40,United-States,15274
23,Private,11,Never-married,Machine-op-inspct,Not-in-family,White,Male,0,0,40,United-States,46785
41,Private,10,Married-civ-spouse,Sales,Husband,White,Male,0,0,40,United-States,47298
48,Private,9,Married-civ-spouse,Craft-repair,Husband,White,Male,0,0,40,United-States,36469
47,Private,12,Widowed,Other-service,Own-child,White,Female,0,0,35,United-States,36440
42,Private,9,Married-civ-spouse,Craft-repair,Husband,White,Male,0,0,40,United-States,30653
17,Private,6,Never-married,Sales,Other-relative,White,Female,0,0,10,United-States,40118
29,Local-gov,15,Never-married,Prof-specialty,Not-in-family,White,Female,0,0,70,United-States,50000
21,State-gov,10,Never-married,Prof-specialty,Not-in-family,White,Female,0,0,20,United-States,46501
18,State-gov,7,Never-married,Prof-specialty,Own-child,White,Male,0,0,27,United-States,39939
31,Private,9,Married-civ-spouse,Other-service,Husband,White,Male,0,0,40,Mexico,50001
27,Local-gov,13,Never-married,Prof-specialty,Unmarried,White,Female,0,0,40,United-States,40389
29,Private,16,Never-married,Prof-specialty,Not-in-family,White,Male,0,0,40,Canada,50000
23,Private,13,Never-married,Sales,Not-in-family,White,Female,0,0,45,United-States,32740
41,Private,14,Married-civ-spouse,Prof-specialty,Husband,Asian-Pac-Islander,Male,0,0,55,Taiwan,86919
46,Local-gov,13,Married-civ-spouse,Prof-specialty,Husband,White,Male,0,0,35,United-States,58546
34,Private,10,Married-civ-spouse,Protective-serv,Other-relative,Black,Female,0,0,25,Haiti,30440
42,Self-emp-not-inc,9,Married-civ-spouse,Craft-repair,Husband,White,Male,0,0,24,United-States,26647
46,Private,9,Divorced,Craft-repair,Not-in-family,White,Male,0,0,37,United-States,15000
18,Private,7,Never-married,Craft-repair,Own-child,White,Male,0,0,15,United-States,25337
52,Private,10,Married-civ-spouse,Craft-repair,Husband,White,Male,0,0,40,United-States,50001
56,Private,9,Divorced,Craft-repair,Unmarried,White,Female,0,0,40,United-States,39310
21,Private,11,Never-married,Machine-op-inspct,Own-child,White,Male,0,0,40,United-States,27504
22,Self-emp-not-inc,9,Never-married,Craft-repair,Other-relative,White,Male,0,0,20,United-States,19866
31,Private,13,Divorced,Adm-clerical,Unmarried,White,Female,0,0,45,United-States,17424
41,Self-emp-not-inc,9,Married-civ-spouse,Other-service,Husband,White,Male,0,0,60,United-States,18691
25,Private,10,Separated,Adm-clerical,Unmarried,White,Female,0,0,40,United-States,29966
43,Self-emp-not-inc,13,Divorced,Exec-managerial,Not-in-family,White,Male,0,0,60,United-States,35180
45,Private,9,Separated,Sales,Not-in-family,White,Female,0,0,40,United-States,50000
26,Private,10,Divorced,Tech-support,Not-in-family,White,Male,0,0,60,United-States,35851
90,Private,10,Never-married,Other-service,Not-in-family,Asian-Pac-Islander,Male,0,0,35,United-States,31167
30,Private,13,Married-civ-spouse,Other-service,Wife,White,Female,0,0,40,United-States,50001
42,Private,10,Married-civ-spouse,Craft-repair,Husband,White,Male,0,0,40,United-States,31086
20,Private,10,Never-married,Handlers-cleaners,Own-child,White,Male,0,0,35,United-States,25761
64,State-gov,9,Widowed,Adm-clerical,Not-in-family,White,Female,0,0,38,United-States,36896
56,Private,4,Widowed,Transport-moving,Not-in-family,White,Male,0,0,20,United-States,24741
42,Private,10,Married-spouse-absent,Prof-specialty,Not-in-family,White,Male,0,0,40,United-States,94306
26,Private,13,Married-civ-spouse,Sales,Wife,White,Female,0,0,40,United-States,57895
31,Local-gov,12,Never-married,Adm-clerical,Own-child,Amer-Indian-Eskimo,Female,0,0,40,United-States,44851
40,Private,13,Married-civ-spouse,Adm-clerical,Wife,White,Female,0,0,40,United-States,39837
58,Private,10,Widowed,Craft-repair,Not-in-family,White,Male,0,0,40,United-States,37830
41,Private,13,Married-civ-spouse,Exec-managerial,Husband,White,Male,0,0,40,United-States,31781
58,Self-emp-inc,9,Never-married,Sales,Not-in-family,White,Male,0,0,47,United-States,30972
62,State-gov,14,Married-civ-spouse,Prof-specialty,Husband,White,Male,0,0,60,United-States,67326
40,Private,10,Never-married,Craft-repair,Not-in-family,White,Male,0,0,40,United-States,19680
45,Local-gov,10,Married-civ-spouse,Protective-serv,Husband,White,Male,0,0,40,United-States,109804
22,Private,9,Never-married,Craft-repair,Own-child,White,Male,0,0,55,United-States,50000
23,Private,10,Never-married,Craft-repair,Own-child,Asian-Pac-Islander,Male,0,0,20,China,30662
63,Federal-gov,14,Married-civ-spouse,Exec-managerial,Husband,White,Male,0,0,50,United-States,171679
37,Private,10,Widowed,Craft-repair,Unmarried,White,Male,0,0,40,United-States,41920
25,Private,13,Married-spouse-absent,Craft-repair,Not-in-family,White,Male,0,0,40,Canada,50000
56,Private,7,Married-civ-spouse,Farming-fishing,Husband,White,Male,0,0,50,United-States,25627
32,Private,10,Divorced,Sales,Not-in-family,White,Male,0,0,50,United-States,35181
32,Private,11,Divorced,Prof-specialty,Not-in-family,White,Male,0,0,40,United-States,15000
35,Private,7,Separated,Transport-moving,Not-in-family,White,Male,0,0,90,United-States,41237
19,Private,10,Never-married,Adm-clerical,Own-child,White,Female,0,0,20,United-States,28907
41,Private,7,Married-spouse-absent,Machine-op-inspct,Not-in-family,White,Male,0,0,40,Guatemala,36697
22,Private,6,Never-married,Transport-moving,Own-child,White,Male,0,0,25,United-States,25929
23,Private,9,Never-married,Tech-support,Own-child,White,Female,0,0,40,United-States,50000
36,Private,14,Married-civ-spouse,Exec-managerial,Husband,Asian-Pac-Islander,Male,0,0,40,Taiwan,119471
27,Private,10,Divorced,Exec-managerial,Not-in-family,White,Female,0,0,25,United-States,32222
45,Private,11,Married-civ-spouse,Craft-repair,Husband,White,Male,0,0,40,Canada,27759
23,Self-emp-not-inc,9,Never-married,Farming-fishing,Not-in-family,White,Male,0,0,25,Mexico,18745
21,Private,7,Never-married,Other-service,Unmarried,Black,Female,0,0,40,United-States,28773
29,Private,13,Married-civ-spouse,Sales,Husband,White,Male,0,0,40,United-States,111349
36,Self-emp-not-inc,11,Married-civ-spouse,Tech-support,Husband,White,Male,0,0,60,United-States,38867
62,Self-emp-not-inc,8,Married-civ-spouse,Craft-repair,Husband,White,Male,0,0,40,United-States,50001
25,Federal-gov,10,Never-married,Exec-managerial,Not-in-family,Black,Male,0,0,40,United-States,27277
34,Private,12,Divorced,Exec-managerial,Not-in-family,White,Female,0,0,45,United-States,22591
33,Private,13,Married-civ-spouse,Farming-fishing,Husband,White,Male,0,0,40,England,25991
22,Private,10,Never-married,Farming-fishing,Own-child,White,Female,0,0,30,United-States,20318
28,Private,12,Married-civ-spouse,Sales,Husband,White,Male,0,0,30,United-States,29914
22,Private,10,Separated,Sales,Own-child,White,Male,0,0,25,United-States,50000
47,Private,9,Married-civ-spouse,Other-service,Husband,White,Male,0,0,40,United-States,50001
20,Private,6,Never-married,Other-service,Own-child,White,Male,0,0,40,United-States,30389
34,Private,13,Married-civ-spouse,Exec-managerial,Husband,White,Male,0,0,70,United-States,44876
28,Private,9,Never-married,Handlers-cleaners,Own-child,White,Male,0,0,40,United-States,50000
22,Private,9,Never-married,Transport-moving,Own-child,Black,Male,0,0,40,United-States,26996
47,Private,10,Separated,Other-service,Not-in-family,Black,Female,0,0,35,United-States,49199
33,Private,11,Never-married,Adm-clerical,Not-in-family,White,Male,0,0,45,United-States,32400
25,Private,9,Never-married,Craft-repair,Own-child,White,Male,0,0,40,United-States,23912
36,State-gov,9,Married-civ-spouse,Protective-serv,Husband,White,Male,0,0,40,United-States,27515
61,Local-gov,13,Separated,Prof-specialty,Not-in-family,White,Male,0,0,30,United-States,15000
57,Private,10,Married-civ-spouse,Craft-repair,Husband,White,Male,0,0,40,Poland,21547
55,Private,16,Never-married,Prof-specialty,Not-in-family,White,Male,0,0,40,England,31581
20,Private,9,Divorced,Sales,Not-in-family,Black,Female,0,0,40,United-States,15000
43,Private,9,Never-married,Sales,Not-in-family,Black,Female,0,0,44,United-States,22997
54,Private,9,Married-civ-spouse,Machine-op-inspct,Husband,White,Male,0,0,40,England,103086
25,Private,10,Separated,Adm-clerical,Unmarried,White,Female,0,0,40,United-States,47434
23,Private,10,Never-married,Adm-clerical,Not-in-family,White,Female,0,0,35,United-States,27649
17,Private,7,Never-married,Craft-repair,Own-child,White,Male,0,0,10,United-States,19787
63,Private,4,Married-spouse-absent,Other-service,Unmarried,Amer-Indian-Eskimo,Female,0,0,40,United-States,15000
19,Private,10,Never-married,Exec-managerial,Own-child,White,Female,0,0,30,United-States,37274
33,Self-emp-not-inc,13,Married-civ-spouse,Sales,Husband,White,Male,0,0,45,United-States,95939
37,Private,13,Married-civ-spouse,Farming-fishing,Husband,White,Male,0,0,50,United-States,26408
27,Private,4,Married-civ-spouse,Transport-moving,Husband,White,Male,0,0,45,United-States,15747
36,Local-gov,13,Married-civ-spouse,Adm-clerical,Husband,White,Male,0,0,40,United-States,45476
30,Self-emp-inc,9,Married-civ-spouse,Exec-managerial,Husband,White,Male,0,0,65,Canada,53976
22,Private,13,Never-married,Prof-specialty,Not-in-family,White,Male,0,0,55,United-States,33364
20,Private,9,Never-married,Handlers-cleaners,Not-in-family,White,Male,0,0,45,United-States,43362
18,Private,10,Never-married,Sales,Own-child,White,Female,0,0,40,United-States,28512
21,Private,10,Never-married,Sales,Own-child,White,Female,0,0,40,United-States,41904
19,Private,9,Never-married,Sales,Own-child,White,Female,0,0,35,United-States,23442
34,Private,9,Divorced,Machine-op-inspct,Not-in-family,White,Male,0,0,30,United-States,42904
32,State-gov,10,Never-married,Adm-clerical,Not-in-family,Black,Female,0,0,40,United-States,44745
20,Private,10,Never-married,Machine-op-inspct,Own-child,Amer-Indian-Eskimo,Male,0,0,40,United-States,46619
70,Private,4,Married-civ-spouse,Other-service,Husband,White,Male,0,0,25,United-States,38285
57,Private,13,Married-civ-spouse,Exec-managerial,Husband,White,Male,0,0,40,United-States,80315
34,Private,11,Married-civ-spouse,Machine-op-inspct,Husband,White,Male,0,0,40,United-States,50000
48,Private,10,Married-civ-spouse,Exec-managerial,Husband,White,Male,0,0,40,United-States,98206
42,Private,7,Married-civ-spouse,Other-service,Wife,White,Female,0,0,40,United-States,36865
27,Private,10,Never-married,Other-service,Own-child,White,Male,0,0,40,United-States,18315
51,Private,6,Married-civ-spouse,Other-service,Husband,White,Male,0,0,40,Mexico,37588
36,Local-gov,10,Divorced,Adm-clerical,Unmarried,White,Female,0,0,65,United-States,23105
33,Private,10,Never-married,Exec-managerial,Own-child,Asian-Pac-Islander,Male,0,0,40,Philippines,34345
50,Private,10,Never-married,Farming-fishing,Not-in-family,White,Male,0,0,40,United-States,41464
39,Local-gov,14,Married-civ-spouse,Prof-specialty,Husband,White,Male,0,0,40,United-States,84618
55,Self-emp-not-inc,5,Married-civ-spouse,Farming-fishing,Husband,White,Male,0,0,25,United-States,35778
24,Private,10,Never-married,Adm-clerical,Own-child,White,Female,0,0,40,United-States,29205
35,Private,9,Never-married,Sales,Not-in-family,White,Male,0,0,40,United-States,33350
32,Self-emp-not-inc,8,Married-civ-spouse,Craft-repair,Husband,White,Male,0,0,40,United-States,45220
29,Private,7,Married-civ-spouse,Transport-moving,Husband,White,Male,0,0,60,United-States,25096
24,Self-emp-not-inc,13,Never-married,Sales,Not-in-family,White,Male,0,0,40,United-States,19904
61,Private,5,Married-civ-spouse,Machine-op-inspct,Husband,White,Male,0,0,40,United-States,22403
34,Private,9,Married-civ-spouse,Machine-op-inspct,Husband,White,Male,0,0,44,United-States,71849
20,Private,10,Never-married,Machine-op-inspct,Own-child,White,Male,0,0,36,United-States,33308
41,Private,9,Never-married,Sales,Own-child,White,Female,0,0,40,United-States,37444
36,Self-emp-not-inc,9,Married-civ-spouse,Farming-fishing,Husband,White,Male,0,0,84,United-States,35796
61,Self-emp-not-inc,9,Married-civ-spouse,Craft-repair,Husband,White,Male,0,0,52,United-States,144145
35,Private,15,Married-civ-spouse,Sales,Husband,Asian-Pac-Islander,Male,0,0,35,China,27003
42,State-gov,13,Married-civ-spouse,Exec-managerial,Husband,White,Male,0,0,50,United-States,87846
26,Private,13,Never-married,Tech-support,Not-in-family,White,Male,0,0,40,United-States,21417
44,Local-gov,10,Never-married,Other-service,Unmarried,Black,Female,0,0,40,United-States,29042
31,State-gov,14,Never-married,Adm-clerical,Not-in-family,White,Male,0,0,25,United-States,50000
39,State-gov,9,Never-married,Other-service,Not-in-family,Black,Male,0,0,40,United-States,15187
20,Private,10,Never-married,Tech-support,Own-child,White,Female,0,0,24,United-States,16192
32,Self-emp-inc,10,Married-civ-spouse,Craft-repair,Husband,White,Male,0,0,40,United-States,50000
32,Self-emp-not-inc,9,Married-civ-spouse,Sales,Husband,White,Male,0,0,40,United-States,22684
61,Private,5,Married-civ-spouse,Machine-op-inspct,Husband,Black,Male,0,0,20,Trinadad&Tobago,27335
54,Local-gov,10,Divorced,Adm-clerical,Unmarried,White,Female,0,0,40,United-States,30686
23,Private,12,Never-married,Craft-repair,Other-relative,White,Male,0,0,40,United-States,29272
19,Private,9,Never-married,Sales,Own-child,White,Male,0,0,3,United-States,21488
31,Private,10,Married-civ-spouse,Prof-specialty,Husband,Amer-Indian-Eskimo,Male,0,0,40,United-States,19858
35,Private,3,Married-civ-spouse,Handlers-cleaners,Husband,White,Male,0,0,40,Mexico,26328
29,Private,9,Divorced,Other-service,Not-in-family,White,Female,0,0,25,United-States,27301
29,Local-gov,9,Never-married,Protective-serv,Not-in-family,Black,Female,0,0,40,United-States,18482
25,Private,6,Separated,Other-service,Own-child,White,Female,0,0,25,United-States,32118
46,Private,13,Divorced,Sales,Not-in-family,White,Female,0,0,40,United-States,21235
35,Private,11,Never-married,Other-service,Unmarried,White,Female,0,0,30,United-States,26193
20,Private,6,Never-married,Sales,Not-in-family,Other,Male,0,0,40,United-States,22342
24,Self-emp-not-inc,9,Married-civ-spouse,Adm-clerical,Wife,White,Female,0,0,40,United-States,26900
48,Private,9,Divorced,Adm-clerical,Unmarried,White,Female,0,0,37,United-States,29692
37,Private,9,Divorced,Machine-op-inspct,Not-in-family,White,Female,0,0,40,United-States,50000
60,Self-emp-not-inc,9,Married-civ-spouse,Sales,Husband,White,Male,0,0,40,United-States,15000
39,Private,9,Married-civ-spouse,Craft-repair,Husband,White,Male,0,0,40,United-States,50000
29,Local-gov,10,Separated,Adm-clerical,Unmarried,White,Female,0,0,38,United-States,35301
31,Self-emp-not-inc,11,Divorced,Craft-repair,Own-child,White,Male,0,0,20,United-States,33264
26,Self-emp-not-inc,12,Never-married,Craft-repair,Not-in-family,White,Male,0,0,40,United-States,20137
46,Private,11,Divorced,Protective-serv,Not-in-family,Black,Male,0,0,40,United-States,20860
69,Private,9,Married-civ-spouse,Protective-serv,Husband,White,Male,0,0,8,United-States,36788
48,Private,9,Divorced,Machine-op-inspct,Not-in-family,White,Female,0,0,55,United-States,50000
46,Private,9,Divorced,Sales,Other-relative,White,Female,0,0,40,United-States,42346
39,Self-emp-not-inc,9,Married-civ-spouse,Sales,Wife,Black,Female,0,0,54,Dominican-Republic,50001
50,Federal-gov,14,Married-civ-spouse,Tech-support,Husband,White,Male,0,0,40,United-States,110904
24,Private,13,Never-married,Prof-specialty,Not-in-family,White,Female,0,0,40,United-States,46369
30,Private,11,Married-civ-spouse,Tech-support,Other-relative,White,Female,0,0,40,Canada,73059
29,Self-emp-not-inc,9,Married-civ-spouse,Craft-repair,Husband,White,Male,0,0,40,United-States,16570
23,Private,7,Never-married,Transport-moving,Own-child,White,Female,0,0,38,United-States,50000
21,Private,11,Never-married,Transport-moving,Not-in-family,White,Male,0,0,40,United-States,31422
32,Private,6,Separated,Craft-repair,Not-in-family,White,Male,0,0,40,United-States,37547
55,Private,9,Separated,Handlers-cleaners,Unmarried,White,Male,0,0,40,United-States,27769
41,Private,10,Married-civ-spouse,Sales,Husband,White,Male,0,0,50,United-States,32379
18,Private,7,Never-married,Adm-clerical,Not-in-family,White,Male,0,0,40,United-States,37115
74,Self-emp-not-inc,13,Married-civ-spouse,Exec-managerial,Husband,White,Male,0,0,10,United-States,19217
40,Private,16,Married-civ-spouse,Prof-specialty,Husband,White,Male,0,0,40,United-States,77341
27,Private,9,Married-civ-spouse,Craft-repair,Husband,White,Male,0,0,40,United-States,49607
55,Private,9,Divorced,Adm-clerical,Not-in-family,White,Female,0,0,40,United-States,20012
52,Self-emp-not-inc,4,Married-civ-spouse,Craft-repair,Husband,Amer-Indian-Eskimo,Male,0,0,40,United-States,33955
54,Private,10,Divorced,Sales,Unmarried,White,Female,0,0,48,United-States,27899
36,Private,9,Divorced,Craft-repair,Unmarried,White,Male,0,0,48,United-States,38479
76,Private,10,Married-civ-spouse,Craft-repair,Husband,White,Male,0,0,8,United-States,26330
26,Private,9,Never-married,Handlers-cleaners,Own-child,White,Female,0,0,40,United-States,18354
18,Private,7,Never-married,Craft-repair,Own-child,White,Male,0,0,20,United-States,33369
38,Private,9,Divorced,Exec-managerial,Not-in-family,White,Male,0,0,50,United-States,25335
19,Private,10,Never-married,Exec-managerial,Own-child,White,Female,0,0,25,United-States,43192
32,Private,10,Married-civ-spouse,Exec-managerial,Husband,White,Male,0,0,60,United-States,50001
57,Private,13,Married-civ-spouse,Sales,Husband,White,Male,0,0,40,United-States,137956
20,Private,9,Never-married,Protective-serv,Own-child,Black,Male,0,0,40,United-States,33160
27,Private,10,Never-married,Adm-clerical,Not-in-family,White,Female,0,0,40,United-States,50000
60,Private,3,Divorced,Machine-op-inspct,Not-in-family,White,Female,0,0,40,Puerto-Rico,20893
52,Private,9,Divorced,Craft-repair,Unmarried,White,Female,0,0,50,United-States,17582
61,Private,4,Married-civ-spouse,Transport-moving,Husband,White,Male,0,0,40,United-States,38778
57,Self-emp-not-inc,9,Widowed,Craft-repair,Not-in-family,White,Male,0,0,55,United-States,50001
19,Self-emp-not-inc,10,Never-married,Craft-repair,Own-child,White,Male,0,0,40,United-States,31378
59,Self-emp-not-inc,15,Married-civ-spouse,Sales,Husband,White,Male,0,0,25,United-States,28089
34,Self-emp-not-inc,9,Never-married,Craft-repair,Not-in-family,White,Male,0,0,45,United-States,89250
31,Private,12,Married-civ-spouse,Craft-repair,Not-in-family,Asian-Pac-Islander,Male,0,0,50,United-States,72511
42,Private,9,Divorced,Protective-serv,Not-in-family,Black,Male,0,0,35,United-States,25926
70,Private,10,Never-married,Adm-clerical,Not-in-family,White,Female,0,0,6,United-States,42349
47,Private,13,Married-civ-spouse,Adm-clerical,Husband,Asian-Pac-Islander,Male,0,0,40,United-States,50001
29,Private,10,Married-civ-spouse,Transport-moving,Husband,White,Male,0,0,45,United-States,101267
27,Private,7,Never-married,Handlers-cleaners,Other-relative,Black,Male,0,0,40,United-States,31927
25,Private,8,Married-civ-spouse,Other-service,Wife,White,Female,0,0,40,United-States,35425
28,Private,9,Never-married,Other-service,Own-child,Black,Female,0,0,40,United-States,27445
35,Private,13,Married-civ-spouse,Craft-repair,Husband,White,Male,0,0,40,United-States,26570
36,Self-emp-not-inc,10,Married-civ-spouse,Craft-repair,Husband,White,Male,0,0,60,United-States,86065
54,Self-emp-not-inc,14,Never-married,Craft-repair,Not-in-family,White,Female,0,0,40,United-States,31526
46,Private,11,Married-civ-spouse,Craft-repair,Husband,White,Male,0,0,40,United-States,42850
52,Private,11,Separated,Other-service,Unmarried,White,Female,0,0,35,United-States,33211
65,Private,4,Married-civ-spouse,Machine-op-inspct,Husband,White,Male,0,0,40,United-States,37889
43,Private,11,Divorced,Machine-op-inspct,Not-in-family,White,Male,0,0,40,United-States,33542
41,Local-gov,9,Divorced,Prof-specialty,Unmarried,Asian-Pac-Islander,Female,0,0,40,United-States,36851
47,Self-emp-not-inc,13,Married-civ-spouse,Exec-managerial,Husband,White,Male,0,0,30,United-States,41438
49,Federal-gov,14,Never-married,Exec-managerial,Not-in-family,White,Male,0,0,56,United-States,159344
21,Private,10,Never-married,Other-service,Not-in-family,White,Female,0,0,25,United-States,50000
20,Private,10,Never-married,Other-service,Not-in-family,White,Female,0,0,25,United-States,45537
18,Local-gov,8,Never-married,Protective-serv,Own-child,White,Male,0,0,40,United-States,21272
27,Private,10,Never-married,Sales,Not-in-family,Black,Male,0,0,40,United-States,50000
34,Self-emp-not-inc,9,Married-civ-spouse,Craft-repair,Husband,White,Male,0,0,50,United-States,43265
38,Private,10,Divorced,Adm-clerical,Unmarried,White,Female,0,0,40,United-States,50000
24,Private,9,Never-married,Adm-clerical,Not-in-family,White,Male,0,0,40,United-States,34611
34,Private,10,Never-married,Sales,Not-in-family,White,Male,0,0,65,United-States,42619
47,Private,9,Married-civ-spouse,Machine-op-inspct,Husband,White,Male,0,0,50,United-States,50001
27,Federal-gov,9,Separated,Exec-managerial,Unmarried,Black,Female,0,0,40,United-States,33118
63,Private,11,Widowed,Adm-clerical,Unmarried,White,Female,0,0,8,United-States,21558
34,Private,10,Married-civ-spouse,Adm-clerical,Husband,Black,Male,0,0,40,United-States,166340
25,Private,10,Married-spouse-absent,Sales,Not-in-family,White,Male,0,0,50,United-States,23056
19,Private,10,Never-married,Sales,Own-child,White,Female,0,0,35,United-States,28249
35,Private,9,Divorced,Sales,Not-in-family,White,Female,0,0,50,United-States,15000
24,Private,10,Married-civ-spouse,Transport-moving,Husband,White,Male,0,0,70,United-States,51891
26,Private,10,Never-married,Adm-clerical,Own-child,Asian-Pac-Islander,Female,0,0,35,United-States,28531
59,Local-gov,11,Divorced,Adm-clerical,Not-in-family,White,Female,0,0,40,United-States,50000
43,Private,16,Married-spouse-absent,Prof-specialty,Not-in-family,White,Female,0,0,40,United-States,28960
20,Private,10,Never-married,Other-service,Own-child,White,Female,0,0,40,United-States,45235
41,Private,9,Married-civ-spouse,Farming-fishing,Husband,White,Male,0,0,40,United-States,44338
51,Private,10,Married-civ-spouse,Sales,Husband,White,Male,0,0,40,United-States,29220
27,Private,9,Never-married,Adm-clerical,Unmarried,Other,Female,0,0,40,United-States,44896
36,Private,9,Married-civ-spouse,Exec-managerial,Husband,White,Male,0,0,40,United-States,38958
25,Private,10,Never-married,Farming-fishing,Own-child,White,Male,0,0,60,United-States,28394
55,Private,13,Married-civ-spouse,Sales,Husband,White,Male,0,0,50,United-States,50001
22,Local-gov,10,Never-married,Prof-specialty,Not-in-family,White,Female,0,0,21,United-States,24936
39,Private,11,Married-civ-spouse,Adm-clerical,Wife,White,Female,0,0,20,United-States,50001
40,Private,5,Never-married,Machine-op-inspct,Unmarried,Black,Female,0,0,40,Haiti,45833
46,Private,9,Divorced,Exec-managerial,Not-in-family,White,Male,0,0,45,United-States,27396
54,Federal-gov,9,Never-married,Adm-clerical,Unmarried,White,Female,0,0,20,United-States,37323
19,Private,10,Never-married,Sales,Own-child,Black,Male,0,0,30,United-States,36444
24,Private,9,Married-civ-spouse,Adm-clerical,Husband,White,Male,0,0,40,United-States,43809
53,Private,9,Married-civ-spouse,Adm-clerical,Husband,White,Male,0,0,40,United-States,32287
24,State-gov,14,Never-married,Prof-specialty,Not-in-family,White,Male,0,0,13,United-States,50000
29,Self-emp-not-inc,9,Never-married,Farming-fishing,Own-child,White,Male,0,0,65,United-States,29814
54,Self-emp-not-inc,9,Married-civ-spouse,Farming-fishing,Husband,White,Male,0,0,40,United-States,149168
21,Self-emp-not-inc,10,Never-married,Farming-fishing,Not-in-family,White,Female,0,0,30,United-States,50000
34,Private,5,Separated,Craft-repair,Not-in-family,White,Male,0,0,40,United-States,34631
56,Private,7,Divorced,Machine-op-inspct,Not-in-family,White,Female,0,0,40,United-States,50000
19,Private,6,Never-married,Sales,Unmarried,Black,Female,0,0,40,United-States,30764
32,Self-emp-inc,9,Married-civ-spouse,Sales,Husband,White,Male,0,0,65,United-States,85026
48,Private,9,Divorced,Adm-clerical,Unmarried,White,Female,0,0,52,United-States,30748
67,Private,14,Married-civ-spouse,Adm-clerical,Husband,Black,Male,0,0,40,United-States,57157
47,Private,9,Married-civ-spouse,Transport-moving,Husband,White,Male,0,0,25,United-States,30460
52,Private,9,Married-civ-spouse,Transport-moving,Husband,White,Male,0,0,60,United-States,141947
40,Private,2,Married-spouse-absent,Machine-op-inspct,Unmarried,White,Female,0,0,40,Dominican-Republic,28673
28,Private,6,Married-civ-spouse,Craft-repair,Husband,White,Male,0,0,50,United-States,27903
57,Private,2,Divorced,Craft-repair,Unmarried,White,Male,0,0,40,Portugal,21567
51,Private,9,Divorced,Adm-clerical,Not-in-family,White,Female,0,0,40,United-States,40504
26,Private,7,Never-married,Adm-clerical,Not-in-family,White,Female,0,0,35,Germany,18602
36,Private,13,Married-civ-spouse,Prof-specialty,Husband,Asian-Pac-Islander,Male,0,0,45,Germany,43984
33,Private,10,Married-civ-spouse,Exec-managerial,Husband,White,Male,0,0,50,United-States,93974
46,Private,13,Married-civ-spouse,Craft-repair,Husband,White,Male,0,0,45,United-States,50001
50,Private,9,Divorced,Adm-clerical,Other-relative,Asian-Pac-Islander,Female,0,0,40,Philippines,29751
33,Private,10,Married-spouse-absent,Craft-repair,Not-in-family,White,Male,0,0,40,Philippines,47052
67,Private,9,Widowed,Craft-repair,Unmarried,White,Male,0,0,3,United-States,42593
35,Private,12,Divorced,Handlers-cleaners,Unmarried,White,Female,0,0,24,United-States,35761
23,Private,6,Never-married,Craft-repair,Own-child,Black,Female,0,0,40,United-States,47064
41,Private,9,Married-civ-spouse,Transport-moving,Husband,White,Male,0,0,50,United-States,112711
60,Private,12,Married-civ-spouse,Adm-clerical,Husband,White,Male,0,0,35,United-States,84940
32,Private,13,Never-married,Adm-clerical,Not-in-family,White,Male,0,0,55,United-States,27637
56,Federal-gov,9,Married-civ-spouse,Transport-moving,Husband,Amer-Indian-Eskimo,Male,0,0,40,United-States,26840
45,State-gov,11,Divorced,Tech-support,Unmarried,White,Female,0,0,40,United-States,17842
24,Private,9,Divorced,Exec-managerial,Not-in-family,White,Female,0,0,45,United-States,250000
18,Private,6,Never-married,Handlers-cleaners,Own-child,White,Male,0,0,27,United-States,40519
31,Private,9,Married-civ-spouse,Other-service,Husband,Other,Male,0,0,40,United-States,42584
21,Private,10,Never-married,Other-service,Own-child,White,Male,0,0,50,United-States,24136
23,Private,10,Never-married,Other-service,Not-in-family,White,Female,0,0,40,United-States,40902
45,State-gov,10,Married-civ-spouse,Exec-managerial,Husband,White,Male,0,0,40,United-States,32533
18,Private,7,Never-married,Sales,Other-relative,Amer-Indian-Eskimo,Female,0,0,25,United-States,15129
25,Private,9,Married-civ-spouse,Transport-moving,Husband,Black,Male,0,0,30,United-States,50000
31,State-gov,9,Married-civ-spouse,Sales,Husband,White,Male,0,0,40,United-States,22199
19,Private,9,Never-married,Machine-op-inspct,Other-relative,White,Male,0,0,45,United-States,29466
41,Private,13,Married-civ-spouse,Exec-managerial,Husband,White,Male,0,0,40,United-States,50001
74,Private,15,Widowed,Adm-clerical,Not-in-family,Black,Female,0,0,20,United-States,15784
27,Private,3,Never-married,Transport-moving,Not-in-family,White,Male,0,0,40,Mexico,50000
23,Private,9,Never-married,Adm-clerical,Not-in-family,White,Female,0,0,40,United-States,24594
31,Private,11,Married-civ-spouse,Sales,Husband,White,Male,0,0,40,United-States,67219
40,Self-emp-inc,9,Married-civ-spouse,Handlers-cleaners,Husband,White,Male,0,0,40,United-States,50000
41,Federal-gov,9,Married-civ-spouse,Transport-moving,Husband,White,Male,0,0,40,United-States,82566
25,Private,14,Never-married,Sales,Not-in-family,White,Male,0,0,20,United-States,30029
42,Private,9,Married-civ-spouse,Craft-repair,Husband,Amer-Indian-Eskimo,Male,0,0,60,United-States,23971
24,Private,13,Never-married,Craft-repair,Not-in-family,White,Female,0,0,40,United-States,26628
42,Private,12,Married-civ-spouse,Craft-repair,Husband,White,Male,0,0,50,United-States,88764
45,Self-emp-not-inc,6,Married-civ-spouse,Craft-repair,Husband,White,Male,0,0,70,United-States,23199
34,Private,11,Divorced,Craft-repair,Not-in-family,White,Male,0,0,40,United-States,28099
32,Private,9,Never-married,Handlers-cleaners,Other-relative,White,Male,0,0,60,United-States,28378
54,Private,9,Married-civ-spouse,Craft-repair,Husband,White,Male,0,0,45,United-States,26244
